id_client,region,age,genre,niveau_education,activite,revenu_mensuel_ghs,montant_credit_ghs,duree_mois,historique_remboursement,zone_rurale,nbr_dependants,garantie_type,defaut_paiement
GH000000,Eastern,58,M,Secondaire,Transport,3050,3400,18,Bon,0,3,Épargne,0
GH000001,Northern,48,M,Primaire,Artisanat,2440,1700,12,Bon,0,6,Épargne,0
GH000002,Volta,34,M,Aucun,Pêche,3920,1400,12,Bon,1,0,Bien immobilier,0
GH000003,Volta,62,F,Secondaire,Transport,590,1300,18,Excellent,1,6,Épargne,1
GH000004,Greater Accra,27,F,Superieur,Commerce,840,1700,24,Moyen,1,4,Épargne,0
GH000005,Northern,40,M,Aucun,Services,200,1200,24,Excellent,0,5,Épargne,1
GH000006,Greater Accra,58,F,Superieur,Pêche,2170,3300,12,Bon,1,6,Bien immobilier,0
GH000007,Ashanti,38,F,Primaire,Artisanat,260,1300,18,Bon,0,4,Garant,0
GH000008,Greater Accra,42,M,Superieur,Services,790,7600,18,Excellent,0,4,Bien immobilier,0
GH000009,Volta,30,F,Secondaire,Commerce,280,6800,12,Excellent,1,3,Épargne,1
GH000010,Ashanti,30,F,Superieur,Services,420,800,12,Bon,0,1,Aucune,0
GH000011,Ashanti,43,F,Secondaire,Transport,340,1900,12,Excellent,1,1,Épargne,0
GH000012,Greater Accra,55,F,Aucun,Artisanat,410,1000,18,Bon,1,4,Épargne,0
GH000013,Ashanti,59,F,Aucun,Transport,430,1300,24,Excellent,1,1,Bien immobilier,0
GH000014,Western,43,M,Secondaire,Artisanat,430,11000,24,Premier,1,5,Garant,0
GH000015,Ashanti,22,F,Aucun,Agriculture,1300,1400,18,Premier,0,6,Aucune,0
GH000016,Western,41,F,Primaire,Commerce,270,2500,12,Bon,0,1,Épargne,0
GH000017,Western,21,M,Superieur,Artisanat,790,2900,18,Bon,0,1,Épargne,0
GH000018,Western,43,M,Primaire,Restauration,1760,700,24,Excellent,0,3,Garant,0
GH000019,Central,63,F,Primaire,Restauration,440,800,18,Premier,1,7,Bien immobilier,0
GH000020,Northern,49,F,Primaire,Services,370,600,12,Bon,0,6,Aucune,0
GH000021,Volta,57,M,Secondaire,Services,550,800,24,Moyen,1,4,Épargne,0
GH000022,Central,21,F,Primaire,Transport,1710,500,24,Mauvais,1,7,Bien immobilier,0
GH000023,Volta,40,F,Primaire,Artisanat,780,3000,24,Premier,1,6,Épargne,0
GH000024,Volta,52,F,Superieur,Services,430,11500,24,Mauvais,1,5,Épargne,0
GH000025,Ashanti,31,F,Secondaire,Agriculture,980,2100,12,Moyen,0,6,Épargne,0
GH000026,Northern,41,F,Secondaire,Transport,280,500,24,Mauvais,1,7,Garant,0
GH000027,Volta,63,F,Secondaire,Artisanat,1150,1000,18,Mauvais,1,5,Épargne,0
GH000028,Northern,44,F,Primaire,Services,920,1200,6,Bon,1,6,Épargne,0
GH000029,Northern,46,F,Secondaire,Services,520,700,18,Premier,1,7,Épargne,0
GH000030,Greater Accra,61,F,Primaire,Restauration,340,3900,12,Moyen,0,6,Garant,0
GH000031,Ashanti,47,M,Aucun,Commerce,330,3700,12,Bon,0,4,Épargne,0
GH000032,Central,35,M,Primaire,Services,1020,600,36,Bon,1,5,Bien immobilier,0
GH000033,Northern,34,M,Primaire,Agriculture,1780,3500,6,Moyen,1,2,Épargne,0
GH000034,Volta,63,F,Primaire,Artisanat,400,7100,24,Bon,0,2,Épargne,0
GH000035,Northern,22,F,Primaire,Services,960,10000,12,Mauvais,0,1,Aucune,0
GH000036,Volta,56,F,Secondaire,Restauration,200,23800,12,Excellent,0,7,Épargne,0
GH000037,Eastern,26,F,Primaire,Services,420,800,12,Premier,1,6,Épargne,0
GH000038,Northern,40,F,Secondaire,Services,650,23000,18,Bon,1,7,Aucune,0
GH000039,Northern,28,M,Secondaire,Commerce,320,1300,12,Excellent,0,4,Épargne,0
GH000040,Eastern,58,M,Superieur,Restauration,310,1100,36,Mauvais,1,1,Garant,0
GH000041,Ashanti,37,F,Aucun,Transport,390,2400,18,Excellent,0,7,Garant,0
GH000042,Central,23,F,Secondaire,Agriculture,840,1100,18,Mauvais,0,7,Épargne,0
GH000043,Western,44,F,Secondaire,Transport,570,2600,6,Bon,0,3,Épargne,0
GH000044,Central,33,M,Superieur,Pêche,200,600,12,Premier,0,4,Aucune,0
GH000045,Ashanti,28,M,Primaire,Artisanat,200,1500,24,Excellent,0,5,Épargne,0
GH000046,Central,45,F,Primaire,Transport,410,5800,12,Excellent,0,3,Épargne,0
GH000047,Eastern,21,F,Primaire,Commerce,960,1700,6,Premier,1,3,Épargne,0
GH000048,Northern,39,F,Primaire,Agriculture,200,2100,12,Excellent,0,4,Épargne,0
GH000049,Northern,47,F,Secondaire,Services,450,2800,24,Premier,0,1,Épargne,0
GH000050,Western,26,M,Secondaire,Services,440,5200,12,Mauvais,1,2,Bien immobilier,0
GH000051,Ashanti,63,F,Primaire,Agriculture,2020,500,12,Excellent,1,1,Bien immobilier,0
GH000052,Northern,27,M,Primaire,Services,490,3100,18,Bon,1,2,Garant,1
GH000053,Ashanti,54,M,Primaire,Services,900,1400,24,Excellent,0,0,Épargne,0
GH000054,Greater Accra,33,F,Aucun,Pêche,740,2100,6,Bon,1,2,Bien immobilier,0
GH000055,Volta,36,F,Superieur,Pêche,200,4700,12,Bon,0,4,Bien immobilier,0
GH000056,Western,55,F,Superieur,Artisanat,1230,600,6,Bon,0,2,Bien immobilier,0
GH000057,Volta,59,F,Primaire,Transport,790,700,6,Premier,0,0,Épargne,0
GH000058,Ashanti,23,M,Primaire,Artisanat,1000,500,12,Excellent,0,5,Épargne,0
GH000059,Central,21,M,Superieur,Transport,15000,1100,12,Bon,0,5,Bien immobilier,0
GH000060,Central,25,M,Aucun,Transport,200,6000,12,Bon,1,2,Garant,1
GH000061,Central,61,F,Secondaire,Services,2640,1600,12,Excellent,0,1,Bien immobilier,0
GH000062,Central,23,M,Superieur,Agriculture,530,500,12,Moyen,1,2,Bien immobilier,0
GH000063,Ashanti,48,F,Secondaire,Transport,840,1200,24,Bon,1,4,Aucune,1
GH000064,Eastern,37,M,Aucun,Artisanat,640,500,12,Premier,0,7,Épargne,0
GH000065,Western,45,F,Primaire,Artisanat,470,700,12,Moyen,1,4,Bien immobilier,0
GH000066,Central,63,F,Superieur,Pêche,420,2600,12,Bon,0,3,Aucune,0
GH000067,Ashanti,53,F,Aucun,Agriculture,870,600,12,Moyen,0,1,Épargne,0
GH000068,Northern,29,M,Primaire,Restauration,200,4900,18,Mauvais,1,1,Aucune,1
GH000069,Northern,55,F,Secondaire,Restauration,1210,1700,24,Mauvais,0,2,Bien immobilier,0
GH000070,Ashanti,33,F,Secondaire,Commerce,480,2000,12,Bon,0,2,Garant,1
GH000071,Central,50,F,Primaire,Pêche,270,1400,24,Bon,0,7,Bien immobilier,0
GH000072,Greater Accra,34,F,Primaire,Commerce,460,3600,18,Bon,1,4,Aucune,0
GH000073,Ashanti,27,M,Secondaire,Agriculture,1820,3700,12,Bon,0,7,Garant,0
GH000074,Western,33,F,Primaire,Services,430,2400,12,Bon,1,3,Bien immobilier,0
GH000075,Western,42,F,Primaire,Restauration,890,3000,18,Moyen,0,0,Garant,0
GH000076,Greater Accra,59,F,Secondaire,Services,370,1500,36,Excellent,1,2,Épargne,0
GH000077,Northern,40,F,Primaire,Restauration,1220,2900,12,Bon,1,1,Garant,0
GH000078,Northern,35,M,Aucun,Restauration,1150,1300,12,Excellent,1,5,Garant,1
GH000079,Ashanti,64,M,Primaire,Commerce,2920,1800,24,Excellent,1,2,Garant,0
GH000080,Greater Accra,37,M,Primaire,Services,580,1400,12,Bon,0,7,Épargne,0
GH000081,Ashanti,43,F,Secondaire,Artisanat,1140,1200,18,Moyen,1,6,Aucune,0
GH000082,Ashanti,45,M,Secondaire,Commerce,720,1000,6,Premier,1,3,Garant,0
GH000083,Greater Accra,44,F,Secondaire,Services,1880,2800,6,Bon,0,1,Bien immobilier,0
GH000084,Northern,64,F,Secondaire,Restauration,370,5900,12,Bon,0,7,Bien immobilier,0
GH000085,Volta,60,F,Secondaire,Pêche,1210,5200,18,Mauvais,0,5,Garant,0
GH000086,Eastern,48,M,Primaire,Pêche,570,600,6,Excellent,1,5,Garant,0
GH000087,Central,34,M,Primaire,Transport,630,5800,18,Excellent,0,3,Garant,0
GH000088,Central,64,F,Secondaire,Services,720,1400,6,Bon,1,1,Épargne,0
GH000089,Central,20,M,Aucun,Commerce,810,3100,12,Bon,1,2,Épargne,0
GH000090,Greater Accra,44,M,Primaire,Transport,610,800,12,Moyen,0,3,Garant,0
GH000091,Ashanti,26,M,Primaire,Transport,790,2100,18,Premier,1,4,Bien immobilier,0
GH000092,Volta,28,F,Secondaire,Commerce,2350,2400,24,Bon,1,1,Épargne,0
GH000093,Volta,43,M,Primaire,Transport,1460,500,6,Bon,0,3,Garant,0
GH000094,Ashanti,20,M,Secondaire,Agriculture,1330,3100,12,Excellent,1,3,Épargne,0
GH000095,Western,63,M,Primaire,Commerce,460,6100,24,Bon,1,7,Épargne,1
GH000096,Volta,27,M,Superieur,Transport,330,1500,12,Premier,1,0,Épargne,0
GH000097,Ashanti,43,M,Primaire,Transport,1430,6100,12,Bon,0,0,Épargne,0
GH000098,Northern,30,M,Secondaire,Commerce,1340,1500,12,Excellent,0,5,Garant,0
GH000099,Eastern,36,F,Aucun,Restauration,2160,3900,36,Bon,1,2,Garant,0
GH000100,Central,27,M,Primaire,Transport,410,500,24,Bon,1,4,Garant,0
GH000101,Volta,54,F,Superieur,Artisanat,550,15900,6,Bon,0,4,Bien immobilier,1
GH000102,Northern,54,M,Primaire,Restauration,200,6900,18,Bon,1,3,Aucune,0
GH000103,Northern,52,F,Primaire,Artisanat,490,1400,24,Moyen,0,3,Garant,0
GH000104,Volta,24,F,Secondaire,Restauration,1480,500,12,Bon,0,6,Aucune,0
GH000105,Volta,61,F,Aucun,Services,460,2300,12,Moyen,1,5,Aucune,0
GH000106,Eastern,58,F,Secondaire,Restauration,1110,500,12,Mauvais,0,3,Épargne,0
GH000107,Central,60,M,Primaire,Agriculture,570,2700,6,Mauvais,0,1,Aucune,0
GH000108,Volta,47,M,Primaire,Transport,860,2600,18,Excellent,1,2,Épargne,0
GH000109,Greater Accra,26,M,Secondaire,Services,270,800,12,Moyen,1,2,Épargne,0
GH000110,Eastern,28,M,Secondaire,Artisanat,710,5000,12,Moyen,1,0,Bien immobilier,1
GH000111,Northern,27,M,Primaire,Restauration,200,3700,12,Excellent,1,5,Épargne,0
GH000112,Volta,31,F,Secondaire,Restauration,570,4400,18,Mauvais,0,3,Garant,0
GH000113,Ashanti,53,M,Secondaire,Artisanat,200,1800,18,Excellent,0,3,Aucune,0
GH000114,Central,52,M,Secondaire,Services,1750,500,18,Moyen,1,1,Garant,0
GH000115,Western,42,M,Primaire,Agriculture,1240,4400,24,Excellent,0,3,Garant,0
GH000116,Eastern,43,F,Primaire,Artisanat,970,1400,6,Moyen,1,7,Aucune,0
GH000117,Northern,56,F,Primaire,Agriculture,2250,500,18,Excellent,0,3,Garant,0
GH000118,Greater Accra,54,F,Primaire,Services,310,6100,18,Bon,0,7,Bien immobilier,0
GH000119,Northern,63,F,Aucun,Agriculture,2690,12000,12,Excellent,0,2,Garant,0
GH000120,Western,59,M,Primaire,Pêche,1400,1700,6,Bon,0,6,Garant,0
GH000121,Volta,41,F,Secondaire,Agriculture,550,12600,12,Premier,1,3,Garant,0
GH000122,Volta,46,M,Secondaire,Pêche,1650,2000,24,Excellent,0,5,Garant,0
GH000123,Greater Accra,54,F,Primaire,Transport,270,1300,18,Bon,0,7,Bien immobilier,0
GH000124,Central,20,M,Secondaire,Commerce,340,1000,18,Moyen,0,1,Bien immobilier,0
GH000125,Eastern,54,M,Secondaire,Agriculture,410,7900,6,Excellent,0,1,Épargne,1
GH000126,Greater Accra,56,F,Primaire,Artisanat,440,900,36,Excellent,0,4,Épargne,0
GH000127,Western,33,F,Primaire,Pêche,290,3500,12,Excellent,0,4,Garant,0
GH000128,Northern,22,F,Aucun,Services,1770,1100,18,Moyen,1,0,Garant,0
GH000129,Western,20,M,Secondaire,Services,540,1200,24,Premier,1,1,Bien immobilier,0
GH000130,Ashanti,24,F,Primaire,Commerce,880,4600,6,Mauvais,1,5,Épargne,0
GH000131,Greater Accra,45,M,Primaire,Transport,420,1300,18,Premier,1,1,Garant,0
GH000132,Eastern,33,M,Primaire,Commerce,200,1300,6,Bon,0,5,Épargne,0
GH000133,Eastern,58,M,Secondaire,Agriculture,830,5000,6,Premier,1,5,Bien immobilier,0
GH000134,Northern,46,F,Secondaire,Artisanat,200,7600,18,Bon,1,2,Épargne,0
GH000135,Northern,28,F,Primaire,Agriculture,630,3200,12,Bon,0,7,Épargne,0
GH000136,Volta,34,M,Aucun,Restauration,220,1000,12,Bon,0,4,Aucune,0
GH000137,Northern,34,F,Secondaire,Commerce,3260,1100,12,Excellent,0,5,Aucune,0
GH000138,Ashanti,45,M,Superieur,Restauration,1380,1900,12,Mauvais,0,6,Garant,0
GH000139,Western,61,M,Secondaire,Restauration,720,2400,6,Excellent,0,0,Épargne,0
GH000140,Northern,32,F,Superieur,Pêche,1830,700,18,Moyen,1,7,Garant,0
GH000141,Volta,51,F,Aucun,Services,340,3500,6,Bon,1,2,Épargne,0
GH000142,Greater Accra,58,F,Primaire,Restauration,1030,2000,24,Excellent,0,5,Épargne,0
GH000143,Northern,51,F,Secondaire,Commerce,780,500,18,Bon,0,6,Bien immobilier,0
GH000144,Western,23,M,Primaire,Commerce,820,800,12,Bon,0,6,Bien immobilier,0
GH000145,Greater Accra,49,F,Aucun,Artisanat,1840,1100,24,Premier,0,7,Bien immobilier,0
GH000146,Greater Accra,56,F,Primaire,Agriculture,1200,1700,12,Moyen,1,2,Garant,1
GH000147,Greater Accra,42,M,Primaire,Artisanat,840,9900,12,Bon,1,4,Épargne,1
GH000148,Western,58,F,Primaire,Artisanat,200,2200,6,Excellent,0,2,Bien immobilier,0
GH000149,Northern,64,F,Superieur,Services,310,800,12,Bon,0,4,Garant,0
GH000150,Western,34,F,Primaire,Agriculture,600,2200,36,Excellent,1,1,Garant,0
GH000151,Western,62,F,Aucun,Commerce,720,1300,12,Moyen,0,1,Bien immobilier,0
GH000152,Central,48,M,Aucun,Pêche,270,2400,24,Excellent,0,4,Garant,0
GH000153,Volta,55,F,Secondaire,Services,4580,3000,18,Bon,0,5,Garant,0
GH000154,Western,32,M,Secondaire,Restauration,2240,5400,6,Moyen,0,7,Épargne,0
GH000155,Ashanti,51,F,Aucun,Pêche,1080,1800,24,Bon,1,7,Aucune,0
GH000156,Volta,26,F,Primaire,Restauration,700,7900,36,Moyen,1,3,Bien immobilier,0
GH000157,Central,41,M,Secondaire,Agriculture,560,4100,24,Moyen,0,3,Garant,0
GH000158,Greater Accra,47,M,Primaire,Agriculture,310,1000,12,Excellent,0,0,Bien immobilier,0
GH000159,Northern,21,F,Superieur,Artisanat,710,13200,12,Moyen,1,3,Épargne,0
GH000160,Eastern,61,F,Secondaire,Transport,820,2400,12,Moyen,0,0,Bien immobilier,0
GH000161,Northern,64,F,Primaire,Transport,250,900,18,Bon,0,6,Garant,0
GH000162,Central,25,M,Superieur,Agriculture,870,8000,12,Excellent,1,4,Épargne,0
GH000163,Volta,47,F,Primaire,Restauration,590,11700,18,Bon,1,5,Aucune,0
GH000164,Central,47,F,Primaire,Transport,200,1800,18,Premier,1,7,Garant,0
GH000165,Volta,63,F,Primaire,Pêche,330,1100,12,Bon,1,4,Aucune,0
GH000166,Volta,63,M,Secondaire,Services,480,1500,12,Excellent,0,4,Épargne,0
GH000167,Greater Accra,39,F,Primaire,Pêche,3010,3400,36,Excellent,1,0,Épargne,0
GH000168,Western,49,M,Primaire,Pêche,1040,5700,12,Excellent,0,2,Épargne,0
GH000169,Western,30,M,Aucun,Transport,230,3000,12,Excellent,0,0,Garant,0
GH000170,Central,47,F,Secondaire,Services,980,2000,6,Bon,0,7,Épargne,0
GH000171,Western,44,M,Primaire,Pêche,200,7000,12,Bon,0,5,Aucune,0
GH000172,Central,58,M,Primaire,Artisanat,1580,1400,12,Mauvais,0,6,Bien immobilier,0
GH000173,Northern,52,F,Secondaire,Transport,460,4600,6,Mauvais,0,5,Aucune,0
GH000174,Eastern,20,F,Secondaire,Pêche,620,1400,6,Bon,0,6,Épargne,0
GH000175,Northern,46,F,Secondaire,Restauration,1920,2700,18,Mauvais,0,2,Garant,0
GH000176,Eastern,32,F,Primaire,Artisanat,240,1600,12,Bon,0,7,Aucune,0
GH000177,Greater Accra,60,F,Secondaire,Services,220,1700,6,Moyen,0,1,Aucune,0
GH000178,Ashanti,22,M,Primaire,Artisanat,420,1300,24,Excellent,0,1,Aucune,0
GH000179,Ashanti,58,M,Aucun,Transport,1530,6100,18,Excellent,0,2,Garant,0
GH000180,Northern,25,F,Secondaire,Artisanat,200,900,12,Excellent,0,7,Aucune,0
GH000181,Western,27,M,Secondaire,Agriculture,200,900,24,Bon,0,7,Garant,0
GH000182,Ashanti,46,F,Secondaire,Artisanat,460,12200,12,Moyen,1,6,Garant,0
GH000183,Eastern,28,F,Superieur,Restauration,1030,4400,12,Excellent,0,5,Garant,0
GH000184,Greater Accra,56,M,Secondaire,Services,1740,500,24,Excellent,0,6,Garant,0
GH000185,Eastern,52,F,Aucun,Transport,460,1100,12,Premier,1,2,Garant,1
GH000186,Volta,61,F,Superieur,Transport,480,500,24,Moyen,0,6,Garant,0
GH000187,Central,63,M,Primaire,Pêche,1670,800,24,Bon,1,3,Épargne,0
GH000188,Western,43,M,Secondaire,Services,200,500,12,Excellent,1,2,Garant,0
GH000189,Western,34,F,Primaire,Agriculture,490,1600,6,Mauvais,0,2,Épargne,0
GH000190,Ashanti,51,M,Primaire,Pêche,770,600,6,Excellent,1,4,Garant,1
GH000191,Central,51,M,Secondaire,Commerce,950,1900,6,Moyen,1,7,Garant,0
GH000192,Ashanti,43,M,Primaire,Agriculture,440,500,24,Moyen,0,7,Aucune,0
GH000193,Volta,60,F,Secondaire,Services,680,1900,12,Bon,1,0,Garant,0
GH000194,Ashanti,31,F,Secondaire,Restauration,200,1200,6,Premier,1,2,Garant,0
GH000195,Ashanti,58,F,Primaire,Agriculture,390,7000,18,Excellent,0,7,Épargne,0
GH000196,Central,21,F,Secondaire,Artisanat,960,6400,12,Mauvais,0,4,Aucune,0
GH000197,Ashanti,22,F,Secondaire,Agriculture,300,3700,12,Bon,0,2,Bien immobilier,0
GH000198,Volta,56,F,Secondaire,Artisanat,700,1300,12,Moyen,0,7,Aucune,0
GH000199,Western,36,F,Secondaire,Pêche,950,10800,18,Premier,0,3,Garant,0
GH000200,Ashanti,21,M,Primaire,Agriculture,510,500,6,Bon,0,2,Bien immobilier,0
GH000201,Central,21,F,Primaire,Agriculture,760,500,12,Moyen,0,2,Aucune,0
GH000202,Central,47,M,Primaire,Restauration,310,1700,6,Excellent,1,4,Épargne,0
GH000203,Eastern,42,F,Primaire,Commerce,560,13700,18,Mauvais,1,2,Bien immobilier,0
GH000204,Ashanti,56,M,Secondaire,Agriculture,1080,1500,12,Moyen,0,4,Épargne,0
GH000205,Central,51,F,Aucun,Pêche,750,1500,6,Premier,0,6,Aucune,0
GH000206,Northern,52,F,Superieur,Artisanat,420,500,12,Premier,0,7,Garant,0
GH000207,Ashanti,20,M,Secondaire,Pêche,800,4200,18,Excellent,1,0,Aucune,0
GH000208,Greater Accra,38,M,Primaire,Services,1180,4300,12,Bon,0,4,Épargne,0
GH000209,Western,21,M,Aucun,Transport,200,3700,18,Premier,0,5,Bien immobilier,1
GH000210,Western,63,F,Secondaire,Transport,1680,1000,12,Moyen,1,7,Garant,0
GH000211,Northern,45,M,Secondaire,Restauration,510,1000,18,Bon,0,6,Épargne,0
GH000212,Ashanti,51,F,Superieur,Transport,930,600,18,Excellent,0,0,Garant,0
GH000213,Volta,25,M,Primaire,Agriculture,1730,1900,24,Bon,1,5,Garant,1
GH000214,Western,51,M,Aucun,Services,220,700,12,Moyen,0,2,Épargne,0
GH000215,Western,23,F,Superieur,Commerce,380,600,12,Moyen,1,7,Bien immobilier,0
GH000216,Volta,30,F,Primaire,Commerce,530,1200,24,Bon,1,0,Épargne,0
GH000217,Greater Accra,36,M,Secondaire,Agriculture,360,1200,18,Excellent,0,1,Bien immobilier,0
GH000218,Western,57,F,Aucun,Commerce,2660,1100,36,Moyen,1,5,Aucune,0
GH000219,Western,43,F,Secondaire,Pêche,340,2800,6,Premier,0,1,Aucune,0
GH000220,Central,24,M,Aucun,Artisanat,430,1900,18,Bon,1,4,Garant,0
GH000221,Western,53,M,Secondaire,Agriculture,780,1400,12,Premier,0,3,Bien immobilier,0
GH000222,Ashanti,25,F,Secondaire,Transport,250,2100,18,Bon,1,2,Bien immobilier,1
GH000223,Western,41,M,Superieur,Artisanat,480,700,36,Mauvais,1,6,Garant,1
GH000224,Ashanti,30,M,Aucun,Commerce,860,2000,12,Moyen,1,5,Garant,0
GH000225,Western,35,F,Primaire,Restauration,510,2100,18,Premier,1,6,Aucune,0
GH000226,Ashanti,52,M,Aucun,Services,620,500,12,Moyen,0,7,Aucune,0
GH000227,Western,28,M,Superieur,Artisanat,440,4400,12,Bon,0,1,Bien immobilier,1
GH000228,Northern,25,F,Secondaire,Services,200,800,12,Premier,0,7,Aucune,0
GH000229,Ashanti,35,M,Secondaire,Services,860,2000,6,Moyen,0,3,Bien immobilier,0
GH000230,Western,48,F,Aucun,Restauration,2710,5200,12,Excellent,1,4,Garant,0
GH000231,Volta,22,M,Primaire,Pêche,680,4200,12,Excellent,1,0,Garant,0
GH000232,Greater Accra,39,F,Primaire,Restauration,800,1900,12,Bon,0,2,Garant,0
GH000233,Central,55,F,Primaire,Artisanat,1160,1300,12,Moyen,0,5,Garant,0
GH000234,Central,38,M,Secondaire,Artisanat,240,4200,18,Moyen,1,0,Aucune,0
GH000235,Central,45,F,Aucun,Agriculture,2600,3300,12,Bon,0,2,Garant,0
GH000236,Volta,22,F,Secondaire,Transport,780,1000,12,Excellent,1,1,Garant,0
GH000237,Central,38,M,Secondaire,Restauration,2450,900,12,Bon,0,7,Bien immobilier,0
GH000238,Volta,39,F,Superieur,Pêche,370,500,24,Excellent,0,3,Aucune,0
GH000239,Greater Accra,51,F,Secondaire,Agriculture,2850,2100,6,Bon,1,4,Aucune,0
GH000240,Northern,26,F,Primaire,Agriculture,1240,1700,36,Premier,0,7,Garant,0
GH000241,Northern,60,F,Secondaire,Pêche,1040,5000,12,Mauvais,0,2,Aucune,1
GH000242,Greater Accra,52,M,Aucun,Agriculture,800,2500,12,Bon,1,1,Épargne,0
GH000243,Western,59,M,Aucun,Pêche,550,6000,12,Bon,0,5,Garant,0
GH000244,Greater Accra,58,F,Secondaire,Commerce,1740,1000,6,Bon,1,4,Bien immobilier,0
GH000245,Central,37,F,Superieur,Agriculture,740,5000,12,Excellent,1,2,Garant,0
GH000246,Volta,59,M,Aucun,Artisanat,200,1100,12,Premier,1,6,Garant,0
GH000247,Northern,20,F,Aucun,Commerce,270,3600,18,Bon,1,1,Garant,0
GH000248,Eastern,30,M,Secondaire,Agriculture,570,500,6,Bon,0,4,Garant,0
GH000249,Western,47,F,Primaire,Pêche,850,2200,18,Moyen,1,0,Épargne,0
GH000250,Ashanti,44,F,Secondaire,Commerce,640,500,24,Excellent,0,7,Aucune,0
GH000251,Northern,42,F,Primaire,Transport,1760,1400,18,Excellent,1,6,Bien immobilier,0
GH000252,Central,50,F,Aucun,Commerce,200,2700,12,Excellent,0,3,Garant,0
GH000253,Volta,49,M,Secondaire,Artisanat,750,1100,6,Bon,0,3,Aucune,0
GH000254,Northern,61,M,Superieur,Agriculture,200,700,6,Excellent,1,5,Aucune,0
GH000255,Volta,54,F,Secondaire,Agriculture,1220,3900,18,Premier,1,6,Garant,0
GH000256,Central,26,M,Secondaire,Pêche,620,1600,18,Moyen,0,6,Garant,0
GH000257,Central,35,F,Primaire,Commerce,930,1200,12,Mauvais,0,5,Épargne,0
GH000258,Northern,45,F,Superieur,Artisanat,330,1900,6,Mauvais,0,0,Épargne,0
GH000259,Northern,21,F,Primaire,Pêche,1850,19400,12,Moyen,1,7,Épargne,0
GH000260,Northern,20,M,Superieur,Transport,1530,5100,24,Excellent,0,7,Garant,0
GH000261,Greater Accra,31,M,Primaire,Pêche,1060,5100,12,Moyen,0,3,Garant,0
GH000262,Northern,24,F,Primaire,Artisanat,600,2700,36,Excellent,0,3,Garant,0
GH000263,Volta,56,M,Primaire,Agriculture,1060,2100,36,Excellent,0,2,Garant,0
GH000264,Ashanti,51,F,Secondaire,Artisanat,380,500,24,Moyen,0,1,Garant,0
GH000265,Western,28,F,Aucun,Agriculture,1320,1000,12,Moyen,0,0,Bien immobilier,0
GH000266,Central,60,M,Superieur,Restauration,2490,1200,12,Excellent,0,5,Aucune,0
GH000267,Northern,54,M,Primaire,Commerce,1570,500,12,Bon,1,1,Aucune,0
GH000268,Ashanti,38,F,Primaire,Artisanat,370,600,36,Excellent,1,7,Épargne,0
GH000269,Eastern,35,F,Primaire,Transport,890,500,12,Moyen,1,7,Garant,0
GH000270,Volta,22,F,Aucun,Transport,240,1700,18,Premier,1,3,Garant,0
GH000271,Northern,39,F,Secondaire,Services,1050,3800,36,Moyen,1,1,Bien immobilier,0
GH000272,Greater Accra,43,F,Secondaire,Pêche,950,4900,24,Mauvais,0,4,Épargne,0
GH000273,Central,52,F,Secondaire,Agriculture,200,2600,18,Bon,0,0,Bien immobilier,0
GH000274,Ashanti,43,M,Aucun,Commerce,260,800,12,Excellent,1,0,Garant,0
GH000275,Volta,30,F,Superieur,Transport,530,500,12,Moyen,1,6,Bien immobilier,0
GH000276,Northern,27,M,Primaire,Commerce,520,500,12,Bon,0,6,Bien immobilier,0
GH000277,Ashanti,55,F,Superieur,Artisanat,250,600,36,Bon,0,7,Épargne,0
GH000278,Central,57,F,Aucun,Pêche,910,800,24,Moyen,1,0,Épargne,0
GH000279,Ashanti,59,M,Secondaire,Transport,810,1600,12,Premier,0,2,Garant,0
GH000280,Ashanti,39,M,Secondaire,Artisanat,570,700,12,Bon,0,1,Garant,0
GH000281,Volta,54,F,Primaire,Pêche,360,2500,18,Premier,0,1,Bien immobilier,1
GH000282,Northern,44,M,Aucun,Restauration,1540,1500,12,Bon,0,7,Garant,0
GH000283,Northern,54,F,Secondaire,Artisanat,2500,1800,6,Excellent,1,5,Épargne,0
GH000284,Volta,44,M,Aucun,Services,450,5000,12,Bon,0,2,Épargne,0
GH000285,Western,48,F,Secondaire,Agriculture,410,600,36,Mauvais,0,0,Bien immobilier,0
GH000286,Greater Accra,37,M,Secondaire,Artisanat,990,2600,36,Bon,0,2,Garant,0
GH000287,Western,37,F,Secondaire,Artisanat,500,1800,18,Moyen,1,2,Épargne,0
GH000288,Greater Accra,21,M,Superieur,Transport,590,1300,18,Bon,0,3,Garant,1
GH000289,Greater Accra,54,M,Primaire,Services,1200,4000,12,Bon,0,0,Épargne,0
GH000290,Western,35,M,Primaire,Restauration,200,4000,18,Bon,1,5,Bien immobilier,0
GH000291,Volta,60,F,Primaire,Transport,1910,800,6,Excellent,0,4,Garant,0
GH000292,Central,55,M,Secondaire,Restauration,700,1500,12,Bon,1,5,Garant,0
GH000293,Volta,52,F,Superieur,Transport,480,2300,6,Bon,1,3,Épargne,0
GH000294,Ashanti,23,M,Superieur,Artisanat,620,1400,12,Mauvais,0,0,Épargne,0
GH000295,Eastern,52,F,Superieur,Pêche,650,3100,24,Mauvais,0,6,Garant,0
GH000296,Western,33,F,Superieur,Restauration,200,2300,36,Excellent,0,0,Épargne,0
GH000297,Western,40,F,Superieur,Restauration,2200,9400,18,Bon,0,7,Épargne,0
GH000298,Central,39,M,Primaire,Pêche,690,500,18,Bon,1,0,Bien immobilier,0
GH000299,Ashanti,27,F,Superieur,Commerce,950,1600,12,Bon,0,1,Garant,0
GH000300,Northern,26,F,Secondaire,Services,1420,800,12,Moyen,1,0,Bien immobilier,0
GH000301,Volta,22,M,Primaire,Restauration,290,3100,18,Bon,1,0,Aucune,0
GH000302,Western,36,M,Aucun,Restauration,970,500,12,Premier,1,7,Aucune,0
GH000303,Eastern,52,M,Primaire,Pêche,540,2500,6,Premier,0,4,Aucune,0
GH000304,Ashanti,31,M,Secondaire,Pêche,1310,1000,18,Excellent,0,0,Aucune,0
GH000305,Western,41,M,Secondaire,Artisanat,200,900,12,Moyen,0,2,Aucune,0
GH000306,Northern,41,M,Primaire,Services,610,500,6,Excellent,1,0,Aucune,0
GH000307,Western,49,F,Secondaire,Artisanat,410,1200,12,Excellent,0,0,Bien immobilier,0
GH000308,Northern,57,M,Aucun,Commerce,940,4800,6,Premier,1,7,Épargne,0
GH000309,Greater Accra,57,M,Secondaire,Commerce,970,1800,18,Moyen,0,5,Bien immobilier,0
GH000310,Greater Accra,64,M,Secondaire,Commerce,380,3200,18,Bon,1,0,Garant,0
GH000311,Western,27,F,Superieur,Agriculture,380,8100,12,Moyen,0,6,Garant,0
GH000312,Central,46,M,Primaire,Pêche,610,2300,36,Mauvais,0,7,Aucune,0
GH000313,Greater Accra,46,F,Superieur,Restauration,320,1100,24,Mauvais,0,1,Aucune,0
GH000314,Western,53,F,Primaire,Pêche,1300,2800,6,Excellent,0,3,Épargne,0
GH000315,Northern,40,F,Primaire,Pêche,500,1100,18,Mauvais,0,1,Garant,1
GH000316,Ashanti,49,M,Primaire,Commerce,200,1100,12,Mauvais,1,4,Épargne,1
GH000317,Volta,52,F,Secondaire,Pêche,490,500,18,Bon,0,5,Garant,0
GH000318,Northern,47,M,Superieur,Agriculture,290,4200,24,Bon,1,5,Garant,0
GH000319,Eastern,52,F,Secondaire,Transport,200,1300,12,Excellent,1,4,Aucune,0
GH000320,Greater Accra,24,F,Superieur,Restauration,250,2100,18,Excellent,0,2,Aucune,0
GH000321,Volta,38,F,Primaire,Transport,730,700,24,Bon,1,2,Bien immobilier,0
GH000322,Volta,23,F,Primaire,Commerce,1930,2700,12,Mauvais,0,4,Épargne,0
GH000323,Volta,54,F,Secondaire,Services,850,900,6,Mauvais,0,3,Garant,0
GH000324,Western,36,M,Primaire,Artisanat,410,1600,6,Bon,1,7,Garant,0
GH000325,Greater Accra,63,M,Superieur,Services,960,4000,6,Moyen,1,5,Garant,0
GH000326,Northern,47,F,Secondaire,Services,460,3700,6,Moyen,1,7,Aucune,0
GH000327,Northern,49,F,Primaire,Transport,380,1800,12,Bon,1,3,Épargne,0
GH000328,Ashanti,48,F,Secondaire,Restauration,260,500,12,Excellent,1,4,Garant,0
GH000329,Central,25,F,Primaire,Transport,200,26700,6,Bon,1,0,Aucune,0
GH000330,Western,54,M,Aucun,Artisanat,490,8700,18,Excellent,0,1,Garant,0
GH000331,Ashanti,60,F,Secondaire,Artisanat,750,3500,36,Excellent,0,7,Garant,0
GH000332,Eastern,56,F,Secondaire,Pêche,620,900,24,Excellent,0,1,Bien immobilier,0
GH000333,Western,43,M,Superieur,Restauration,480,1600,12,Moyen,0,0,Épargne,0
GH000334,Eastern,48,F,Aucun,Agriculture,310,1100,18,Excellent,1,3,Épargne,0
GH000335,Central,50,F,Secondaire,Pêche,1080,5600,24,Bon,0,1,Épargne,0
GH000336,Western,54,F,Aucun,Artisanat,230,2300,24,Premier,1,1,Épargne,0
GH000337,Western,52,F,Aucun,Transport,1240,900,24,Moyen,0,2,Aucune,0
GH000338,Volta,40,M,Secondaire,Restauration,300,1200,18,Moyen,0,6,Bien immobilier,0
GH000339,Ashanti,51,M,Primaire,Pêche,360,5000,12,Bon,0,7,Épargne,0
GH000340,Greater Accra,42,F,Secondaire,Restauration,210,7600,6,Moyen,0,3,Bien immobilier,0
GH000341,Western,52,F,Secondaire,Transport,450,7200,12,Bon,1,4,Garant,0
GH000342,Central,22,M,Primaire,Commerce,1450,3600,6,Moyen,1,4,Aucune,0
GH000343,Western,37,F,Primaire,Agriculture,1000,1400,36,Bon,0,0,Aucune,0
GH000344,Western,44,F,Aucun,Agriculture,1450,500,12,Bon,1,6,Garant,0
GH000345,Western,61,F,Superieur,Agriculture,1010,2400,36,Premier,0,1,Bien immobilier,0
GH000346,Volta,50,F,Aucun,Artisanat,280,1800,18,Bon,0,4,Épargne,1
GH000347,Western,22,M,Aucun,Artisanat,510,2100,12,Excellent,1,6,Aucune,0
GH000348,Central,59,F,Secondaire,Agriculture,360,1900,6,Bon,1,0,Garant,0
GH000349,Ashanti,43,M,Superieur,Restauration,1930,500,12,Bon,1,6,Épargne,0
GH000350,Greater Accra,51,F,Superieur,Commerce,260,3000,18,Excellent,1,2,Épargne,0
GH000351,Central,41,M,Primaire,Artisanat,1360,3200,24,Mauvais,0,3,Bien immobilier,0
GH000352,Central,42,F,Primaire,Transport,1360,3300,36,Bon,0,1,Garant,0
GH000353,Eastern,21,F,Secondaire,Pêche,2870,4200,6,Bon,0,6,Aucune,0
GH000354,Greater Accra,46,F,Secondaire,Pêche,480,3100,12,Moyen,1,1,Bien immobilier,0
GH000355,Volta,61,F,Primaire,Artisanat,1180,1300,6,Moyen,1,0,Garant,0
GH000356,Ashanti,21,M,Primaire,Agriculture,4130,1700,12,Premier,1,7,Épargne,0
GH000357,Northern,45,F,Aucun,Restauration,410,2000,24,Excellent,0,7,Aucune,0
GH000358,Ashanti,36,M,Primaire,Commerce,200,2000,12,Bon,1,1,Bien immobilier,0
GH000359,Northern,59,M,Secondaire,Pêche,200,4400,12,Excellent,1,3,Garant,0
GH000360,Eastern,52,F,Aucun,Artisanat,1180,3200,12,Mauvais,0,7,Épargne,0
GH000361,Eastern,28,F,Primaire,Restauration,200,11700,12,Bon,0,4,Aucune,0
GH000362,Volta,62,F,Primaire,Agriculture,490,13200,18,Mauvais,1,0,Bien immobilier,1
GH000363,Central,58,F,Primaire,Commerce,940,1900,12,Premier,1,3,Épargne,0
GH000364,Ashanti,48,F,Aucun,Commerce,770,500,12,Bon,1,7,Bien immobilier,0
GH000365,Northern,61,F,Primaire,Pêche,930,5500,18,Excellent,0,1,Garant,0
GH000366,Ashanti,45,F,Superieur,Services,790,1100,12,Bon,0,4,Épargne,0
GH000367,Northern,54,F,Aucun,Pêche,1850,900,18,Excellent,1,3,Bien immobilier,0
GH000368,Ashanti,44,F,Secondaire,Transport,310,1300,36,Mauvais,1,7,Garant,0
GH000369,Central,43,F,Secondaire,Artisanat,390,1200,18,Excellent,1,4,Garant,0
GH000370,Northern,32,F,Primaire,Services,360,3100,12,Bon,0,4,Épargne,0
GH000371,Ashanti,26,M,Aucun,Commerce,1290,500,18,Excellent,1,0,Épargne,0
GH000372,Western,55,F,Aucun,Agriculture,1370,700,24,Excellent,0,6,Garant,0
GH000373,Eastern,64,F,Secondaire,Agriculture,950,2500,12,Bon,1,6,Garant,0
GH000374,Volta,39,M,Secondaire,Services,1710,3200,18,Bon,0,1,Garant,0
GH000375,Eastern,20,M,Primaire,Artisanat,260,3200,12,Excellent,1,2,Épargne,0
GH000376,Northern,27,F,Secondaire,Commerce,2520,900,24,Moyen,0,2,Aucune,0
GH000377,Eastern,35,M,Secondaire,Pêche,2250,700,12,Moyen,1,2,Épargne,0
GH000378,Volta,33,F,Primaire,Transport,1200,1100,24,Premier,1,6,Épargne,0
GH000379,Eastern,31,M,Secondaire,Agriculture,2770,2200,18,Mauvais,0,7,Épargne,0
GH000380,Western,42,M,Primaire,Restauration,200,6900,12,Bon,0,7,Aucune,0
GH000381,Greater Accra,34,F,Secondaire,Artisanat,440,500,12,Moyen,0,3,Garant,0
GH000382,Ashanti,47,M,Aucun,Agriculture,370,1500,12,Bon,0,2,Garant,0
GH000383,Northern,53,F,Secondaire,Restauration,1180,500,6,Bon,0,6,Bien immobilier,0
GH000384,Eastern,21,F,Primaire,Services,290,500,6,Bon,0,5,Garant,0
GH000385,Ashanti,51,F,Secondaire,Restauration,1220,4300,12,Bon,1,5,Épargne,0
GH000386,Ashanti,42,F,Primaire,Agriculture,1990,3000,12,Moyen,1,1,Aucune,0
GH000387,Western,41,M,Secondaire,Artisanat,1160,2700,12,Bon,0,6,Garant,0
GH000388,Volta,44,M,Aucun,Restauration,830,4100,6,Bon,0,7,Garant,1
GH000389,Ashanti,41,M,Primaire,Restauration,300,1200,18,Bon,0,2,Épargne,0
GH000390,Volta,41,M,Primaire,Commerce,340,1200,6,Mauvais,0,6,Garant,0
GH000391,Eastern,61,F,Aucun,Transport,1810,12900,12,Excellent,1,4,Garant,0
GH000392,Northern,25,M,Secondaire,Transport,1240,1400,6,Bon,0,6,Garant,0
GH000393,Ashanti,34,F,Superieur,Transport,640,3500,12,Mauvais,1,5,Garant,0
GH000394,Western,62,M,Secondaire,Commerce,480,1800,6,Excellent,0,4,Épargne,0
GH000395,Northern,56,F,Superieur,Transport,200,500,12,Premier,1,4,Garant,0
GH000396,Northern,52,M,Aucun,Commerce,280,500,12,Mauvais,1,6,Aucune,0
GH000397,Northern,27,M,Aucun,Restauration,3070,1100,12,Bon,0,2,Bien immobilier,0
GH000398,Eastern,63,F,Secondaire,Restauration,240,4700,12,Moyen,1,1,Bien immobilier,0
GH000399,Western,63,F,Superieur,Artisanat,770,3700,12,Premier,0,1,Garant,1
GH000400,Central,24,F,Secondaire,Pêche,1490,4100,24,Bon,0,2,Épargne,0
GH000401,Greater Accra,58,F,Primaire,Commerce,240,700,18,Excellent,1,1,Épargne,0
GH000402,Ashanti,23,F,Aucun,Transport,770,7700,36,Mauvais,1,5,Bien immobilier,0
GH000403,Ashanti,25,F,Primaire,Pêche,1410,800,12,Excellent,0,2,Garant,0
GH000404,Ashanti,64,M,Primaire,Commerce,670,2200,18,Bon,0,1,Épargne,0
GH000405,Volta,51,M,Secondaire,Transport,6600,1800,24,Mauvais,0,0,Garant,0
GH000406,Central,49,F,Aucun,Services,200,1500,12,Bon,1,0,Aucune,0
GH000407,Northern,54,M,Superieur,Services,1550,6000,18,Moyen,1,1,Garant,0
GH000408,Northern,59,M,Superieur,Commerce,580,1000,12,Bon,0,4,Garant,0
GH000409,Volta,35,M,Superieur,Transport,1230,500,12,Moyen,1,7,Bien immobilier,0
GH000410,Greater Accra,32,M,Superieur,Artisanat,950,1800,6,Excellent,0,5,Épargne,0
GH000411,Western,61,F,Aucun,Artisanat,370,1300,18,Bon,1,0,Bien immobilier,0
GH000412,Central,49,M,Superieur,Services,800,37800,36,Bon,0,7,Aucune,0
GH000413,Central,38,F,Primaire,Agriculture,200,3300,6,Excellent,0,7,Garant,0
GH000414,Eastern,36,M,Superieur,Commerce,1080,1300,24,Bon,0,5,Bien immobilier,0
GH000415,Northern,38,F,Primaire,Commerce,840,700,12,Bon,0,6,Épargne,0
GH000416,Central,47,F,Primaire,Services,1110,500,12,Premier,0,3,Épargne,0
GH000417,Central,45,M,Aucun,Commerce,1550,700,18,Bon,0,5,Garant,0
GH000418,Ashanti,56,F,Aucun,Artisanat,890,2000,6,Bon,0,2,Bien immobilier,0
GH000419,Volta,45,M,Superieur,Transport,750,6500,12,Bon,0,7,Bien immobilier,0
GH000420,Northern,42,F,Secondaire,Commerce,330,5000,6,Premier,1,3,Épargne,1
GH000421,Eastern,28,F,Secondaire,Agriculture,380,2200,18,Moyen,0,7,Épargne,0
GH000422,Western,31,F,Secondaire,Restauration,1720,1400,12,Moyen,0,1,Garant,0
GH000423,Greater Accra,20,M,Secondaire,Agriculture,2100,2300,24,Bon,1,1,Épargne,0
GH000424,Western,20,M,Primaire,Transport,550,1100,18,Bon,0,6,Épargne,0
GH000425,Eastern,53,M,Secondaire,Restauration,690,8500,6,Excellent,0,7,Garant,0
GH000426,Ashanti,51,M,Primaire,Artisanat,320,1500,12,Moyen,1,4,Bien immobilier,0
GH000427,Greater Accra,44,M,Secondaire,Services,1700,1700,24,Bon,0,6,Garant,0
GH000428,Western,59,M,Superieur,Transport,1130,500,18,Moyen,1,0,Bien immobilier,0
GH000429,Northern,64,M,Primaire,Pêche,3140,1500,18,Excellent,0,7,Épargne,0
GH000430,Northern,20,F,Primaire,Transport,330,3800,18,Bon,0,5,Épargne,0
GH000431,Greater Accra,35,M,Superieur,Artisanat,490,700,12,Bon,1,0,Épargne,0
GH000432,Greater Accra,58,F,Superieur,Pêche,800,900,18,Excellent,0,5,Aucune,0
GH000433,Greater Accra,24,F,Superieur,Restauration,1120,3700,18,Excellent,0,3,Épargne,0
GH000434,Central,41,F,Secondaire,Pêche,560,500,6,Bon,0,6,Épargne,0
GH000435,Eastern,48,F,Primaire,Restauration,330,4700,36,Bon,0,0,Bien immobilier,1
GH000436,Northern,22,F,Primaire,Transport,1350,1100,12,Moyen,0,1,Épargne,0
GH000437,Northern,31,F,Aucun,Pêche,1180,1300,12,Bon,0,4,Bien immobilier,0
GH000438,Eastern,45,F,Secondaire,Restauration,320,700,6,Bon,1,7,Bien immobilier,0
GH000439,Ashanti,35,F,Primaire,Transport,1970,2500,18,Bon,1,2,Aucune,0
GH000440,Northern,56,F,Secondaire,Pêche,1700,16500,12,Bon,0,3,Bien immobilier,1
GH000441,Western,41,M,Superieur,Restauration,740,3700,12,Excellent,1,5,Garant,0
GH000442,Ashanti,48,M,Superieur,Agriculture,710,800,36,Bon,1,3,Épargne,0
GH000443,Volta,33,F,Aucun,Commerce,1040,5000,12,Excellent,1,2,Bien immobilier,0
GH000444,Volta,47,F,Primaire,Agriculture,330,1400,12,Bon,0,7,Garant,0
GH000445,Western,24,F,Secondaire,Artisanat,680,6200,12,Moyen,1,1,Garant,1
GH000446,Greater Accra,49,M,Secondaire,Services,200,3700,6,Bon,0,3,Épargne,0
GH000447,Northern,24,F,Secondaire,Services,1340,500,12,Excellent,1,0,Bien immobilier,0
GH000448,Western,31,M,Superieur,Pêche,200,700,12,Excellent,1,0,Épargne,0
GH000449,Western,35,F,Primaire,Services,2210,4200,12,Excellent,1,0,Bien immobilier,0
GH000450,Greater Accra,45,M,Primaire,Transport,510,2100,24,Bon,0,4,Aucune,0
GH000451,Volta,45,F,Primaire,Restauration,560,700,12,Bon,1,2,Garant,0
GH000452,Ashanti,40,M,Secondaire,Agriculture,400,1000,18,Excellent,0,1,Aucune,0
GH000453,Western,58,M,Primaire,Agriculture,530,500,6,Moyen,1,0,Épargne,0
GH000454,Northern,55,M,Secondaire,Transport,2070,1700,12,Bon,1,0,Garant,1
GH000455,Ashanti,52,M,Superieur,Restauration,200,13200,12,Moyen,0,4,Bien immobilier,0
GH000456,Ashanti,49,F,Primaire,Pêche,1850,3700,6,Moyen,0,0,Garant,0
GH000457,Eastern,56,M,Superieur,Transport,870,13000,12,Moyen,0,5,Bien immobilier,0
GH000458,Volta,42,F,Secondaire,Artisanat,250,4000,12,Premier,0,7,Garant,0
GH000459,Northern,29,M,Superieur,Artisanat,280,4600,36,Excellent,1,4,Épargne,0
GH000460,Northern,24,F,Aucun,Transport,2540,10700,18,Excellent,0,7,Garant,0
GH000461,Greater Accra,55,M,Primaire,Artisanat,310,2500,12,Moyen,0,5,Garant,0
GH000462,Greater Accra,53,M,Primaire,Services,260,1500,6,Bon,1,7,Garant,0
GH000463,Central,50,F,Primaire,Restauration,1650,4600,6,Premier,1,7,Épargne,0
GH000464,Northern,29,F,Primaire,Agriculture,870,6700,6,Excellent,0,2,Garant,0
GH000465,Volta,38,F,Superieur,Transport,310,1200,18,Excellent,0,7,Épargne,0
GH000466,Ashanti,51,F,Primaire,Artisanat,790,900,24,Bon,1,7,Épargne,0
GH000467,Central,20,M,Superieur,Agriculture,290,2000,12,Bon,0,3,Épargne,0
GH000468,Northern,24,F,Secondaire,Transport,1600,3800,12,Bon,0,0,Aucune,0
GH000469,Greater Accra,64,F,Aucun,Artisanat,1550,3700,12,Premier,0,0,Aucune,0
GH000470,Volta,23,F,Secondaire,Artisanat,1020,500,18,Excellent,1,6,Épargne,0
GH000471,Greater Accra,35,M,Superieur,Transport,890,10100,12,Bon,0,2,Aucune,1
GH000472,Northern,43,F,Secondaire,Pêche,2720,1000,36,Bon,1,3,Aucune,0
GH000473,Central,35,M,Aucun,Restauration,660,1400,18,Bon,1,4,Épargne,0
GH000474,Greater Accra,21,F,Superieur,Pêche,260,800,36,Excellent,0,3,Garant,0
GH000475,Greater Accra,47,F,Primaire,Services,950,20500,12,Excellent,1,0,Aucune,0
GH000476,Eastern,51,F,Secondaire,Agriculture,3530,2200,18,Excellent,0,2,Garant,0
GH000477,Western,46,F,Secondaire,Services,300,800,18,Premier,1,5,Épargne,0
GH000478,Northern,39,M,Primaire,Agriculture,500,3900,18,Moyen,1,1,Garant,0
GH000479,Eastern,43,F,Primaire,Transport,930,3600,6,Moyen,0,7,Bien immobilier,0
GH000480,Volta,31,F,Superieur,Restauration,640,1500,36,Excellent,1,2,Bien immobilier,0
GH000481,Western,54,F,Superieur,Artisanat,300,3900,24,Excellent,0,4,Garant,0
GH000482,Northern,52,M,Secondaire,Restauration,1630,900,6,Moyen,0,7,Bien immobilier,0
GH000483,Eastern,52,F,Primaire,Artisanat,4260,1200,12,Moyen,0,7,Garant,0
GH000484,Eastern,62,F,Aucun,Commerce,780,500,12,Bon,1,4,Épargne,0
GH000485,Northern,56,M,Primaire,Services,320,500,24,Bon,0,7,Épargne,0
GH000486,Ashanti,31,F,Secondaire,Commerce,200,9200,18,Bon,0,0,Garant,0
GH000487,Central,22,M,Primaire,Restauration,820,7900,12,Excellent,1,6,Garant,0
GH000488,Northern,20,M,Aucun,Services,1610,1900,6,Moyen,1,2,Aucune,0
GH000489,Eastern,52,F,Primaire,Commerce,970,8100,12,Excellent,1,1,Garant,0
GH000490,Ashanti,59,F,Secondaire,Commerce,660,1600,6,Bon,0,2,Garant,0
GH000491,Eastern,29,M,Superieur,Services,420,1500,6,Moyen,1,4,Épargne,0
GH000492,Central,62,M,Secondaire,Services,280,1900,18,Excellent,1,6,Garant,0
GH000493,Volta,63,F,Secondaire,Agriculture,1300,1600,18,Moyen,0,2,Bien immobilier,0
GH000494,Ashanti,48,M,Primaire,Artisanat,1380,1500,12,Mauvais,1,0,Épargne,0
GH000495,Northern,32,M,Primaire,Transport,200,5100,18,Excellent,0,4,Épargne,0
GH000496,Western,31,F,Secondaire,Commerce,2370,2100,12,Bon,1,2,Épargne,0
GH000497,Volta,50,M,Secondaire,Pêche,1050,3400,12,Bon,1,7,Bien immobilier,0
GH000498,Central,21,F,Primaire,Services,2040,4600,18,Excellent,1,2,Bien immobilier,0
GH000499,Greater Accra,54,M,Secondaire,Agriculture,230,2600,12,Moyen,0,0,Épargne,0
GH000500,Northern,42,F,Superieur,Artisanat,220,800,12,Moyen,1,0,Bien immobilier,0
GH000501,Northern,36,M,Secondaire,Agriculture,590,500,12,Moyen,0,7,Épargne,0
GH000502,Northern,45,F,Secondaire,Pêche,990,2100,18,Mauvais,0,7,Épargne,0
GH000503,Ashanti,27,F,Secondaire,Transport,2800,1500,24,Bon,0,2,Épargne,0
GH000504,Greater Accra,48,F,Aucun,Artisanat,1170,2000,12,Moyen,0,6,Bien immobilier,0
GH000505,Volta,45,F,Secondaire,Restauration,550,1800,6,Moyen,0,1,Épargne,0
GH000506,Volta,29,F,Superieur,Restauration,290,18500,24,Excellent,1,4,Épargne,0
GH000507,Ashanti,45,M,Primaire,Agriculture,1780,500,6,Premier,0,2,Aucune,0
GH000508,Western,53,F,Primaire,Transport,310,500,12,Bon,0,0,Bien immobilier,1
GH000509,Ashanti,60,M,Secondaire,Restauration,2450,2400,12,Moyen,1,4,Garant,0
GH000510,Northern,26,F,Primaire,Services,530,1300,24,Moyen,0,0,Épargne,0
GH000511,Eastern,23,M,Secondaire,Artisanat,2370,2400,18,Bon,1,7,Bien immobilier,0
GH000512,Greater Accra,64,M,Primaire,Pêche,1140,3100,18,Excellent,0,4,Épargne,0
GH000513,Greater Accra,30,M,Secondaire,Pêche,600,5700,18,Bon,0,2,Épargne,1
GH000514,Volta,48,F,Secondaire,Restauration,440,500,12,Excellent,0,5,Épargne,0
GH000515,Volta,55,F,Primaire,Commerce,510,1100,6,Bon,0,7,Garant,0
GH000516,Ashanti,44,M,Primaire,Commerce,940,2700,18,Bon,1,5,Garant,0
GH000517,Eastern,40,F,Primaire,Transport,710,3600,12,Bon,1,6,Bien immobilier,0
GH000518,Eastern,55,F,Primaire,Commerce,410,13000,18,Bon,1,3,Bien immobilier,0
GH000519,Ashanti,29,F,Primaire,Restauration,580,4300,6,Excellent,0,5,Épargne,0
GH000520,Central,56,F,Primaire,Restauration,710,1700,6,Bon,0,3,Épargne,0
GH000521,Western,28,F,Secondaire,Restauration,200,800,18,Moyen,1,4,Garant,0
GH000522,Ashanti,43,F,Secondaire,Services,960,1100,12,Moyen,0,6,Aucune,0
GH000523,Northern,54,M,Primaire,Artisanat,300,1100,12,Excellent,1,6,Bien immobilier,0
GH000524,Eastern,54,F,Aucun,Commerce,260,3300,12,Bon,0,6,Garant,0
GH000525,Western,55,M,Aucun,Agriculture,200,2300,18,Premier,1,0,Garant,0
GH000526,Ashanti,37,F,Secondaire,Transport,200,500,6,Bon,0,0,Garant,0
GH000527,Western,58,F,Primaire,Artisanat,220,1200,12,Moyen,0,0,Épargne,0
GH000528,Central,51,M,Aucun,Transport,380,4000,12,Bon,0,2,Bien immobilier,0
GH000529,Eastern,43,F,Primaire,Transport,3170,2500,12,Excellent,0,4,Garant,0
GH000530,Central,42,F,Superieur,Artisanat,440,3000,24,Moyen,1,2,Garant,0
GH000531,Volta,51,M,Secondaire,Restauration,770,2600,6,Premier,1,3,Aucune,0
GH000532,Central,56,F,Superieur,Restauration,920,7800,24,Mauvais,0,3,Garant,0
GH000533,Eastern,31,F,Aucun,Artisanat,740,2200,18,Moyen,0,0,Épargne,0
GH000534,Volta,32,M,Aucun,Restauration,630,1300,12,Bon,0,0,Aucune,0
GH000535,Northern,42,F,Aucun,Commerce,260,800,24,Bon,0,4,Épargne,0
GH000536,Central,44,M,Superieur,Artisanat,2120,2300,18,Bon,0,3,Bien immobilier,0
GH000537,Ashanti,54,F,Primaire,Services,2820,500,24,Bon,1,4,Garant,0
GH000538,Ashanti,60,M,Primaire,Services,200,1500,12,Premier,1,3,Épargne,0
GH000539,Western,49,F,Primaire,Transport,290,1500,12,Excellent,1,1,Aucune,0
GH000540,Ashanti,36,M,Secondaire,Services,530,500,12,Bon,1,4,Épargne,0
GH000541,Ashanti,39,M,Primaire,Artisanat,310,800,6,Bon,1,1,Bien immobilier,0
GH000542,Volta,44,F,Secondaire,Services,1000,3700,24,Bon,0,2,Bien immobilier,0
GH000543,Volta,41,F,Superieur,Artisanat,370,2200,18,Excellent,0,6,Garant,0
GH000544,Western,32,F,Primaire,Restauration,3760,2000,18,Bon,0,7,Épargne,0
GH000545,Greater Accra,38,F,Secondaire,Services,1720,2400,24,Bon,0,7,Épargne,0
GH000546,Eastern,55,F,Secondaire,Artisanat,790,2000,36,Moyen,0,3,Garant,0
GH000547,Ashanti,31,F,Secondaire,Agriculture,1510,5500,12,Bon,0,1,Épargne,0
GH000548,Western,60,F,Primaire,Agriculture,1610,2000,18,Bon,0,2,Bien immobilier,0
GH000549,Central,38,F,Primaire,Commerce,420,500,18,Moyen,1,7,Garant,1
GH000550,Central,31,F,Secondaire,Artisanat,350,7800,12,Moyen,1,7,Bien immobilier,0
GH000551,Volta,28,M,Primaire,Services,710,2500,36,Excellent,0,4,Aucune,1
GH000552,Northern,26,F,Superieur,Artisanat,1330,1100,24,Excellent,1,1,Bien immobilier,0
GH000553,Ashanti,47,F,Secondaire,Transport,740,600,18,Mauvais,1,1,Épargne,0
GH000554,Eastern,33,F,Secondaire,Restauration,200,2600,12,Bon,0,2,Épargne,1
GH000555,Western,50,M,Aucun,Transport,350,1600,18,Excellent,1,6,Épargne,0
GH000556,Volta,38,F,Secondaire,Services,630,7500,12,Bon,0,7,Garant,1
GH000557,Northern,35,M,Secondaire,Pêche,630,1300,12,Moyen,1,1,Garant,0
GH000558,Northern,24,F,Secondaire,Transport,3220,900,12,Moyen,1,2,Épargne,1
GH000559,Western,54,F,Primaire,Services,220,4000,12,Premier,1,5,Épargne,0
GH000560,Volta,31,M,Superieur,Pêche,1000,4200,12,Bon,1,7,Épargne,0
GH000561,Volta,44,F,Primaire,Services,2190,2100,18,Excellent,1,3,Garant,0
GH000562,Western,40,F,Primaire,Artisanat,4090,3300,6,Moyen,0,3,Garant,0
GH000563,Western,55,F,Superieur,Commerce,480,1700,18,Bon,0,3,Épargne,0
GH000564,Western,42,M,Secondaire,Agriculture,990,2200,6,Bon,1,1,Épargne,0
GH000565,Eastern,35,F,Primaire,Artisanat,1050,5200,12,Excellent,1,7,Garant,0
GH000566,Western,58,F,Superieur,Artisanat,780,3200,18,Bon,1,1,Garant,1
GH000567,Volta,64,F,Aucun,Commerce,610,1600,18,Mauvais,1,0,Épargne,0
GH000568,Eastern,61,M,Aucun,Commerce,940,6100,18,Bon,0,7,Épargne,0
GH000569,Eastern,58,M,Secondaire,Pêche,200,500,12,Excellent,1,0,Aucune,0
GH000570,Eastern,33,F,Primaire,Services,1150,11500,6,Bon,1,2,Garant,0
GH000571,Central,50,F,Superieur,Artisanat,740,500,18,Moyen,0,7,Bien immobilier,0
GH000572,Greater Accra,24,F,Secondaire,Services,560,1000,12,Mauvais,1,1,Épargne,0
GH000573,Northern,54,M,Primaire,Artisanat,3420,1700,12,Mauvais,0,2,Aucune,0
GH000574,Ashanti,42,F,Superieur,Restauration,390,1600,12,Excellent,1,7,Garant,0
GH000575,Central,48,F,Aucun,Agriculture,480,4500,6,Mauvais,1,4,Garant,1
GH000576,Volta,62,F,Secondaire,Restauration,3270,700,12,Excellent,0,6,Bien immobilier,0
GH000577,Greater Accra,30,M,Superieur,Restauration,340,2300,12,Excellent,0,1,Garant,0
GH000578,Northern,37,F,Superieur,Agriculture,430,1100,12,Excellent,0,5,Garant,0
GH000579,Central,31,F,Primaire,Artisanat,590,2400,18,Excellent,0,4,Bien immobilier,0
GH000580,Northern,28,F,Primaire,Pêche,1300,1700,12,Mauvais,0,1,Épargne,0
GH000581,Eastern,29,M,Primaire,Services,790,2000,24,Moyen,0,3,Bien immobilier,0
GH000582,Eastern,63,F,Secondaire,Agriculture,240,1100,12,Moyen,0,2,Garant,0
GH000583,Western,36,F,Secondaire,Commerce,430,1100,12,Premier,0,7,Garant,0
GH000584,Volta,57,M,Aucun,Artisanat,410,2300,6,Bon,1,5,Épargne,0
GH000585,Eastern,26,F,Primaire,Agriculture,630,4200,18,Excellent,0,0,Épargne,0
GH000586,Central,32,M,Secondaire,Agriculture,940,1100,18,Moyen,1,3,Épargne,0
GH000587,Northern,59,F,Primaire,Transport,930,800,18,Mauvais,0,5,Bien immobilier,0
GH000588,Ashanti,61,F,Primaire,Services,200,3100,24,Premier,1,0,Épargne,1
GH000589,Volta,28,M,Superieur,Agriculture,1560,1800,18,Bon,1,7,Bien immobilier,0
GH000590,Northern,46,M,Primaire,Pêche,810,3800,24,Mauvais,0,1,Bien immobilier,0
GH000591,Eastern,21,F,Secondaire,Restauration,2010,800,6,Mauvais,0,4,Aucune,0
GH000592,Northern,24,M,Primaire,Restauration,950,500,12,Excellent,1,4,Épargne,0
GH000593,Greater Accra,48,F,Primaire,Transport,1610,1100,12,Moyen,0,7,Épargne,0
GH000594,Northern,56,M,Primaire,Agriculture,970,900,18,Excellent,0,7,Aucune,0
GH000595,Central,57,F,Secondaire,Agriculture,1950,1700,12,Bon,0,5,Épargne,0
GH000596,Greater Accra,38,M,Secondaire,Restauration,1010,1000,18,Mauvais,0,6,Garant,0
GH000597,Volta,27,M,Primaire,Pêche,620,3500,12,Moyen,1,7,Bien immobilier,0
GH000598,Western,64,M,Secondaire,Artisanat,4100,1400,12,Bon,1,3,Épargne,0
GH000599,Western,20,F,Primaire,Restauration,1350,2100,12,Mauvais,1,0,Garant,1
GH000600,Northern,41,F,Primaire,Agriculture,1050,2100,12,Excellent,0,5,Épargne,0
GH000601,Ashanti,36,M,Superieur,Pêche,240,2200,12,Excellent,0,2,Bien immobilier,0
GH000602,Central,26,F,Superieur,Services,240,1800,12,Excellent,1,2,Épargne,0
GH000603,Ashanti,44,F,Superieur,Pêche,840,2900,6,Moyen,1,7,Garant,0
GH000604,Greater Accra,64,M,Secondaire,Services,750,900,18,Mauvais,0,6,Bien immobilier,0
GH000605,Ashanti,23,F,Primaire,Transport,410,6400,12,Bon,1,2,Bien immobilier,0
GH000606,Volta,55,F,Secondaire,Agriculture,740,1500,6,Premier,1,0,Bien immobilier,0
GH000607,Greater Accra,25,M,Secondaire,Commerce,2370,600,12,Moyen,0,4,Garant,0
GH000608,Volta,50,M,Aucun,Pêche,1160,2100,24,Bon,1,4,Garant,0
GH000609,Ashanti,38,F,Primaire,Restauration,270,800,12,Moyen,1,3,Bien immobilier,1
GH000610,Western,63,F,Primaire,Commerce,610,3300,36,Mauvais,0,6,Aucune,0
GH000611,Central,58,M,Primaire,Transport,350,13200,12,Excellent,0,0,Garant,0
GH000612,Ashanti,46,F,Primaire,Artisanat,490,900,36,Excellent,0,1,Garant,1
GH000613,Northern,29,F,Superieur,Restauration,480,2400,12,Bon,1,6,Épargne,0
GH000614,Volta,45,M,Secondaire,Transport,450,500,12,Mauvais,1,1,Épargne,0
GH000615,Greater Accra,38,M,Primaire,Services,240,2700,18,Premier,0,2,Aucune,0
GH000616,Volta,58,M,Secondaire,Transport,600,800,36,Bon,0,5,Aucune,0
GH000617,Northern,22,F,Primaire,Transport,420,1000,24,Premier,0,5,Garant,0
GH000618,Central,64,F,Secondaire,Agriculture,200,700,18,Bon,0,7,Garant,0
GH000619,Northern,32,F,Superieur,Commerce,3440,3500,6,Bon,1,5,Épargne,0
GH000620,Western,47,F,Secondaire,Transport,1590,4500,12,Mauvais,0,4,Aucune,0
GH000621,Volta,39,M,Secondaire,Transport,490,1800,6,Bon,0,4,Garant,1
GH000622,Western,47,F,Primaire,Transport,680,800,12,Bon,0,6,Épargne,0
GH000623,Eastern,27,M,Secondaire,Restauration,260,7600,12,Excellent,1,0,Garant,0
GH000624,Central,60,M,Secondaire,Transport,2580,900,12,Excellent,1,7,Épargne,0
GH000625,Ashanti,58,F,Secondaire,Pêche,3030,500,24,Moyen,0,0,Épargne,0
GH000626,Western,20,M,Secondaire,Agriculture,750,2700,12,Excellent,1,3,Garant,0
GH000627,Ashanti,22,F,Superieur,Commerce,1510,700,12,Moyen,1,0,Garant,0
GH000628,Volta,32,F,Secondaire,Pêche,770,4400,12,Moyen,0,3,Garant,0
GH000629,Ashanti,47,F,Secondaire,Transport,230,1300,12,Bon,1,2,Garant,0
GH000630,Volta,44,M,Secondaire,Services,480,3100,12,Moyen,0,2,Bien immobilier,0
GH000631,Greater Accra,52,M,Primaire,Agriculture,740,6400,12,Premier,1,4,Épargne,0
GH000632,Northern,57,M,Primaire,Agriculture,460,600,24,Excellent,0,6,Garant,0
GH000633,Ashanti,25,F,Secondaire,Commerce,560,1100,12,Bon,0,6,Épargne,0
GH000634,Volta,63,F,Primaire,Commerce,620,1700,6,Mauvais,0,6,Garant,0
GH000635,Eastern,64,F,Secondaire,Commerce,620,7200,12,Excellent,0,4,Garant,0
GH000636,Central,51,F,Aucun,Restauration,690,1000,12,Excellent,1,7,Aucune,0
GH000637,Central,64,F,Primaire,Services,280,1100,12,Bon,0,4,Épargne,0
GH000638,Greater Accra,40,F,Superieur,Agriculture,370,2800,12,Bon,1,1,Épargne,0
GH000639,Eastern,35,M,Aucun,Transport,240,1100,6,Excellent,1,3,Aucune,0
GH000640,Northern,40,F,Primaire,Artisanat,1450,2100,18,Bon,0,5,Bien immobilier,1
GH000641,Eastern,30,F,Primaire,Pêche,200,500,18,Bon,1,5,Garant,1
GH000642,Volta,56,M,Secondaire,Commerce,1670,13300,12,Bon,0,2,Bien immobilier,0
GH000643,Central,55,F,Secondaire,Agriculture,2020,500,18,Moyen,1,3,Aucune,0
GH000644,Eastern,54,F,Superieur,Services,520,1400,12,Moyen,1,7,Épargne,0
GH000645,Northern,38,F,Primaire,Transport,200,1800,12,Bon,1,1,Aucune,0
GH000646,Western,39,F,Superieur,Pêche,500,10100,12,Bon,0,1,Bien immobilier,0
GH000647,Ashanti,37,M,Primaire,Artisanat,630,500,18,Moyen,1,2,Garant,0
GH000648,Volta,60,M,Primaire,Pêche,300,10800,6,Bon,0,2,Garant,1
GH000649,Ashanti,33,M,Primaire,Artisanat,440,3600,18,Mauvais,1,4,Garant,0
GH000650,Central,34,F,Aucun,Transport,2260,2600,18,Bon,0,7,Bien immobilier,0
GH000651,Central,50,F,Primaire,Commerce,1130,700,24,Bon,0,1,Épargne,0
GH000652,Northern,20,M,Primaire,Restauration,320,3000,6,Excellent,0,4,Épargne,0
GH000653,Eastern,22,F,Primaire,Artisanat,200,900,6,Mauvais,1,2,Épargne,0
GH000654,Northern,35,M,Superieur,Commerce,510,5700,6,Bon,1,5,Garant,0
GH000655,Greater Accra,42,M,Primaire,Pêche,560,800,24,Moyen,1,7,Bien immobilier,0
GH000656,Central,30,M,Superieur,Transport,990,1600,18,Bon,1,1,Garant,0
GH000657,Volta,31,M,Superieur,Services,430,1100,24,Excellent,1,1,Garant,0
GH000658,Volta,29,M,Primaire,Pêche,1000,700,12,Bon,0,0,Bien immobilier,0
GH000659,Central,51,M,Secondaire,Pêche,3130,3500,12,Excellent,1,1,Épargne,0
GH000660,Central,35,M,Secondaire,Transport,1280,2900,12,Bon,1,4,Bien immobilier,0
GH000661,Northern,27,M,Secondaire,Transport,640,5400,24,Bon,0,0,Épargne,1
GH000662,Volta,57,M,Superieur,Restauration,570,500,24,Excellent,1,6,Garant,0
GH000663,Northern,31,F,Secondaire,Agriculture,500,4700,12,Excellent,1,1,Garant,0
GH000664,Eastern,43,M,Aucun,Artisanat,1710,17200,12,Moyen,0,0,Aucune,0
GH000665,Western,47,F,Primaire,Services,400,1200,18,Moyen,1,1,Épargne,1
GH000666,Central,27,M,Superieur,Transport,690,10000,6,Bon,0,3,Garant,0
GH000667,Western,47,M,Secondaire,Agriculture,690,1400,24,Bon,0,5,Garant,0
GH000668,Northern,55,M,Superieur,Pêche,450,500,12,Bon,1,6,Bien immobilier,0
GH000669,Eastern,45,F,Secondaire,Services,220,1400,12,Bon,1,4,Aucune,1
GH000670,Northern,27,F,Aucun,Restauration,860,4600,18,Bon,0,4,Aucune,0
GH000671,Greater Accra,47,F,Superieur,Commerce,630,900,18,Excellent,0,7,Épargne,0
GH000672,Volta,47,F,Superieur,Restauration,990,1100,12,Mauvais,1,6,Épargne,0
GH000673,Ashanti,56,M,Aucun,Transport,430,3100,24,Mauvais,0,0,Garant,0
GH000674,Ashanti,60,F,Aucun,Agriculture,1770,1800,36,Bon,0,3,Épargne,0
GH000675,Northern,55,M,Secondaire,Pêche,330,3100,12,Moyen,0,0,Garant,0
GH000676,Ashanti,46,M,Secondaire,Services,2620,2200,18,Bon,1,0,Bien immobilier,0
GH000677,Ashanti,36,M,Primaire,Services,200,2800,18,Excellent,1,2,Épargne,1
GH000678,Eastern,28,M,Aucun,Services,940,1200,12,Mauvais,1,7,Bien immobilier,0
GH000679,Ashanti,52,M,Secondaire,Artisanat,970,2200,24,Excellent,1,0,Épargne,0
GH000680,Eastern,39,F,Primaire,Restauration,350,800,12,Moyen,1,1,Aucune,0
GH000681,Greater Accra,32,M,Primaire,Agriculture,930,5800,6,Bon,1,7,Garant,0
GH000682,Central,47,F,Secondaire,Agriculture,1850,1000,24,Moyen,1,2,Garant,0
GH000683,Central,48,M,Superieur,Commerce,200,5000,12,Bon,1,2,Épargne,0
GH000684,Central,32,F,Secondaire,Artisanat,990,1500,18,Moyen,0,6,Bien immobilier,0
GH000685,Volta,54,M,Secondaire,Services,200,2200,12,Excellent,0,0,Garant,0
GH000686,Eastern,25,F,Secondaire,Agriculture,310,1200,36,Excellent,1,2,Garant,1
GH000687,Eastern,37,F,Secondaire,Artisanat,2450,700,18,Mauvais,1,7,Aucune,0
GH000688,Eastern,24,M,Primaire,Pêche,420,500,24,Moyen,1,4,Épargne,1
GH000689,Greater Accra,44,M,Primaire,Transport,260,700,36,Mauvais,0,5,Épargne,1
GH000690,Western,21,M,Primaire,Restauration,570,1400,6,Bon,1,2,Aucune,1
GH000691,Eastern,29,M,Superieur,Agriculture,3480,2200,12,Bon,1,2,Bien immobilier,0
GH000692,Eastern,49,M,Secondaire,Pêche,200,4500,18,Bon,1,6,Épargne,0
GH000693,Central,64,F,Secondaire,Commerce,290,1200,24,Excellent,0,1,Épargne,1
GH000694,Northern,24,F,Superieur,Artisanat,2200,800,12,Moyen,1,4,Garant,0
GH000695,Volta,52,F,Superieur,Transport,2940,500,24,Mauvais,0,2,Garant,0
GH000696,Ashanti,20,M,Superieur,Pêche,610,2800,12,Premier,1,1,Épargne,0
GH000697,Ashanti,37,F,Primaire,Artisanat,250,6300,24,Bon,1,4,Aucune,0
GH000698,Greater Accra,51,M,Secondaire,Services,3560,5700,12,Bon,0,7,Garant,0
GH000699,Ashanti,30,M,Secondaire,Services,2380,3400,12,Mauvais,1,2,Épargne,0
GH000700,Western,40,M,Secondaire,Transport,1140,3200,12,Moyen,1,0,Épargne,0
GH000701,Central,45,M,Primaire,Artisanat,350,8300,6,Mauvais,0,2,Aucune,0
GH000702,Greater Accra,44,F,Secondaire,Agriculture,640,2400,12,Moyen,1,5,Épargne,0
GH000703,Ashanti,41,F,Primaire,Artisanat,590,3200,12,Mauvais,0,4,Garant,0
GH000704,Ashanti,46,F,Secondaire,Pêche,870,1400,12,Excellent,1,5,Bien immobilier,0
GH000705,Northern,32,F,Secondaire,Commerce,2120,500,18,Moyen,0,2,Épargne,0
GH000706,Central,52,F,Primaire,Agriculture,1340,1000,12,Excellent,0,7,Épargne,0
GH000707,Greater Accra,53,F,Primaire,Restauration,280,1800,12,Moyen,1,5,Garant,0
GH000708,Central,60,F,Secondaire,Commerce,2000,1900,24,Moyen,0,4,Épargne,0
GH000709,Greater Accra,54,M,Secondaire,Pêche,850,10200,18,Excellent,0,0,Aucune,0
GH000710,Volta,20,M,Secondaire,Agriculture,1150,1900,6,Bon,1,2,Épargne,0
GH000711,Volta,40,F,Secondaire,Transport,2150,5200,24,Excellent,1,4,Garant,0
GH000712,Ashanti,25,M,Superieur,Transport,270,1200,36,Excellent,1,6,Épargne,0
GH000713,Central,47,F,Primaire,Artisanat,650,1400,24,Excellent,1,5,Garant,0
GH000714,Central,36,M,Secondaire,Services,430,500,24,Bon,1,7,Aucune,0
GH000715,Western,24,F,Secondaire,Commerce,200,900,18,Excellent,0,1,Bien immobilier,0
GH000716,Volta,50,F,Superieur,Agriculture,880,2900,12,Excellent,0,5,Épargne,0
GH000717,Northern,24,M,Primaire,Restauration,4960,1800,18,Bon,0,2,Bien immobilier,0
GH000718,Central,57,F,Aucun,Services,200,4200,18,Excellent,1,7,Garant,1
GH000719,Greater Accra,22,F,Primaire,Restauration,650,2100,12,Bon,0,5,Garant,1
GH000720,Western,42,F,Superieur,Restauration,1110,1300,12,Moyen,1,6,Épargne,0
GH000721,Central,56,M,Primaire,Transport,730,12500,12,Moyen,0,5,Épargne,0
GH000722,Central,56,F,Primaire,Agriculture,610,1700,18,Premier,1,5,Épargne,0
GH000723,Western,29,M,Aucun,Commerce,240,5100,12,Excellent,1,0,Épargne,1
GH000724,Ashanti,29,F,Aucun,Artisanat,800,1300,18,Mauvais,0,1,Épargne,0
GH000725,Central,38,F,Secondaire,Commerce,360,3400,24,Bon,0,7,Bien immobilier,0
GH000726,Eastern,36,F,Secondaire,Artisanat,200,4200,12,Bon,1,5,Épargne,0
GH000727,Northern,40,M,Secondaire,Commerce,1730,2200,36,Bon,1,2,Aucune,0
GH000728,Ashanti,33,F,Aucun,Commerce,1430,500,12,Excellent,1,4,Épargne,0
GH000729,Central,28,F,Primaire,Agriculture,690,1800,6,Bon,0,6,Épargne,0
GH000730,Ashanti,20,M,Secondaire,Restauration,800,5500,6,Moyen,1,3,Épargne,0
GH000731,Greater Accra,64,F,Primaire,Services,1570,2900,12,Mauvais,1,5,Aucune,0
GH000732,Ashanti,32,F,Superieur,Restauration,800,2700,12,Premier,0,1,Garant,0
GH000733,Western,23,F,Aucun,Restauration,1370,500,24,Moyen,0,4,Épargne,0
GH000734,Central,20,F,Primaire,Services,520,900,18,Moyen,1,1,Garant,0
GH000735,Ashanti,59,M,Primaire,Restauration,1900,2600,24,Bon,0,6,Garant,0
GH000736,Eastern,51,M,Superieur,Commerce,860,2600,18,Mauvais,1,2,Aucune,0
GH000737,Greater Accra,53,M,Primaire,Restauration,780,5400,12,Moyen,1,0,Aucune,0
GH000738,Greater Accra,47,M,Secondaire,Commerce,240,1600,12,Excellent,0,5,Bien immobilier,0
GH000739,Volta,50,M,Secondaire,Artisanat,840,2600,18,Moyen,1,0,Épargne,0
GH000740,Ashanti,27,M,Aucun,Pêche,340,1800,18,Bon,0,7,Garant,0
GH000741,Western,58,M,Primaire,Services,400,700,12,Bon,0,5,Aucune,0
GH000742,Greater Accra,45,F,Superieur,Services,350,500,24,Mauvais,1,5,Bien immobilier,0
GH000743,Volta,53,F,Primaire,Pêche,280,2700,18,Moyen,1,1,Épargne,0
GH000744,Ashanti,22,F,Secondaire,Artisanat,3640,2100,24,Premier,0,7,Épargne,0
GH000745,Ashanti,31,M,Superieur,Commerce,1930,1000,18,Mauvais,0,3,Épargne,0
GH000746,Greater Accra,20,M,Aucun,Services,3090,500,12,Excellent,0,7,Épargne,1
GH000747,Ashanti,63,M,Primaire,Restauration,250,3200,18,Excellent,1,2,Épargne,0
GH000748,Ashanti,24,F,Primaire,Agriculture,700,1400,12,Bon,1,4,Aucune,1
GH000749,Northern,49,F,Primaire,Commerce,240,3000,18,Mauvais,1,2,Garant,0
GH000750,Eastern,49,F,Aucun,Commerce,380,9700,12,Excellent,1,3,Garant,0
GH000751,Ashanti,36,F,Secondaire,Services,320,500,6,Moyen,0,6,Épargne,0
GH000752,Northern,42,F,Secondaire,Artisanat,1790,1000,12,Bon,1,6,Aucune,0
GH000753,Northern,34,F,Secondaire,Artisanat,480,1500,12,Moyen,0,4,Bien immobilier,0
GH000754,Ashanti,56,M,Superieur,Agriculture,1560,6700,6,Excellent,0,3,Bien immobilier,0
GH000755,Western,40,F,Aucun,Restauration,1080,500,24,Excellent,1,2,Aucune,0
GH000756,Greater Accra,33,F,Primaire,Pêche,4200,10300,12,Excellent,0,2,Garant,0
GH000757,Northern,21,F,Primaire,Transport,200,2000,12,Bon,0,1,Bien immobilier,1
GH000758,Northern,30,F,Primaire,Restauration,1820,1700,12,Bon,0,5,Aucune,0
GH000759,Volta,58,M,Aucun,Restauration,1660,1500,18,Mauvais,0,7,Aucune,1
GH000760,Western,57,M,Primaire,Transport,310,1200,6,Bon,0,6,Aucune,0
GH000761,Central,53,M,Secondaire,Transport,1490,4600,12,Moyen,0,3,Épargne,0
GH000762,Western,57,M,Superieur,Commerce,870,700,12,Premier,0,0,Épargne,0
GH000763,Volta,53,F,Aucun,Agriculture,550,2500,24,Moyen,0,3,Épargne,0
GH000764,Central,37,M,Secondaire,Services,340,1300,18,Excellent,0,3,Garant,0
GH000765,Central,49,F,Secondaire,Commerce,370,900,6,Mauvais,0,6,Aucune,0
GH000766,Western,34,F,Primaire,Artisanat,3430,18500,12,Excellent,1,4,Aucune,0
GH000767,Eastern,46,M,Aucun,Transport,670,2600,18,Bon,0,7,Aucune,0
GH000768,Western,53,M,Superieur,Pêche,1240,3100,6,Bon,1,5,Bien immobilier,0
GH000769,Northern,57,F,Secondaire,Services,350,5000,24,Excellent,0,4,Garant,0
GH000770,Greater Accra,52,M,Superieur,Agriculture,360,500,6,Moyen,0,6,Aucune,0
GH000771,Western,43,F,Primaire,Services,1580,8800,6,Bon,0,1,Épargne,0
GH000772,Eastern,34,F,Primaire,Agriculture,230,500,6,Bon,0,0,Épargne,0
GH000773,Western,49,F,Primaire,Restauration,480,900,18,Bon,0,6,Garant,0
GH000774,Eastern,61,M,Superieur,Commerce,680,1200,12,Bon,0,2,Bien immobilier,0
GH000775,Greater Accra,36,F,Primaire,Restauration,730,3100,6,Bon,0,0,Aucune,0
GH000776,Ashanti,24,M,Aucun,Restauration,580,2200,24,Excellent,1,0,Bien immobilier,0
GH000777,Eastern,48,M,Secondaire,Agriculture,910,1600,12,Bon,0,0,Épargne,0
GH000778,Eastern,23,F,Primaire,Pêche,1160,1800,12,Moyen,0,6,Aucune,1
GH000779,Northern,29,F,Primaire,Artisanat,1200,700,12,Moyen,1,1,Aucune,0
GH000780,Eastern,36,M,Secondaire,Restauration,300,500,24,Bon,0,1,Garant,0
GH000781,Greater Accra,29,F,Primaire,Transport,530,3500,18,Premier,0,6,Garant,0
GH000782,Central,36,M,Primaire,Pêche,1730,3400,18,Bon,0,0,Aucune,0
GH000783,Eastern,39,M,Aucun,Transport,1360,7500,6,Moyen,0,2,Aucune,0
GH000784,Volta,43,F,Secondaire,Restauration,220,900,12,Excellent,0,2,Garant,0
GH000785,Greater Accra,24,M,Aucun,Pêche,880,3400,18,Moyen,1,6,Garant,0
GH000786,Northern,53,M,Primaire,Commerce,200,1400,12,Bon,1,2,Garant,0
GH000787,Volta,25,M,Secondaire,Transport,690,5300,12,Bon,0,1,Garant,0
GH000788,Northern,21,M,Primaire,Artisanat,3040,4500,24,Excellent,0,4,Aucune,0
GH000789,Ashanti,32,M,Primaire,Agriculture,310,2200,6,Bon,0,6,Garant,1
GH000790,Eastern,62,F,Secondaire,Commerce,340,1300,18,Moyen,0,2,Aucune,0
GH000791,Central,62,F,Primaire,Restauration,1230,4300,12,Moyen,1,4,Bien immobilier,0
GH000792,Greater Accra,30,F,Primaire,Restauration,200,3200,18,Excellent,0,0,Garant,0
GH000793,Ashanti,42,F,Secondaire,Artisanat,400,1000,12,Bon,0,6,Épargne,0
GH000794,Central,35,F,Secondaire,Services,1070,500,12,Excellent,0,2,Garant,0
GH000795,Ashanti,50,F,Secondaire,Services,400,1400,18,Excellent,1,0,Garant,0
GH000796,Central,30,F,Primaire,Transport,550,7100,36,Excellent,0,0,Garant,0
GH000797,Western,35,M,Primaire,Transport,1210,5100,36,Bon,1,5,Bien immobilier,0
GH000798,Western,27,M,Secondaire,Artisanat,930,700,12,Moyen,1,6,Bien immobilier,0
GH000799,Western,23,F,Primaire,Artisanat,820,600,6,Bon,0,3,Aucune,0
GH000800,Ashanti,59,M,Primaire,Restauration,510,5700,18,Moyen,0,0,Aucune,1
GH000801,Western,23,F,Secondaire,Restauration,890,700,12,Moyen,0,0,Bien immobilier,0
GH000802,Greater Accra,44,F,Primaire,Agriculture,600,2900,18,Bon,0,5,Épargne,0
GH000803,Greater Accra,22,M,Secondaire,Artisanat,960,1000,12,Bon,1,1,Bien immobilier,0
GH000804,Western,51,F,Primaire,Pêche,450,7700,12,Premier,1,7,Garant,0
GH000805,Central,22,M,Primaire,Services,570,900,18,Bon,0,0,Garant,0
GH000806,Central,46,F,Superieur,Agriculture,300,5100,6,Bon,0,2,Garant,0
GH000807,Ashanti,48,F,Primaire,Pêche,650,2100,18,Mauvais,1,6,Garant,0
GH000808,Central,51,F,Secondaire,Services,350,2300,12,Excellent,1,6,Garant,0
GH000809,Volta,38,M,Aucun,Commerce,270,500,24,Moyen,1,1,Épargne,0
GH000810,Volta,40,M,Primaire,Artisanat,820,500,6,Excellent,1,3,Garant,0
GH000811,Volta,24,F,Aucun,Agriculture,790,1500,12,Mauvais,0,7,Garant,0
GH000812,Eastern,37,F,Primaire,Transport,1240,2300,36,Moyen,0,3,Aucune,1
GH000813,Central,47,M,Superieur,Services,470,700,18,Bon,0,0,Aucune,0
GH000814,Greater Accra,61,M,Superieur,Agriculture,920,700,24,Moyen,1,4,Garant,0
GH000815,Northern,41,M,Secondaire,Commerce,1030,3000,18,Moyen,0,3,Bien immobilier,0
GH000816,Central,40,F,Superieur,Commerce,950,3000,24,Bon,1,7,Bien immobilier,0
GH000817,Volta,25,F,Secondaire,Commerce,340,1600,12,Premier,1,3,Garant,0
GH000818,Ashanti,20,M,Primaire,Services,750,3600,6,Bon,0,5,Bien immobilier,0
GH000819,Central,24,M,Primaire,Agriculture,890,600,24,Mauvais,1,3,Épargne,0
GH000820,Volta,60,F,Secondaire,Restauration,670,1300,24,Bon,0,2,Bien immobilier,0
GH000821,Ashanti,31,F,Primaire,Pêche,200,8000,18,Bon,0,4,Aucune,0
GH000822,Eastern,45,F,Primaire,Transport,760,1900,18,Excellent,1,6,Épargne,0
GH000823,Western,53,F,Secondaire,Transport,3910,2000,24,Bon,1,0,Bien immobilier,0
GH000824,Eastern,33,M,Aucun,Pêche,500,14400,12,Mauvais,1,5,Aucune,0
GH000825,Greater Accra,45,M,Aucun,Transport,370,500,18,Bon,1,5,Garant,0
GH000826,Northern,64,F,Primaire,Commerce,900,3700,6,Bon,1,6,Bien immobilier,0
GH000827,Eastern,46,F,Secondaire,Transport,850,8100,6,Bon,0,5,Garant,0
GH000828,Eastern,28,F,Primaire,Restauration,1730,1300,12,Bon,1,0,Bien immobilier,1
GH000829,Greater Accra,45,F,Secondaire,Restauration,240,3900,24,Bon,0,1,Garant,0
GH000830,Greater Accra,41,F,Primaire,Commerce,1190,700,18,Bon,0,2,Garant,0
GH000831,Western,49,F,Secondaire,Artisanat,1070,1000,36,Premier,1,5,Bien immobilier,0
GH000832,Western,62,M,Primaire,Agriculture,590,2600,6,Bon,1,7,Garant,0
GH000833,Central,36,F,Superieur,Services,870,3700,12,Mauvais,0,4,Épargne,0
GH000834,Ashanti,45,F,Primaire,Artisanat,1520,5000,12,Moyen,0,1,Garant,0
GH000835,Greater Accra,55,F,Secondaire,Services,1340,7400,6,Excellent,1,4,Aucune,0
GH000836,Eastern,20,F,Secondaire,Services,270,1700,12,Mauvais,0,6,Épargne,0
GH000837,Eastern,27,F,Primaire,Restauration,1280,5300,12,Excellent,1,3,Épargne,1
GH000838,Western,54,M,Primaire,Commerce,630,1300,12,Bon,1,4,Aucune,0
GH000839,Ashanti,34,M,Secondaire,Agriculture,710,4100,6,Excellent,1,7,Garant,1
GH000840,Volta,41,F,Secondaire,Pêche,710,2200,12,Bon,0,7,Garant,0
GH000841,Greater Accra,33,F,Primaire,Transport,590,2700,24,Bon,0,7,Épargne,0
GH000842,Western,45,M,Aucun,Restauration,1730,2600,18,Moyen,0,5,Épargne,0
GH000843,Volta,47,F,Aucun,Agriculture,620,500,24,Premier,1,1,Garant,1
GH000844,Ashanti,42,F,Primaire,Agriculture,270,700,24,Moyen,0,2,Épargne,0
GH000845,Greater Accra,33,F,Primaire,Artisanat,490,2000,12,Bon,1,5,Épargne,0
GH000846,Eastern,43,F,Superieur,Pêche,770,500,18,Moyen,1,6,Garant,0
GH000847,Eastern,21,M,Primaire,Artisanat,1780,3800,18,Mauvais,0,2,Bien immobilier,0
GH000848,Western,64,F,Primaire,Artisanat,1080,4000,12,Bon,1,3,Garant,0
GH000849,Ashanti,45,F,Secondaire,Artisanat,340,2400,24,Excellent,0,0,Garant,1
GH000850,Eastern,33,M,Secondaire,Artisanat,4860,700,12,Excellent,0,1,Bien immobilier,0
GH000851,Volta,26,F,Primaire,Restauration,820,6300,6,Bon,0,0,Garant,0
GH000852,Ashanti,22,M,Primaire,Pêche,1850,11300,18,Moyen,0,6,Épargne,0
GH000853,Western,42,M,Primaire,Artisanat,590,2100,18,Moyen,1,6,Aucune,1
GH000854,Volta,62,M,Primaire,Services,1020,2900,18,Bon,1,6,Aucune,1
GH000855,Volta,64,F,Primaire,Restauration,1300,2200,12,Moyen,1,3,Garant,0
GH000856,Central,37,F,Primaire,Services,1760,2900,12,Moyen,1,4,Épargne,0
GH000857,Ashanti,57,F,Aucun,Transport,1550,1600,12,Moyen,1,7,Aucune,0
GH000858,Northern,54,F,Superieur,Restauration,1340,1800,36,Excellent,1,4,Aucune,0
GH000859,Ashanti,34,M,Aucun,Agriculture,520,4100,24,Bon,1,3,Épargne,0
GH000860,Western,44,M,Primaire,Agriculture,420,14900,18,Bon,0,2,Garant,0
GH000861,Northern,56,M,Superieur,Commerce,870,500,12,Mauvais,1,1,Bien immobilier,0
GH000862,Central,47,F,Secondaire,Restauration,1400,1600,12,Moyen,1,3,Bien immobilier,0
GH000863,Eastern,29,F,Primaire,Services,560,600,12,Bon,0,3,Garant,0
GH000864,Greater Accra,58,F,Aucun,Commerce,1560,7600,12,Excellent,0,1,Garant,0
GH000865,Western,36,F,Superieur,Restauration,2130,1100,6,Moyen,1,5,Épargne,0
GH000866,Greater Accra,58,M,Aucun,Artisanat,320,500,18,Bon,1,7,Bien immobilier,1
GH000867,Central,41,F,Secondaire,Artisanat,340,3200,12,Excellent,0,2,Garant,0
GH000868,Northern,45,M,Superieur,Commerce,590,8700,18,Excellent,0,2,Épargne,0
GH000869,Central,63,F,Aucun,Artisanat,850,3300,6,Excellent,0,1,Garant,1
GH000870,Ashanti,44,M,Secondaire,Artisanat,440,2200,12,Bon,0,7,Garant,0
GH000871,Greater Accra,36,M,Superieur,Services,1960,2600,18,Bon,0,0,Garant,0
GH000872,Greater Accra,32,F,Secondaire,Agriculture,930,6500,12,Moyen,0,5,Bien immobilier,1
GH000873,Central,39,M,Primaire,Artisanat,690,800,18,Premier,0,4,Garant,0
GH000874,Northern,44,M,Superieur,Agriculture,210,1600,18,Excellent,0,1,Épargne,0
GH000875,Greater Accra,23,F,Secondaire,Pêche,230,1200,24,Excellent,1,7,Garant,0
GH000876,Volta,29,M,Secondaire,Restauration,830,600,6,Bon,0,2,Bien immobilier,0
GH000877,Eastern,22,M,Secondaire,Agriculture,200,1300,12,Bon,1,5,Épargne,0
GH000878,Central,60,M,Aucun,Transport,1500,4900,12,Moyen,1,0,Épargne,1
GH000879,Ashanti,64,F,Primaire,Transport,590,3000,24,Bon,1,3,Garant,0
GH000880,Ashanti,37,M,Aucun,Agriculture,8910,3200,18,Excellent,0,3,Garant,1
GH000881,Ashanti,55,M,Aucun,Agriculture,4210,2100,12,Moyen,0,3,Épargne,0
GH000882,Greater Accra,41,F,Aucun,Transport,580,2900,6,Moyen,1,4,Garant,0
GH000883,Central,53,F,Primaire,Restauration,610,900,12,Excellent,1,5,Épargne,0
GH000884,Ashanti,27,F,Primaire,Restauration,1480,1400,12,Excellent,1,6,Garant,0
GH000885,Central,59,M,Superieur,Restauration,2600,2100,18,Bon,0,2,Bien immobilier,0
GH000886,Greater Accra,63,M,Secondaire,Transport,200,2300,12,Excellent,0,0,Garant,0
GH000887,Eastern,38,F,Secondaire,Artisanat,200,2400,12,Bon,0,2,Aucune,1
GH000888,Eastern,61,F,Primaire,Agriculture,400,1600,6,Moyen,0,5,Aucune,0
GH000889,Eastern,60,F,Primaire,Restauration,1060,1300,6,Excellent,0,4,Aucune,0
GH000890,Greater Accra,56,M,Primaire,Pêche,990,31000,12,Mauvais,0,4,Épargne,0
GH000891,Ashanti,25,M,Secondaire,Transport,1570,4100,12,Moyen,0,5,Épargne,0
GH000892,Greater Accra,45,F,Secondaire,Restauration,250,2600,18,Excellent,1,7,Bien immobilier,0
GH000893,Central,53,F,Aucun,Services,200,1500,18,Bon,1,1,Bien immobilier,1
GH000894,Eastern,64,M,Secondaire,Services,1320,1200,6,Moyen,0,5,Bien immobilier,0
GH000895,Central,25,M,Secondaire,Commerce,340,1600,12,Excellent,1,6,Garant,0
GH000896,Greater Accra,56,F,Secondaire,Commerce,200,2400,24,Excellent,1,2,Garant,0
GH000897,Western,52,M,Primaire,Agriculture,750,500,12,Bon,0,6,Aucune,0
GH000898,Western,41,F,Secondaire,Agriculture,1250,500,12,Moyen,0,3,Épargne,0
GH000899,Volta,40,F,Secondaire,Agriculture,600,1000,12,Bon,0,1,Garant,0
GH000900,Greater Accra,25,M,Primaire,Services,460,2200,12,Excellent,1,6,Épargne,0
GH000901,Ashanti,25,M,Primaire,Services,590,1500,6,Premier,0,7,Garant,0
GH000902,Northern,23,M,Aucun,Artisanat,490,6800,6,Moyen,0,2,Aucune,0
GH000903,Central,49,F,Primaire,Transport,230,500,12,Moyen,0,1,Épargne,0
GH000904,Greater Accra,30,F,Aucun,Commerce,380,900,18,Moyen,1,1,Bien immobilier,0
GH000905,Greater Accra,49,F,Primaire,Commerce,1010,7100,12,Bon,0,5,Bien immobilier,0
GH000906,Western,50,F,Primaire,Agriculture,860,2000,24,Premier,0,0,Garant,0
GH000907,Eastern,43,F,Primaire,Transport,760,4000,24,Excellent,0,1,Épargne,0
GH000908,Eastern,28,F,Primaire,Commerce,300,11500,18,Moyen,0,5,Garant,0
GH000909,Northern,22,F,Secondaire,Commerce,580,1000,18,Bon,0,6,Garant,0
GH000910,Ashanti,50,M,Secondaire,Artisanat,200,1700,6,Mauvais,0,4,Garant,0
GH000911,Ashanti,59,F,Primaire,Pêche,770,1400,18,Moyen,0,6,Garant,0
GH000912,Northern,56,F,Primaire,Agriculture,2090,500,24,Bon,0,7,Garant,1
GH000913,Ashanti,55,F,Secondaire,Pêche,200,1400,6,Premier,0,3,Garant,0
GH000914,Volta,43,F,Secondaire,Pêche,420,4000,12,Premier,0,0,Bien immobilier,0
GH000915,Volta,50,M,Primaire,Artisanat,870,2900,6,Excellent,0,1,Garant,0
GH000916,Western,25,M,Secondaire,Services,1810,3200,18,Excellent,0,0,Garant,0
GH000917,Greater Accra,21,F,Primaire,Commerce,460,1300,6,Moyen,0,5,Aucune,0
GH000918,Ashanti,39,M,Secondaire,Agriculture,380,1000,12,Premier,0,3,Garant,0
GH000919,Western,47,F,Superieur,Restauration,200,5700,18,Bon,0,3,Garant,0
GH000920,Volta,30,F,Primaire,Services,720,1200,12,Excellent,1,0,Garant,0
GH000921,Central,23,F,Superieur,Pêche,3410,2400,18,Moyen,1,2,Bien immobilier,1
GH000922,Greater Accra,34,F,Primaire,Transport,830,2100,6,Excellent,0,3,Épargne,0
GH000923,Northern,25,F,Secondaire,Pêche,650,6700,6,Bon,0,4,Bien immobilier,0
GH000924,Central,49,F,Primaire,Artisanat,860,4300,12,Bon,1,4,Bien immobilier,0
GH000925,Eastern,57,F,Secondaire,Pêche,660,600,18,Bon,0,7,Épargne,0
GH000926,Eastern,21,M,Aucun,Pêche,350,600,24,Premier,1,1,Garant,0
GH000927,Greater Accra,34,F,Secondaire,Pêche,1290,3000,12,Bon,1,2,Aucune,0
GH000928,Ashanti,30,M,Secondaire,Artisanat,800,1700,6,Excellent,1,2,Garant,0
GH000929,Greater Accra,27,F,Primaire,Commerce,670,1200,24,Bon,0,5,Épargne,0
GH000930,Ashanti,45,M,Aucun,Transport,300,4500,18,Bon,0,7,Bien immobilier,0
GH000931,Northern,64,M,Primaire,Pêche,1890,2100,12,Moyen,0,7,Épargne,0
GH000932,Eastern,63,F,Secondaire,Agriculture,1130,1900,18,Bon,1,1,Épargne,0
GH000933,Volta,24,F,Superieur,Transport,430,3600,24,Moyen,0,3,Épargne,1
GH000934,Volta,25,M,Primaire,Pêche,1480,1300,6,Premier,0,6,Garant,0
GH000935,Greater Accra,45,M,Secondaire,Pêche,450,7400,6,Bon,0,0,Bien immobilier,0
GH000936,Greater Accra,23,F,Primaire,Agriculture,360,900,12,Premier,1,2,Épargne,0
GH000937,Northern,38,F,Primaire,Artisanat,360,3300,18,Excellent,0,2,Garant,0
GH000938,Volta,39,M,Primaire,Restauration,200,6600,12,Moyen,1,6,Épargne,0
GH000939,Ashanti,52,F,Secondaire,Agriculture,970,500,24,Excellent,1,7,Garant,0
GH000940,Eastern,39,M,Superieur,Services,200,1300,18,Excellent,0,5,Bien immobilier,1
GH000941,Eastern,31,M,Secondaire,Restauration,250,5100,18,Moyen,0,3,Bien immobilier,0
GH000942,Ashanti,20,F,Primaire,Commerce,200,5100,6,Excellent,1,5,Épargne,1
GH000943,Northern,45,M,Secondaire,Commerce,620,1500,36,Excellent,0,0,Bien immobilier,0
GH000944,Ashanti,33,M,Aucun,Pêche,590,900,12,Bon,1,4,Épargne,0
GH000945,Northern,57,F,Primaire,Transport,510,4300,12,Bon,1,2,Bien immobilier,0
GH000946,Ashanti,56,F,Primaire,Pêche,290,5200,36,Excellent,1,5,Épargne,0
GH000947,Eastern,30,M,Primaire,Artisanat,260,600,24,Bon,1,6,Garant,0
GH000948,Eastern,55,M,Secondaire,Restauration,960,600,12,Moyen,0,3,Épargne,0
GH000949,Greater Accra,32,F,Primaire,Commerce,430,2200,12,Bon,1,5,Bien immobilier,0
GH000950,Volta,62,M,Superieur,Commerce,860,3200,6,Excellent,0,2,Garant,1
GH000951,Volta,22,F,Primaire,Pêche,330,1400,24,Moyen,1,7,Garant,0
GH000952,Northern,52,F,Primaire,Pêche,770,3300,24,Moyen,0,4,Épargne,0
GH000953,Eastern,25,M,Primaire,Artisanat,1890,1000,12,Bon,1,6,Épargne,0
GH000954,Northern,29,F,Primaire,Pêche,1060,500,18,Moyen,1,1,Épargne,0
GH000955,Northern,24,F,Superieur,Services,480,1200,18,Excellent,1,5,Bien immobilier,0
GH000956,Central,42,M,Primaire,Transport,820,1900,12,Moyen,0,3,Garant,0
GH000957,Central,29,F,Superieur,Pêche,550,1400,18,Excellent,0,6,Garant,0
GH000958,Ashanti,63,M,Primaire,Transport,670,600,12,Bon,0,0,Garant,0
GH000959,Volta,21,F,Primaire,Services,510,500,18,Excellent,1,6,Épargne,0
GH000960,Northern,32,F,Aucun,Transport,580,1100,12,Mauvais,1,6,Garant,0
GH000961,Ashanti,59,F,Superieur,Artisanat,790,4100,18,Bon,0,1,Aucune,0
GH000962,Ashanti,21,M,Aucun,Pêche,300,5600,12,Premier,1,7,Épargne,0
GH000963,Greater Accra,39,F,Superieur,Transport,300,5300,6,Premier,0,5,Épargne,0
GH000964,Central,20,M,Primaire,Transport,220,900,6,Premier,1,0,Garant,0
GH000965,Central,56,F,Primaire,Services,200,600,18,Excellent,0,6,Garant,0
GH000966,Eastern,28,F,Secondaire,Pêche,250,2800,12,Moyen,0,4,Garant,0
GH000967,Central,36,F,Aucun,Pêche,760,3200,18,Bon,1,7,Aucune,0
GH000968,Eastern,28,F,Aucun,Restauration,330,2600,12,Bon,1,7,Bien immobilier,0
GH000969,Northern,30,M,Secondaire,Commerce,1000,500,18,Bon,0,6,Épargne,1
GH000970,Greater Accra,34,M,Primaire,Agriculture,680,800,12,Excellent,0,7,Bien immobilier,0
GH000971,Ashanti,43,M,Secondaire,Commerce,200,1800,12,Moyen,1,0,Bien immobilier,0
GH000972,Ashanti,57,F,Primaire,Restauration,1120,2800,6,Premier,1,2,Bien immobilier,0
GH000973,Northern,54,M,Aucun,Agriculture,1270,3600,12,Bon,1,7,Épargne,0
GH000974,Eastern,49,F,Primaire,Commerce,300,2100,18,Bon,0,4,Garant,0
GH000975,Western,50,F,Secondaire,Artisanat,930,2400,18,Premier,1,6,Bien immobilier,0
GH000976,Northern,24,M,Secondaire,Services,340,2000,12,Bon,1,7,Garant,0
GH000977,Eastern,63,F,Secondaire,Restauration,720,3400,18,Premier,0,1,Épargne,0
GH000978,Northern,33,F,Secondaire,Artisanat,240,2400,12,Mauvais,0,6,Épargne,0
GH000979,Greater Accra,30,M,Aucun,Artisanat,200,1900,12,Bon,1,2,Bien immobilier,1
GH000980,Northern,28,F,Aucun,Commerce,490,1400,12,Moyen,0,5,Bien immobilier,0
GH000981,Northern,53,M,Primaire,Services,600,1900,12,Moyen,0,7,Garant,0
GH000982,Central,31,M,Secondaire,Transport,480,2800,18,Moyen,0,2,Garant,0
GH000983,Eastern,54,F,Secondaire,Agriculture,260,2300,36,Excellent,1,4,Garant,0
GH000984,Greater Accra,54,F,Aucun,Transport,480,2500,6,Moyen,0,7,Bien immobilier,0
GH000985,Volta,20,M,Aucun,Pêche,830,6100,18,Excellent,1,6,Aucune,0
GH000986,Ashanti,59,F,Secondaire,Pêche,640,2300,24,Moyen,0,0,Épargne,1
GH000987,Western,41,M,Superieur,Restauration,770,1000,12,Bon,0,5,Garant,1
GH000988,Western,48,F,Secondaire,Artisanat,390,4000,12,Bon,1,0,Bien immobilier,0
GH000989,Eastern,27,F,Primaire,Restauration,1700,500,6,Mauvais,1,7,Épargne,0
GH000990,Northern,30,M,Secondaire,Commerce,260,700,18,Bon,0,1,Garant,0
GH000991,Central,60,F,Secondaire,Services,980,2400,18,Bon,1,4,Garant,0
GH000992,Northern,56,M,Primaire,Services,1710,2900,18,Excellent,1,7,Garant,0
GH000993,Eastern,33,M,Secondaire,Artisanat,980,600,12,Bon,1,1,Épargne,0
GH000994,Western,49,F,Primaire,Pêche,570,1300,18,Excellent,1,7,Épargne,0
GH000995,Western,54,M,Primaire,Commerce,440,1000,6,Bon,0,6,Aucune,0
GH000996,Northern,40,F,Superieur,Commerce,1520,1200,36,Bon,0,3,Épargne,0
GH000997,Northern,56,F,Superieur,Transport,210,4200,12,Excellent,1,4,Bien immobilier,0
GH000998,Northern,24,M,Primaire,Restauration,310,3400,6,Bon,0,3,Épargne,0
GH000999,Ashanti,38,M,Aucun,Services,480,1800,24,Bon,1,7,Épargne,1
GH001000,Central,33,F,Secondaire,Restauration,1790,1100,24,Bon,0,1,Bien immobilier,0
GH001001,Central,45,M,Primaire,Transport,900,500,18,Bon,0,3,Garant,0
GH001002,Volta,23,M,Primaire,Services,310,6500,6,Mauvais,0,3,Garant,0
GH001003,Volta,44,M,Primaire,Agriculture,520,3100,24,Excellent,1,2,Épargne,0
GH001004,Western,64,F,Secondaire,Pêche,410,1000,18,Moyen,0,2,Aucune,0
GH001005,Western,61,F,Aucun,Pêche,380,3500,18,Mauvais,0,1,Garant,0
GH001006,Eastern,44,M,Secondaire,Restauration,1460,1700,36,Excellent,1,1,Garant,0
GH001007,Eastern,37,M,Aucun,Pêche,220,1400,12,Bon,1,0,Garant,0
GH001008,Volta,59,F,Superieur,Pêche,2410,2700,12,Bon,0,5,Garant,1
GH001009,Ashanti,27,F,Superieur,Commerce,1290,900,18,Excellent,0,3,Bien immobilier,0
GH001010,Western,58,M,Secondaire,Transport,1590,1300,12,Bon,0,6,Garant,0
GH001011,Eastern,59,F,Primaire,Transport,460,2000,6,Moyen,1,5,Aucune,1
GH001012,Ashanti,33,F,Primaire,Artisanat,590,1200,6,Bon,1,0,Bien immobilier,0
GH001013,Central,51,F,Secondaire,Artisanat,210,3300,18,Bon,1,7,Garant,1
GH001014,Western,57,M,Superieur,Agriculture,440,9700,12,Moyen,1,0,Garant,0
GH001015,Greater Accra,52,F,Primaire,Artisanat,990,900,6,Moyen,1,4,Épargne,0
GH001016,Western,42,F,Primaire,Transport,1880,500,12,Bon,0,0,Aucune,0
GH001017,Eastern,34,F,Primaire,Pêche,270,500,12,Bon,0,0,Bien immobilier,1
GH001018,Western,52,F,Primaire,Transport,500,1600,6,Moyen,1,3,Épargne,0
GH001019,Volta,44,F,Primaire,Commerce,590,1000,12,Bon,1,7,Aucune,0
GH001020,Greater Accra,36,F,Superieur,Transport,220,2200,24,Moyen,1,0,Épargne,0
GH001021,Volta,52,F,Primaire,Artisanat,1070,2000,6,Bon,1,3,Garant,1
GH001022,Western,21,F,Primaire,Pêche,370,500,18,Bon,0,5,Garant,0
GH001023,Volta,33,M,Superieur,Transport,570,500,18,Bon,0,7,Bien immobilier,0
GH001024,Eastern,59,F,Primaire,Pêche,460,2400,18,Premier,1,3,Épargne,0
GH001025,Central,59,F,Superieur,Restauration,350,2000,12,Mauvais,0,0,Aucune,0
GH001026,Eastern,58,M,Aucun,Services,660,1200,24,Bon,0,3,Épargne,0
GH001027,Ashanti,25,F,Superieur,Transport,560,500,12,Bon,0,1,Garant,0
GH001028,Volta,25,F,Primaire,Restauration,490,2800,12,Excellent,1,7,Épargne,0
GH001029,Eastern,22,F,Superieur,Artisanat,370,5700,12,Moyen,1,1,Aucune,1
GH001030,Ashanti,26,F,Primaire,Restauration,860,2300,12,Bon,0,3,Aucune,0
GH001031,Western,27,F,Primaire,Pêche,2500,800,12,Moyen,1,6,Bien immobilier,0
GH001032,Ashanti,61,F,Primaire,Pêche,740,1900,12,Mauvais,1,7,Garant,0
GH001033,Volta,34,F,Primaire,Restauration,1480,500,12,Excellent,1,5,Garant,0
GH001034,Northern,48,F,Primaire,Services,220,4700,18,Moyen,1,5,Garant,0
GH001035,Western,52,F,Superieur,Commerce,750,1900,24,Bon,0,1,Épargne,0
GH001036,Ashanti,49,F,Primaire,Restauration,280,500,12,Excellent,0,4,Épargne,0
GH001037,Volta,58,M,Secondaire,Commerce,200,1400,12,Moyen,0,5,Épargne,0
GH001038,Volta,46,M,Aucun,Services,370,2700,18,Bon,1,7,Garant,0
GH001039,Eastern,55,F,Secondaire,Restauration,1730,1300,12,Moyen,0,2,Aucune,0
GH001040,Greater Accra,48,F,Secondaire,Pêche,1420,1400,12,Excellent,1,1,Garant,0
GH001041,Western,57,M,Superieur,Transport,810,600,24,Bon,0,0,Bien immobilier,0
GH001042,Ashanti,52,M,Primaire,Pêche,200,3000,24,Premier,1,7,Bien immobilier,1
GH001043,Greater Accra,56,M,Primaire,Restauration,570,1000,18,Moyen,1,1,Aucune,0
GH001044,Volta,46,F,Primaire,Agriculture,850,500,12,Moyen,1,4,Épargne,0
GH001045,Ashanti,52,F,Secondaire,Commerce,770,1300,12,Bon,0,4,Garant,0
GH001046,Ashanti,23,F,Secondaire,Agriculture,200,4400,12,Excellent,0,4,Garant,0
GH001047,Ashanti,41,M,Secondaire,Pêche,330,1300,12,Premier,0,5,Aucune,0
GH001048,Eastern,21,M,Aucun,Services,630,8600,12,Excellent,1,5,Épargne,0
GH001049,Ashanti,29,M,Secondaire,Commerce,1020,2700,12,Premier,1,1,Épargne,0
GH001050,Greater Accra,24,M,Superieur,Transport,200,2500,12,Excellent,0,6,Aucune,0
GH001051,Northern,29,F,Aucun,Services,580,1600,12,Excellent,0,2,Garant,0
GH001052,Ashanti,52,M,Aucun,Restauration,750,1700,24,Bon,0,7,Bien immobilier,0
GH001053,Northern,57,M,Secondaire,Commerce,1310,1400,24,Bon,0,7,Bien immobilier,0
GH001054,Central,32,F,Primaire,Commerce,1160,1400,18,Moyen,0,0,Épargne,1
GH001055,Volta,50,M,Secondaire,Services,1060,2900,12,Premier,1,2,Aucune,0
GH001056,Western,55,M,Secondaire,Artisanat,350,800,12,Bon,1,5,Épargne,0
GH001057,Eastern,64,F,Superieur,Transport,200,700,18,Excellent,0,7,Aucune,0
GH001058,Central,43,M,Superieur,Commerce,490,700,18,Moyen,0,5,Bien immobilier,0
GH001059,Central,34,F,Secondaire,Transport,1480,11400,18,Moyen,0,1,Bien immobilier,0
GH001060,Greater Accra,48,M,Primaire,Pêche,2030,2900,6,Bon,0,2,Aucune,0
GH001061,Greater Accra,27,F,Primaire,Transport,1170,2400,18,Excellent,1,3,Aucune,0
GH001062,Northern,24,F,Superieur,Agriculture,940,700,24,Bon,0,0,Bien immobilier,0
GH001063,Northern,48,F,Secondaire,Agriculture,900,3200,6,Moyen,0,3,Épargne,0
GH001064,Eastern,23,F,Secondaire,Transport,430,1600,12,Bon,0,3,Garant,0
GH001065,Eastern,31,F,Primaire,Restauration,600,2200,12,Moyen,0,7,Bien immobilier,0
GH001066,Western,64,M,Aucun,Artisanat,2530,800,18,Excellent,0,2,Aucune,0
GH001067,Ashanti,21,M,Primaire,Agriculture,310,2100,6,Mauvais,1,3,Épargne,0
GH001068,Eastern,46,M,Primaire,Services,2420,1200,24,Excellent,1,0,Épargne,1
GH001069,Eastern,50,M,Secondaire,Agriculture,510,900,6,Bon,0,3,Bien immobilier,0
GH001070,Northern,55,F,Secondaire,Commerce,1920,3500,24,Bon,1,1,Bien immobilier,0
GH001071,Ashanti,55,M,Aucun,Transport,220,500,6,Moyen,1,0,Épargne,0
GH001072,Western,45,F,Secondaire,Pêche,1060,3000,12,Bon,1,7,Bien immobilier,0
GH001073,Volta,62,M,Superieur,Transport,370,3300,24,Premier,1,6,Garant,0
GH001074,Volta,46,F,Secondaire,Transport,210,800,24,Moyen,1,6,Garant,0
GH001075,Greater Accra,24,F,Secondaire,Pêche,790,900,36,Excellent,0,6,Bien immobilier,0
GH001076,Western,39,F,Primaire,Restauration,1490,1500,6,Moyen,0,1,Garant,0
GH001077,Ashanti,30,F,Superieur,Pêche,340,2300,12,Moyen,1,1,Garant,0
GH001078,Greater Accra,29,M,Primaire,Agriculture,200,1600,6,Moyen,1,6,Épargne,0
GH001079,Greater Accra,59,F,Superieur,Commerce,620,2700,12,Premier,0,5,Aucune,0
GH001080,Greater Accra,57,M,Secondaire,Pêche,620,8800,12,Moyen,1,7,Bien immobilier,0
GH001081,Western,25,F,Secondaire,Artisanat,1030,1100,6,Bon,0,7,Épargne,0
GH001082,Northern,27,M,Superieur,Artisanat,1420,500,24,Moyen,1,6,Épargne,0
GH001083,Ashanti,42,M,Secondaire,Artisanat,630,3800,6,Moyen,1,4,Aucune,0
GH001084,Western,45,F,Aucun,Pêche,2930,8200,18,Bon,0,7,Épargne,0
GH001085,Western,62,M,Primaire,Commerce,800,2600,18,Bon,1,4,Épargne,0
GH001086,Central,31,M,Aucun,Pêche,500,700,12,Premier,0,1,Garant,0
GH001087,Eastern,45,F,Primaire,Agriculture,200,1600,36,Bon,0,5,Aucune,0
GH001088,Volta,32,F,Aucun,Pêche,540,700,12,Moyen,1,7,Aucune,0
GH001089,Western,59,F,Secondaire,Services,510,3200,24,Bon,0,3,Garant,0
GH001090,Central,37,F,Aucun,Services,1430,500,24,Moyen,0,1,Garant,0
GH001091,Volta,44,F,Primaire,Transport,960,1400,24,Bon,1,1,Épargne,0
GH001092,Northern,52,M,Superieur,Artisanat,260,700,18,Mauvais,1,4,Garant,0
GH001093,Northern,59,F,Secondaire,Artisanat,760,2000,12,Excellent,0,7,Épargne,0
GH001094,Ashanti,62,F,Superieur,Transport,1140,1300,6,Moyen,1,2,Garant,0
GH001095,Central,31,F,Primaire,Commerce,2260,2100,18,Bon,0,2,Épargne,0
GH001096,Western,63,F,Secondaire,Restauration,1350,1800,12,Moyen,1,5,Aucune,0
GH001097,Ashanti,55,M,Primaire,Artisanat,1220,700,24,Bon,0,6,Bien immobilier,0
GH001098,Central,23,M,Primaire,Artisanat,700,3200,18,Excellent,1,5,Garant,0
GH001099,Western,24,M,Secondaire,Restauration,910,1700,12,Bon,1,2,Garant,0
GH001100,Ashanti,56,M,Aucun,Pêche,1810,700,6,Premier,0,1,Épargne,0
GH001101,Volta,27,M,Primaire,Artisanat,230,13600,12,Moyen,0,1,Bien immobilier,0
GH001102,Ashanti,61,F,Secondaire,Commerce,500,2800,18,Bon,0,6,Bien immobilier,0
GH001103,Volta,47,M,Secondaire,Services,360,1600,6,Premier,1,3,Aucune,0
GH001104,Eastern,50,F,Secondaire,Pêche,900,6500,18,Moyen,0,5,Aucune,0
GH001105,Northern,28,F,Primaire,Pêche,1780,9500,18,Bon,1,6,Bien immobilier,0
GH001106,Volta,48,M,Primaire,Artisanat,410,1600,12,Moyen,0,7,Épargne,0
GH001107,Western,33,F,Aucun,Pêche,200,2500,18,Bon,0,4,Épargne,0
GH001108,Eastern,59,F,Superieur,Pêche,480,700,18,Excellent,1,5,Épargne,0
GH001109,Ashanti,60,F,Superieur,Commerce,1380,1600,12,Mauvais,1,1,Épargne,0
GH001110,Ashanti,41,F,Aucun,Pêche,1020,1500,36,Excellent,1,0,Aucune,0
GH001111,Central,30,M,Primaire,Transport,940,2100,6,Bon,1,5,Aucune,0
GH001112,Eastern,42,F,Secondaire,Artisanat,530,2400,12,Moyen,1,0,Bien immobilier,0
GH001113,Greater Accra,20,F,Primaire,Artisanat,240,3000,24,Premier,0,6,Garant,0
GH001114,Western,56,M,Superieur,Transport,1000,2200,12,Excellent,0,4,Bien immobilier,0
GH001115,Northern,40,F,Secondaire,Services,340,600,12,Bon,0,7,Garant,0
GH001116,Volta,45,F,Primaire,Transport,3820,800,18,Moyen,1,6,Aucune,0
GH001117,Eastern,55,M,Aucun,Transport,1050,1100,18,Moyen,0,0,Garant,0
GH001118,Ashanti,42,F,Secondaire,Restauration,420,1400,6,Premier,1,7,Épargne,0
GH001119,Central,20,M,Primaire,Agriculture,410,4700,12,Excellent,1,0,Aucune,0
GH001120,Western,59,F,Secondaire,Restauration,620,600,12,Moyen,1,7,Garant,0
GH001121,Northern,34,M,Primaire,Commerce,550,1300,18,Excellent,0,4,Épargne,1
GH001122,Volta,40,M,Aucun,Commerce,1630,4300,18,Moyen,0,5,Épargne,0
GH001123,Western,28,F,Secondaire,Services,770,1400,18,Excellent,0,7,Garant,0
GH001124,Central,28,M,Primaire,Artisanat,370,2700,18,Mauvais,0,1,Bien immobilier,0
GH001125,Ashanti,29,M,Primaire,Agriculture,3020,1600,12,Excellent,0,1,Bien immobilier,0
GH001126,Volta,45,M,Aucun,Restauration,690,2300,12,Moyen,0,3,Aucune,0
GH001127,Northern,60,M,Secondaire,Services,1230,1500,12,Bon,1,1,Bien immobilier,0
GH001128,Greater Accra,54,F,Secondaire,Services,410,3300,12,Bon,1,6,Garant,1
GH001129,Central,44,M,Primaire,Agriculture,890,500,18,Moyen,1,0,Épargne,0
GH001130,Greater Accra,45,F,Secondaire,Artisanat,850,1300,18,Excellent,0,7,Garant,0
GH001131,Eastern,30,M,Primaire,Services,200,2400,12,Bon,1,6,Garant,1
GH001132,Western,57,M,Primaire,Services,3330,2900,24,Excellent,1,7,Aucune,0
GH001133,Northern,21,M,Secondaire,Pêche,1870,6900,12,Excellent,1,0,Bien immobilier,0
GH001134,Ashanti,26,F,Secondaire,Artisanat,480,1300,6,Excellent,1,3,Épargne,0
GH001135,Greater Accra,37,M,Primaire,Services,280,6800,12,Bon,1,4,Garant,1
GH001136,Ashanti,46,F,Aucun,Artisanat,880,1000,12,Moyen,0,6,Aucune,0
GH001137,Eastern,53,M,Aucun,Agriculture,710,6000,12,Moyen,1,7,Épargne,0
GH001138,Greater Accra,46,F,Secondaire,Commerce,880,3800,24,Excellent,1,0,Bien immobilier,0
GH001139,Ashanti,36,M,Aucun,Pêche,780,800,12,Bon,0,1,Épargne,0
GH001140,Ashanti,62,F,Aucun,Pêche,1000,2400,24,Moyen,0,1,Épargne,0
GH001141,Volta,63,M,Primaire,Services,2120,1700,6,Bon,0,6,Garant,0
GH001142,Eastern,43,M,Primaire,Commerce,1050,3200,18,Excellent,1,6,Garant,0
GH001143,Central,44,M,Secondaire,Agriculture,290,1500,24,Bon,1,6,Bien immobilier,0
GH001144,Northern,26,M,Primaire,Agriculture,1980,1400,12,Bon,1,1,Garant,0
GH001145,Eastern,25,F,Secondaire,Commerce,2470,6200,6,Excellent,0,0,Garant,0
GH001146,Greater Accra,43,F,Aucun,Restauration,8280,1700,12,Moyen,0,2,Épargne,0
GH001147,Greater Accra,52,M,Primaire,Agriculture,270,3800,36,Bon,1,0,Garant,0
GH001148,Western,48,F,Primaire,Services,810,1500,18,Premier,0,0,Garant,0
GH001149,Ashanti,62,M,Primaire,Commerce,200,8100,18,Mauvais,0,2,Épargne,0
GH001150,Northern,41,M,Primaire,Restauration,1040,1000,18,Moyen,1,2,Aucune,0
GH001151,Greater Accra,45,M,Secondaire,Artisanat,430,1000,6,Bon,1,1,Bien immobilier,0
GH001152,Central,47,F,Secondaire,Pêche,3100,7100,12,Bon,1,6,Aucune,0
GH001153,Central,40,M,Primaire,Commerce,360,1200,6,Bon,0,1,Garant,0
GH001154,Eastern,26,F,Aucun,Services,200,7600,12,Bon,0,1,Garant,0
GH001155,Greater Accra,36,M,Primaire,Agriculture,460,4000,24,Premier,1,0,Bien immobilier,0
GH001156,Northern,39,M,Secondaire,Pêche,200,1600,18,Excellent,0,5,Aucune,0
GH001157,Northern,60,F,Superieur,Restauration,1210,500,36,Moyen,0,4,Épargne,0
GH001158,Greater Accra,39,M,Superieur,Services,200,1800,12,Moyen,0,5,Garant,0
GH001159,Volta,41,M,Secondaire,Pêche,680,2000,12,Mauvais,0,6,Aucune,1
GH001160,Western,47,M,Primaire,Services,200,5200,24,Bon,0,3,Épargne,0
GH001161,Western,59,M,Secondaire,Transport,510,7600,12,Moyen,0,4,Aucune,1
GH001162,Western,26,F,Primaire,Commerce,2480,1000,12,Premier,0,2,Garant,0
GH001163,Volta,20,M,Secondaire,Artisanat,890,3700,12,Excellent,0,0,Garant,1
GH001164,Greater Accra,51,F,Primaire,Restauration,330,3600,12,Excellent,0,5,Aucune,0
GH001165,Eastern,32,M,Primaire,Services,650,4800,36,Bon,1,0,Garant,0
GH001166,Volta,49,F,Aucun,Restauration,670,2800,12,Bon,0,3,Épargne,0
GH001167,Northern,42,F,Primaire,Restauration,970,500,24,Excellent,0,6,Garant,0
GH001168,Eastern,38,M,Secondaire,Pêche,220,1600,24,Excellent,0,4,Garant,0
GH001169,Eastern,51,F,Secondaire,Artisanat,1070,600,12,Excellent,0,7,Bien immobilier,0
GH001170,Volta,49,M,Secondaire,Services,200,1500,18,Moyen,0,2,Bien immobilier,0
GH001171,Eastern,48,F,Superieur,Commerce,400,4400,12,Bon,0,3,Bien immobilier,0
GH001172,Central,64,F,Aucun,Commerce,450,2400,6,Mauvais,0,0,Bien immobilier,0
GH001173,Greater Accra,48,M,Primaire,Pêche,1100,5100,24,Bon,0,3,Garant,0
GH001174,Ashanti,49,F,Secondaire,Transport,680,2500,12,Moyen,0,1,Bien immobilier,0
GH001175,Greater Accra,35,F,Secondaire,Services,220,600,12,Bon,0,4,Épargne,0
GH001176,Eastern,59,F,Primaire,Commerce,300,500,12,Moyen,0,2,Épargne,0
GH001177,Central,38,F,Aucun,Commerce,780,2100,12,Bon,0,1,Aucune,0
GH001178,Central,37,F,Primaire,Artisanat,620,1500,12,Excellent,1,4,Épargne,0
GH001179,Greater Accra,20,M,Superieur,Pêche,420,800,12,Premier,0,1,Garant,0
GH001180,Ashanti,33,F,Superieur,Pêche,450,500,12,Mauvais,1,3,Épargne,0
GH001181,Volta,21,M,Primaire,Restauration,1160,900,24,Bon,1,2,Bien immobilier,0
GH001182,Volta,47,M,Superieur,Commerce,440,1500,12,Premier,0,5,Bien immobilier,0
GH001183,Eastern,49,F,Aucun,Agriculture,620,3300,6,Bon,1,3,Épargne,0
GH001184,Central,57,F,Primaire,Transport,3770,2100,12,Bon,1,3,Bien immobilier,0
GH001185,Eastern,23,M,Secondaire,Artisanat,210,7700,18,Moyen,0,6,Garant,0
GH001186,Eastern,20,F,Primaire,Artisanat,200,700,18,Bon,0,4,Épargne,0
GH001187,Northern,27,M,Primaire,Services,1240,4000,36,Bon,0,2,Garant,0
GH001188,Eastern,48,M,Superieur,Transport,390,1900,18,Bon,1,2,Bien immobilier,0
GH001189,Western,58,F,Secondaire,Transport,520,3400,12,Bon,0,3,Garant,1
GH001190,Northern,22,F,Superieur,Agriculture,360,1200,6,Excellent,1,6,Bien immobilier,0
GH001191,Eastern,51,M,Aucun,Restauration,540,4700,12,Excellent,0,2,Garant,0
GH001192,Eastern,29,M,Primaire,Agriculture,2390,2400,18,Premier,1,0,Épargne,0
GH001193,Ashanti,29,M,Primaire,Transport,1260,1000,12,Bon,0,6,Garant,0
GH001194,Volta,38,F,Superieur,Services,1330,1800,18,Excellent,1,2,Aucune,0
GH001195,Northern,53,M,Primaire,Transport,210,1500,24,Moyen,1,3,Épargne,0
GH001196,Volta,52,M,Primaire,Agriculture,260,2800,18,Bon,0,0,Bien immobilier,0
GH001197,Northern,42,F,Aucun,Restauration,200,600,18,Excellent,1,6,Aucune,0
GH001198,Ashanti,47,M,Secondaire,Agriculture,350,1800,18,Premier,0,0,Épargne,0
GH001199,Western,51,M,Primaire,Services,1430,2600,6,Premier,0,4,Garant,0
GH001200,Northern,26,F,Aucun,Restauration,1010,1900,12,Excellent,1,3,Épargne,0
GH001201,Western,48,F,Primaire,Transport,560,6100,6,Mauvais,0,2,Épargne,0
GH001202,Eastern,27,F,Primaire,Transport,650,3600,6,Mauvais,0,5,Garant,0
GH001203,Central,20,M,Primaire,Transport,380,1800,24,Moyen,0,0,Bien immobilier,0
GH001204,Central,22,F,Aucun,Commerce,780,2200,12,Bon,1,3,Aucune,0
GH001205,Greater Accra,43,F,Superieur,Restauration,1230,2400,18,Excellent,0,4,Épargne,1
GH001206,Central,42,M,Aucun,Transport,200,2600,18,Excellent,1,1,Bien immobilier,0
GH001207,Central,27,F,Aucun,Pêche,850,500,18,Moyen,1,1,Épargne,1
GH001208,Ashanti,56,M,Primaire,Services,1400,1400,18,Mauvais,0,2,Garant,0
GH001209,Greater Accra,22,F,Superieur,Pêche,480,500,12,Moyen,0,7,Aucune,0
GH001210,Volta,52,F,Aucun,Agriculture,1170,5700,12,Excellent,1,1,Garant,0
GH001211,Greater Accra,47,F,Secondaire,Pêche,6320,1700,24,Bon,1,0,Épargne,0
GH001212,Ashanti,27,M,Superieur,Restauration,610,1500,6,Bon,0,5,Garant,0
GH001213,Central,53,F,Primaire,Commerce,910,4100,6,Moyen,0,0,Garant,0
GH001214,Central,54,M,Primaire,Restauration,370,2600,12,Excellent,1,3,Épargne,0
GH001215,Greater Accra,51,F,Secondaire,Artisanat,770,700,12,Moyen,1,2,Épargne,0
GH001216,Central,43,F,Secondaire,Agriculture,960,1700,12,Moyen,1,5,Garant,1
GH001217,Greater Accra,33,M,Secondaire,Transport,780,1300,36,Excellent,0,3,Aucune,0
GH001218,Central,51,M,Secondaire,Commerce,290,500,18,Excellent,1,7,Garant,0
GH001219,Eastern,62,F,Primaire,Agriculture,780,1000,24,Bon,0,5,Épargne,0
GH001220,Ashanti,35,F,Secondaire,Artisanat,2140,1500,12,Premier,1,3,Bien immobilier,0
GH001221,Northern,23,F,Aucun,Pêche,950,1600,12,Bon,1,6,Bien immobilier,0
GH001222,Western,56,M,Secondaire,Artisanat,1440,500,18,Bon,0,2,Aucune,0
GH001223,Volta,40,F,Secondaire,Pêche,550,5100,24,Moyen,0,5,Garant,0
GH001224,Eastern,33,M,Primaire,Agriculture,1210,1600,12,Bon,1,5,Garant,0
GH001225,Central,50,F,Aucun,Agriculture,830,1900,24,Excellent,1,3,Épargne,0
GH001226,Western,37,F,Primaire,Transport,310,2600,36,Moyen,1,7,Garant,0
GH001227,Northern,26,F,Primaire,Transport,860,900,12,Moyen,1,7,Bien immobilier,0
GH001228,Eastern,29,M,Superieur,Agriculture,300,2700,12,Bon,0,5,Garant,0
GH001229,Northern,26,F,Secondaire,Transport,400,1300,12,Excellent,1,1,Garant,1
GH001230,Ashanti,52,M,Secondaire,Restauration,770,800,36,Moyen,1,4,Bien immobilier,0
GH001231,Western,42,F,Primaire,Commerce,840,3000,12,Moyen,0,3,Épargne,0
GH001232,Northern,40,F,Aucun,Restauration,260,6900,18,Excellent,1,5,Bien immobilier,0
GH001233,Western,38,M,Primaire,Services,1550,3500,18,Moyen,1,0,Épargne,0
GH001234,Ashanti,38,M,Primaire,Services,1050,4100,12,Premier,1,6,Garant,0
GH001235,Northern,55,M,Secondaire,Artisanat,380,1100,18,Excellent,0,0,Épargne,0
GH001236,Eastern,48,F,Superieur,Services,200,500,12,Bon,0,6,Garant,0
GH001237,Western,37,F,Primaire,Commerce,590,6900,24,Moyen,1,1,Garant,0
GH001238,Volta,21,F,Secondaire,Agriculture,470,11500,18,Excellent,0,3,Garant,0
GH001239,Volta,20,M,Aucun,Agriculture,730,7200,24,Moyen,0,6,Aucune,0
GH001240,Volta,24,F,Aucun,Agriculture,500,1300,12,Mauvais,1,7,Garant,0
GH001241,Northern,39,F,Aucun,Pêche,200,600,6,Mauvais,0,3,Épargne,0
GH001242,Ashanti,30,F,Secondaire,Artisanat,490,700,24,Bon,0,2,Bien immobilier,0
GH001243,Volta,61,M,Primaire,Restauration,520,500,12,Mauvais,0,7,Garant,0
GH001244,Northern,21,M,Primaire,Transport,1100,1600,12,Bon,1,3,Bien immobilier,0
GH001245,Northern,22,F,Secondaire,Artisanat,380,7700,6,Bon,0,7,Aucune,0
GH001246,Eastern,42,F,Secondaire,Services,2550,1600,12,Excellent,1,3,Épargne,0
GH001247,Central,31,F,Aucun,Pêche,200,2400,12,Premier,1,0,Aucune,1
GH001248,Greater Accra,39,F,Secondaire,Pêche,1900,6200,18,Bon,0,2,Garant,0
GH001249,Central,24,M,Secondaire,Artisanat,560,1300,18,Mauvais,0,7,Aucune,0
GH001250,Central,56,F,Primaire,Pêche,1320,11300,12,Excellent,0,3,Aucune,0
GH001251,Greater Accra,57,M,Secondaire,Transport,710,10900,24,Moyen,1,5,Bien immobilier,0
GH001252,Northern,49,F,Primaire,Commerce,1660,1600,12,Excellent,1,1,Garant,0
GH001253,Central,28,M,Secondaire,Agriculture,490,1100,12,Excellent,1,6,Épargne,0
GH001254,Central,53,M,Superieur,Restauration,280,3400,12,Premier,0,3,Aucune,0
GH001255,Ashanti,63,F,Primaire,Pêche,2070,1300,24,Excellent,0,2,Garant,0
GH001256,Ashanti,54,M,Primaire,Restauration,610,600,24,Bon,0,1,Bien immobilier,0
GH001257,Eastern,41,F,Primaire,Agriculture,790,5700,12,Mauvais,1,1,Aucune,0
GH001258,Western,63,F,Primaire,Transport,1790,5400,12,Mauvais,1,1,Épargne,0
GH001259,Northern,43,F,Aucun,Artisanat,290,2100,12,Bon,1,0,Épargne,0
GH001260,Volta,36,M,Secondaire,Services,1070,600,24,Moyen,1,0,Garant,0
GH001261,Eastern,29,M,Aucun,Transport,410,600,18,Moyen,0,1,Aucune,0
GH001262,Ashanti,49,F,Primaire,Agriculture,600,2000,24,Excellent,1,5,Aucune,0
GH001263,Ashanti,42,M,Secondaire,Restauration,700,1200,6,Bon,1,0,Garant,0
GH001264,Greater Accra,51,F,Secondaire,Commerce,200,1300,12,Bon,0,1,Épargne,0
GH001265,Greater Accra,36,F,Aucun,Artisanat,360,4500,18,Bon,1,1,Épargne,0
GH001266,Volta,36,F,Secondaire,Pêche,1960,3500,24,Bon,1,4,Épargne,0
GH001267,Volta,33,F,Superieur,Commerce,1350,6200,12,Bon,0,0,Bien immobilier,0
GH001268,Ashanti,28,M,Aucun,Agriculture,630,700,12,Bon,0,4,Garant,0
GH001269,Central,59,F,Primaire,Restauration,810,1300,24,Bon,0,5,Garant,0
GH001270,Volta,21,F,Secondaire,Restauration,530,3600,6,Bon,1,5,Garant,1
GH001271,Eastern,64,M,Secondaire,Restauration,1970,2700,12,Excellent,1,7,Bien immobilier,0
GH001272,Ashanti,44,M,Primaire,Agriculture,570,7200,12,Moyen,0,1,Épargne,0
GH001273,Northern,58,F,Primaire,Artisanat,800,2600,6,Mauvais,1,1,Épargne,0
GH001274,Ashanti,28,F,Secondaire,Pêche,1660,9500,12,Excellent,0,4,Garant,0
GH001275,Greater Accra,41,F,Superieur,Commerce,360,2900,18,Excellent,0,2,Épargne,0
GH001276,Eastern,62,F,Secondaire,Agriculture,2310,4700,12,Moyen,0,1,Épargne,1
GH001277,Eastern,23,F,Superieur,Restauration,200,1400,12,Premier,0,5,Épargne,0
GH001278,Western,45,F,Secondaire,Pêche,2450,1800,18,Excellent,0,5,Garant,0
GH001279,Ashanti,48,F,Superieur,Restauration,490,4100,36,Excellent,1,7,Épargne,0
GH001280,Western,64,M,Secondaire,Agriculture,550,7700,18,Excellent,1,0,Épargne,0
GH001281,Greater Accra,53,M,Superieur,Restauration,200,3500,24,Moyen,0,3,Garant,0
GH001282,Western,42,F,Primaire,Agriculture,460,1700,24,Premier,0,7,Garant,0
GH001283,Central,56,F,Secondaire,Services,290,6200,24,Moyen,0,6,Bien immobilier,1
GH001284,Ashanti,30,M,Primaire,Restauration,410,500,36,Bon,0,5,Épargne,0
GH001285,Ashanti,25,F,Aucun,Agriculture,600,500,18,Moyen,0,3,Épargne,0
GH001286,Eastern,37,M,Secondaire,Restauration,1430,3300,18,Excellent,1,3,Épargne,0
GH001287,Volta,40,M,Primaire,Pêche,790,1800,18,Moyen,0,7,Épargne,0
GH001288,Western,61,F,Aucun,Pêche,850,3100,24,Bon,0,4,Épargne,0
GH001289,Eastern,55,M,Superieur,Restauration,280,1900,18,Excellent,0,1,Épargne,0
GH001290,Northern,60,F,Secondaire,Restauration,330,3000,18,Excellent,1,7,Aucune,0
GH001291,Western,57,F,Superieur,Agriculture,2800,900,12,Moyen,0,5,Épargne,0
GH001292,Volta,53,F,Superieur,Agriculture,370,3000,24,Moyen,0,5,Épargne,0
GH001293,Western,36,M,Primaire,Agriculture,2500,4400,12,Bon,0,2,Épargne,0
GH001294,Volta,56,F,Primaire,Artisanat,550,5400,12,Excellent,0,0,Aucune,0
GH001295,Volta,44,F,Primaire,Restauration,670,11100,18,Excellent,1,7,Garant,0
GH001296,Greater Accra,57,M,Secondaire,Transport,1570,2300,12,Excellent,0,3,Garant,0
GH001297,Western,31,M,Secondaire,Restauration,1840,2300,12,Bon,1,6,Garant,0
GH001298,Eastern,42,F,Primaire,Restauration,610,500,12,Bon,0,3,Épargne,0
GH001299,Northern,61,M,Primaire,Restauration,490,1100,6,Excellent,0,0,Aucune,1
GH001300,Volta,41,F,Primaire,Agriculture,640,1500,6,Moyen,1,3,Bien immobilier,0
GH001301,Western,40,F,Primaire,Services,870,4700,18,Moyen,1,4,Épargne,1
GH001302,Western,46,M,Aucun,Services,1360,1000,24,Bon,0,7,Bien immobilier,0
GH001303,Ashanti,50,F,Superieur,Services,670,3700,12,Bon,1,1,Garant,0
GH001304,Ashanti,25,M,Aucun,Services,1090,1800,18,Excellent,0,1,Bien immobilier,0
GH001305,Northern,46,M,Primaire,Agriculture,2470,1500,24,Bon,1,2,Garant,0
GH001306,Volta,59,F,Aucun,Artisanat,900,2300,12,Mauvais,1,7,Bien immobilier,0
GH001307,Ashanti,53,F,Secondaire,Services,850,1300,18,Moyen,0,7,Épargne,0
GH001308,Central,31,F,Primaire,Agriculture,200,1200,12,Excellent,0,4,Épargne,0
GH001309,Ashanti,64,M,Aucun,Transport,200,500,18,Mauvais,0,7,Aucune,0
GH001310,Central,26,F,Secondaire,Restauration,910,1400,12,Moyen,1,2,Bien immobilier,1
GH001311,Northern,29,F,Superieur,Restauration,620,1200,36,Bon,0,3,Garant,0
GH001312,Central,64,F,Superieur,Services,440,1100,6,Moyen,0,5,Garant,0
GH001313,Northern,36,F,Primaire,Commerce,810,2600,12,Excellent,1,6,Aucune,0
GH001314,Eastern,45,M,Secondaire,Agriculture,630,3300,12,Bon,0,1,Aucune,0
GH001315,Ashanti,40,M,Aucun,Commerce,1640,2200,18,Moyen,0,6,Aucune,0
GH001316,Western,47,F,Aucun,Restauration,710,4400,12,Premier,0,2,Épargne,0
GH001317,Volta,21,F,Primaire,Agriculture,370,3000,12,Excellent,0,6,Épargne,0
GH001318,Greater Accra,62,M,Primaire,Services,1470,1400,12,Bon,1,2,Épargne,0
GH001319,Volta,20,F,Secondaire,Restauration,560,1200,12,Premier,1,4,Garant,0
GH001320,Western,55,M,Superieur,Commerce,1010,2400,18,Excellent,0,6,Épargne,0
GH001321,Ashanti,45,M,Aucun,Services,450,3000,12,Mauvais,0,5,Garant,0
GH001322,Western,48,F,Primaire,Commerce,400,6400,18,Excellent,0,3,Bien immobilier,0
GH001323,Ashanti,40,M,Primaire,Pêche,710,5300,12,Excellent,0,0,Bien immobilier,0
GH001324,Volta,30,F,Secondaire,Services,670,1100,6,Bon,0,4,Garant,0
GH001325,Ashanti,59,F,Superieur,Pêche,980,1600,12,Moyen,0,4,Aucune,0
GH001326,Western,30,F,Superieur,Agriculture,540,3300,24,Excellent,0,3,Garant,0
GH001327,Central,55,M,Secondaire,Agriculture,200,4700,18,Bon,1,7,Bien immobilier,0
GH001328,Eastern,58,M,Primaire,Services,470,4200,12,Excellent,0,0,Aucune,0
GH001329,Eastern,59,M,Secondaire,Agriculture,1260,1700,18,Excellent,1,4,Garant,0
GH001330,Eastern,54,F,Primaire,Agriculture,520,600,24,Bon,0,2,Garant,0
GH001331,Eastern,53,M,Superieur,Agriculture,550,700,12,Bon,1,2,Épargne,0
GH001332,Greater Accra,43,F,Aucun,Agriculture,1460,2300,18,Excellent,1,7,Garant,1
GH001333,Northern,41,F,Secondaire,Transport,380,2500,12,Bon,1,2,Épargne,0
GH001334,Ashanti,24,F,Aucun,Agriculture,200,700,6,Moyen,0,5,Aucune,0
GH001335,Greater Accra,52,F,Primaire,Commerce,580,1900,12,Excellent,0,5,Épargne,1
GH001336,Eastern,55,F,Secondaire,Commerce,450,3200,18,Bon,1,6,Garant,1
GH001337,Eastern,39,F,Secondaire,Commerce,310,600,12,Bon,0,2,Garant,0
GH001338,Volta,38,M,Secondaire,Transport,580,4900,12,Bon,0,0,Bien immobilier,0
GH001339,Western,54,M,Secondaire,Restauration,990,1300,12,Mauvais,1,6,Garant,0
GH001340,Eastern,62,F,Primaire,Services,660,5600,12,Premier,1,5,Garant,0
GH001341,Ashanti,36,F,Superieur,Services,850,1100,12,Excellent,1,3,Garant,0
GH001342,Volta,64,M,Secondaire,Artisanat,2840,700,18,Moyen,0,3,Épargne,0
GH001343,Eastern,62,F,Primaire,Restauration,510,1200,6,Moyen,0,0,Aucune,0
GH001344,Eastern,53,F,Secondaire,Agriculture,830,1700,24,Mauvais,0,3,Garant,0
GH001345,Greater Accra,28,M,Superieur,Artisanat,440,1300,12,Mauvais,1,2,Bien immobilier,1
GH001346,Ashanti,45,M,Secondaire,Commerce,340,1500,18,Bon,0,0,Garant,0
GH001347,Central,21,F,Primaire,Commerce,420,2400,12,Premier,0,2,Aucune,0
GH001348,Western,28,F,Secondaire,Pêche,450,1500,18,Premier,1,3,Garant,1
GH001349,Central,28,M,Primaire,Agriculture,890,1700,24,Bon,0,6,Épargne,0
GH001350,Northern,59,M,Secondaire,Agriculture,4360,500,12,Bon,1,4,Garant,0
GH001351,Greater Accra,36,F,Secondaire,Pêche,380,2600,18,Moyen,0,0,Bien immobilier,0
GH001352,Eastern,20,F,Superieur,Restauration,480,1700,12,Bon,0,1,Garant,0
GH001353,Western,44,M,Secondaire,Pêche,630,7700,6,Moyen,0,7,Garant,0
GH001354,Northern,62,M,Primaire,Transport,910,800,24,Bon,1,6,Bien immobilier,0
GH001355,Northern,59,F,Secondaire,Agriculture,820,500,12,Excellent,0,1,Épargne,0
GH001356,Ashanti,61,M,Primaire,Transport,1860,3200,12,Mauvais,1,5,Bien immobilier,0
GH001357,Western,44,M,Primaire,Transport,200,2500,6,Premier,1,7,Épargne,0
GH001358,Northern,58,M,Primaire,Transport,200,700,12,Excellent,1,2,Épargne,0
GH001359,Greater Accra,54,M,Aucun,Commerce,450,500,24,Moyen,1,3,Garant,0
GH001360,Eastern,22,F,Superieur,Pêche,1600,7200,12,Bon,0,2,Garant,0
GH001361,Greater Accra,56,M,Secondaire,Artisanat,200,6500,12,Bon,0,5,Garant,1
GH001362,Volta,63,M,Secondaire,Commerce,200,500,12,Bon,0,5,Épargne,0
GH001363,Northern,63,M,Primaire,Restauration,1050,1200,12,Bon,1,1,Bien immobilier,0
GH001364,Ashanti,49,F,Secondaire,Commerce,810,8100,18,Bon,1,6,Épargne,0
GH001365,Central,57,M,Secondaire,Restauration,280,1200,18,Mauvais,1,0,Garant,0
GH001366,Eastern,53,F,Primaire,Commerce,300,1200,12,Moyen,0,7,Garant,0
GH001367,Eastern,31,F,Superieur,Agriculture,310,1400,24,Bon,0,2,Garant,0
GH001368,Greater Accra,38,F,Primaire,Services,730,700,6,Moyen,0,7,Épargne,0
GH001369,Greater Accra,56,F,Secondaire,Transport,400,500,6,Premier,1,3,Bien immobilier,0
GH001370,Greater Accra,63,M,Aucun,Services,990,4700,36,Excellent,0,1,Garant,0
GH001371,Northern,36,M,Primaire,Restauration,200,500,18,Bon,0,7,Bien immobilier,0
GH001372,Eastern,29,F,Superieur,Restauration,340,2300,24,Mauvais,1,0,Bien immobilier,0
GH001373,Greater Accra,31,M,Secondaire,Pêche,270,4000,18,Moyen,1,2,Épargne,0
GH001374,Volta,35,F,Secondaire,Commerce,540,500,12,Premier,0,0,Garant,1
GH001375,Western,43,F,Superieur,Restauration,430,800,18,Excellent,1,4,Aucune,0
GH001376,Northern,38,F,Primaire,Restauration,1260,5400,6,Mauvais,0,1,Bien immobilier,1
GH001377,Northern,27,F,Secondaire,Commerce,200,2900,18,Moyen,0,6,Épargne,0
GH001378,Western,50,F,Primaire,Commerce,690,1000,12,Mauvais,1,2,Garant,0
GH001379,Western,40,F,Secondaire,Artisanat,1040,5300,36,Bon,0,0,Garant,0
GH001380,Northern,36,F,Primaire,Pêche,2940,5400,18,Excellent,1,6,Garant,0
GH001381,Eastern,42,M,Primaire,Restauration,450,2300,12,Bon,0,7,Garant,0
GH001382,Greater Accra,56,F,Superieur,Commerce,860,800,12,Bon,1,2,Garant,0
GH001383,Volta,35,M,Aucun,Restauration,200,1200,6,Bon,0,6,Épargne,0
GH001384,Ashanti,25,F,Aucun,Artisanat,200,2300,18,Moyen,1,3,Garant,0
GH001385,Greater Accra,27,M,Aucun,Artisanat,1310,1500,12,Bon,1,7,Aucune,0
GH001386,Eastern,44,M,Primaire,Restauration,660,4200,12,Bon,0,7,Garant,0
GH001387,Western,37,F,Primaire,Pêche,1710,500,36,Bon,0,3,Garant,0
GH001388,Eastern,44,M,Aucun,Agriculture,220,500,24,Excellent,0,2,Épargne,0
GH001389,Greater Accra,31,F,Secondaire,Services,1010,2100,36,Excellent,1,1,Garant,0
GH001390,Volta,34,F,Secondaire,Restauration,2970,1200,12,Bon,0,5,Garant,1
GH001391,Eastern,45,F,Secondaire,Artisanat,930,1000,18,Moyen,0,7,Garant,0
GH001392,Ashanti,60,M,Superieur,Pêche,830,500,24,Mauvais,1,2,Garant,0
GH001393,Eastern,64,F,Secondaire,Transport,670,1800,18,Bon,1,6,Bien immobilier,0
GH001394,Central,45,F,Aucun,Commerce,200,1700,12,Mauvais,0,2,Garant,0
GH001395,Eastern,51,M,Aucun,Services,1970,3300,24,Excellent,1,2,Épargne,0
GH001396,Greater Accra,29,F,Secondaire,Transport,410,1900,24,Premier,0,2,Bien immobilier,0
GH001397,Central,35,F,Secondaire,Pêche,1000,1600,18,Premier,1,1,Garant,0
GH001398,Western,26,F,Primaire,Pêche,200,5200,12,Bon,0,4,Bien immobilier,0
GH001399,Greater Accra,36,F,Primaire,Services,260,600,12,Excellent,0,4,Garant,0
GH001400,Northern,42,M,Secondaire,Services,2100,2900,18,Bon,1,0,Aucune,0
GH001401,Ashanti,45,F,Secondaire,Restauration,500,500,12,Excellent,0,7,Bien immobilier,0
GH001402,Eastern,40,F,Secondaire,Pêche,2130,900,18,Moyen,0,7,Épargne,0
GH001403,Eastern,41,F,Primaire,Commerce,620,600,6,Excellent,1,1,Garant,0
GH001404,Greater Accra,26,F,Secondaire,Services,200,3700,6,Bon,1,1,Bien immobilier,0
GH001405,Eastern,33,F,Secondaire,Transport,1360,1700,12,Excellent,0,6,Garant,0
GH001406,Eastern,34,F,Superieur,Restauration,410,1800,12,Excellent,1,1,Bien immobilier,0
GH001407,Western,26,F,Secondaire,Artisanat,1160,700,18,Excellent,1,3,Aucune,0
GH001408,Eastern,28,F,Secondaire,Services,680,1400,12,Excellent,1,1,Bien immobilier,0
GH001409,Eastern,27,F,Secondaire,Commerce,200,900,18,Moyen,0,6,Aucune,0
GH001410,Western,42,F,Primaire,Restauration,760,2600,18,Bon,0,6,Aucune,0
GH001411,Northern,48,F,Primaire,Services,3850,700,12,Moyen,0,6,Garant,0
GH001412,Eastern,37,M,Superieur,Restauration,990,6000,24,Moyen,0,3,Garant,0
GH001413,Northern,50,M,Secondaire,Services,640,500,18,Excellent,0,4,Bien immobilier,0
GH001414,Western,49,F,Secondaire,Agriculture,1570,900,18,Bon,0,4,Bien immobilier,0
GH001415,Ashanti,58,F,Superieur,Commerce,790,8200,24,Bon,1,3,Épargne,0
GH001416,Eastern,54,M,Superieur,Pêche,790,1200,12,Premier,1,6,Garant,0
GH001417,Greater Accra,37,F,Secondaire,Commerce,280,600,12,Bon,0,2,Aucune,0
GH001418,Central,61,M,Aucun,Services,800,2200,6,Bon,0,7,Garant,0
GH001419,Ashanti,58,F,Primaire,Commerce,1520,1200,12,Moyen,0,4,Garant,1
GH001420,Eastern,36,F,Superieur,Agriculture,340,900,12,Mauvais,0,2,Garant,0
GH001421,Greater Accra,33,F,Primaire,Services,2080,700,18,Premier,1,6,Aucune,0
GH001422,Central,50,M,Superieur,Pêche,620,21800,6,Bon,0,0,Garant,0
GH001423,Western,43,F,Aucun,Transport,330,1400,6,Excellent,1,3,Aucune,0
GH001424,Eastern,54,F,Secondaire,Agriculture,1480,500,12,Moyen,0,5,Bien immobilier,0
GH001425,Volta,63,F,Secondaire,Agriculture,530,6900,12,Excellent,1,6,Épargne,0
GH001426,Northern,64,F,Primaire,Agriculture,1220,3100,18,Bon,1,0,Aucune,0
GH001427,Northern,53,F,Superieur,Services,530,900,18,Moyen,0,3,Garant,0
GH001428,Western,22,F,Secondaire,Commerce,630,800,12,Moyen,0,0,Épargne,0
GH001429,Ashanti,56,F,Primaire,Transport,990,3300,6,Moyen,1,0,Aucune,0
GH001430,Northern,62,M,Primaire,Agriculture,840,1400,12,Excellent,0,1,Aucune,0
GH001431,Central,59,F,Secondaire,Artisanat,200,500,18,Premier,0,6,Bien immobilier,0
GH001432,Northern,45,F,Primaire,Pêche,270,9000,36,Excellent,0,6,Garant,0
GH001433,Volta,42,F,Superieur,Transport,1400,1200,12,Excellent,0,6,Garant,0
GH001434,Volta,63,M,Primaire,Pêche,600,6900,24,Moyen,0,5,Épargne,0
GH001435,Central,58,F,Primaire,Transport,440,5700,24,Premier,0,4,Garant,1
GH001436,Northern,34,F,Aucun,Agriculture,220,700,6,Bon,1,3,Aucune,0
GH001437,Western,23,F,Aucun,Transport,280,4600,24,Bon,0,4,Garant,1
GH001438,Western,48,F,Primaire,Commerce,200,1000,12,Bon,0,6,Garant,0
GH001439,Northern,41,M,Superieur,Transport,610,500,36,Excellent,0,1,Bien immobilier,0
GH001440,Volta,44,M,Aucun,Services,410,1200,12,Moyen,0,4,Garant,0
GH001441,Ashanti,32,M,Primaire,Restauration,310,2600,12,Bon,1,5,Épargne,0
GH001442,Greater Accra,37,M,Primaire,Services,630,1200,36,Premier,1,7,Bien immobilier,0
GH001443,Volta,52,M,Secondaire,Restauration,890,1400,12,Excellent,1,3,Garant,0
GH001444,Northern,35,F,Secondaire,Commerce,3550,5100,24,Bon,0,6,Garant,0
GH001445,Volta,64,F,Secondaire,Agriculture,200,2000,12,Bon,0,1,Garant,0
GH001446,Volta,61,M,Aucun,Agriculture,1680,800,18,Bon,0,2,Aucune,0
GH001447,Eastern,63,F,Secondaire,Artisanat,1450,3400,12,Bon,0,1,Garant,0
GH001448,Greater Accra,21,F,Secondaire,Restauration,360,2200,36,Bon,0,5,Bien immobilier,0
GH001449,Volta,54,F,Secondaire,Restauration,780,500,12,Excellent,1,3,Aucune,0
GH001450,Northern,61,F,Primaire,Pêche,460,2700,12,Mauvais,0,0,Bien immobilier,0
GH001451,Volta,53,M,Secondaire,Agriculture,770,2600,18,Bon,0,4,Garant,0
GH001452,Central,49,M,Primaire,Commerce,2220,1800,36,Bon,1,7,Bien immobilier,0
GH001453,Eastern,32,M,Primaire,Agriculture,1080,4000,12,Bon,1,7,Aucune,0
GH001454,Ashanti,32,F,Primaire,Agriculture,1000,1000,12,Bon,0,5,Épargne,0
GH001455,Greater Accra,37,F,Primaire,Artisanat,470,2400,12,Moyen,0,0,Épargne,0
GH001456,Greater Accra,51,M,Primaire,Transport,200,500,12,Moyen,1,6,Épargne,0
GH001457,Eastern,51,F,Secondaire,Transport,560,2600,24,Bon,0,2,Bien immobilier,0
GH001458,Ashanti,54,F,Superieur,Commerce,1750,10500,6,Bon,1,0,Épargne,0
GH001459,Volta,58,F,Secondaire,Artisanat,200,700,18,Excellent,0,4,Bien immobilier,0
GH001460,Northern,48,M,Primaire,Artisanat,290,900,12,Bon,0,0,Garant,0
GH001461,Ashanti,48,M,Secondaire,Artisanat,740,1000,12,Bon,0,1,Aucune,0
GH001462,Northern,63,M,Secondaire,Transport,300,2000,12,Excellent,1,3,Garant,0
GH001463,Greater Accra,35,M,Primaire,Artisanat,350,700,24,Moyen,1,7,Épargne,0
GH001464,Volta,63,F,Secondaire,Agriculture,470,2600,12,Bon,1,5,Bien immobilier,1
GH001465,Northern,29,M,Secondaire,Transport,220,3900,6,Premier,1,6,Bien immobilier,0
GH001466,Greater Accra,49,F,Primaire,Transport,310,2900,6,Bon,0,5,Épargne,1
GH001467,Western,44,M,Primaire,Pêche,1170,500,18,Premier,1,0,Garant,1
GH001468,Eastern,58,M,Aucun,Agriculture,230,4400,12,Bon,1,3,Garant,0
GH001469,Volta,39,F,Superieur,Artisanat,200,4200,24,Excellent,1,3,Garant,0
GH001470,Ashanti,24,F,Aucun,Artisanat,400,3800,18,Excellent,0,5,Aucune,0
GH001471,Central,20,M,Primaire,Pêche,1190,2500,12,Excellent,1,3,Épargne,0
GH001472,Eastern,49,F,Primaire,Restauration,570,2200,18,Excellent,1,1,Garant,0
GH001473,Northern,22,F,Superieur,Services,460,4600,12,Bon,1,3,Épargne,0
GH001474,Western,64,M,Primaire,Commerce,690,10200,24,Bon,0,5,Épargne,1
GH001475,Eastern,33,F,Secondaire,Artisanat,200,800,12,Excellent,1,0,Garant,0
GH001476,Greater Accra,49,M,Secondaire,Services,990,4800,6,Bon,1,5,Garant,0
GH001477,Eastern,23,M,Secondaire,Artisanat,900,1700,18,Bon,0,3,Épargne,0
GH001478,Volta,37,F,Secondaire,Agriculture,480,1600,18,Moyen,0,1,Bien immobilier,0
GH001479,Northern,56,M,Aucun,Artisanat,1490,500,18,Excellent,0,5,Épargne,0
GH001480,Eastern,44,M,Superieur,Artisanat,270,1400,24,Premier,1,3,Bien immobilier,0
GH001481,Volta,20,M,Secondaire,Commerce,1640,700,12,Bon,1,0,Garant,1
GH001482,Eastern,34,F,Superieur,Services,750,1200,12,Moyen,0,1,Épargne,0
GH001483,Northern,28,F,Secondaire,Agriculture,510,700,12,Excellent,1,2,Épargne,0
GH001484,Central,34,M,Superieur,Services,650,1200,24,Bon,0,2,Garant,0
GH001485,Western,43,F,Primaire,Restauration,610,1300,36,Bon,0,0,Garant,0
GH001486,Eastern,23,M,Primaire,Artisanat,1770,2000,36,Premier,0,4,Garant,0
GH001487,Eastern,31,F,Primaire,Artisanat,280,500,12,Mauvais,0,7,Épargne,0
GH001488,Central,56,F,Aucun,Restauration,360,500,12,Moyen,1,3,Épargne,0
GH001489,Ashanti,56,F,Secondaire,Pêche,1520,2500,12,Moyen,1,5,Garant,0
GH001490,Eastern,62,F,Aucun,Services,410,900,12,Moyen,0,4,Épargne,0
GH001491,Volta,25,F,Aucun,Restauration,1370,4800,6,Excellent,1,1,Garant,1
GH001492,Northern,58,M,Secondaire,Restauration,2590,2200,12,Moyen,1,3,Aucune,0
GH001493,Volta,43,F,Superieur,Agriculture,480,3100,12,Excellent,0,5,Bien immobilier,0
GH001494,Northern,30,M,Secondaire,Transport,1150,6400,12,Moyen,0,5,Garant,0
GH001495,Eastern,32,F,Secondaire,Restauration,260,1400,12,Excellent,1,5,Épargne,0
GH001496,Ashanti,53,M,Secondaire,Agriculture,1220,1100,12,Bon,1,4,Garant,0
GH001497,Northern,44,M,Superieur,Transport,780,4000,18,Bon,0,6,Épargne,0
GH001498,Volta,26,F,Primaire,Restauration,970,2900,12,Bon,0,0,Épargne,0
GH001499,Volta,23,F,Superieur,Services,400,1500,18,Moyen,1,1,Épargne,0
GH001500,Eastern,27,M,Aucun,Artisanat,200,6300,12,Bon,0,3,Aucune,1
GH001501,Eastern,39,M,Secondaire,Artisanat,990,1500,24,Premier,1,2,Garant,0
GH001502,Eastern,48,F,Secondaire,Transport,200,1900,12,Bon,0,5,Bien immobilier,0
GH001503,Western,64,F,Secondaire,Pêche,520,1800,12,Moyen,0,5,Garant,0
GH001504,Northern,29,M,Secondaire,Transport,1410,800,18,Mauvais,0,3,Bien immobilier,0
GH001505,Greater Accra,62,M,Secondaire,Services,780,1900,24,Bon,0,5,Bien immobilier,1
GH001506,Western,53,F,Superieur,Restauration,3160,6400,6,Moyen,0,1,Garant,0
GH001507,Ashanti,45,F,Primaire,Commerce,1510,2700,6,Bon,0,2,Épargne,0
GH001508,Western,60,M,Primaire,Restauration,390,1900,24,Excellent,1,0,Garant,1
GH001509,Volta,22,M,Aucun,Transport,680,1600,6,Excellent,0,7,Garant,0
GH001510,Western,25,F,Aucun,Services,640,2400,12,Moyen,1,3,Aucune,0
GH001511,Central,24,M,Primaire,Commerce,200,3600,24,Excellent,1,7,Aucune,0
GH001512,Ashanti,24,M,Secondaire,Services,310,3100,24,Excellent,1,4,Épargne,0
GH001513,Ashanti,42,F,Primaire,Services,420,1300,12,Bon,0,4,Garant,0
GH001514,Ashanti,28,F,Secondaire,Transport,200,2400,36,Bon,1,6,Aucune,0
GH001515,Western,54,M,Primaire,Restauration,690,2800,18,Moyen,1,6,Aucune,0
GH001516,Ashanti,39,F,Secondaire,Agriculture,540,700,6,Excellent,0,7,Bien immobilier,0
GH001517,Northern,61,M,Aucun,Artisanat,200,2100,18,Excellent,0,0,Aucune,1
GH001518,Central,54,F,Secondaire,Services,920,500,12,Bon,0,6,Bien immobilier,0
GH001519,Eastern,37,M,Secondaire,Services,1180,2800,18,Bon,0,1,Garant,0
GH001520,Western,36,F,Primaire,Commerce,800,3300,36,Mauvais,1,0,Épargne,0
GH001521,Eastern,43,F,Primaire,Commerce,510,3500,12,Bon,1,1,Aucune,0
GH001522,Eastern,22,F,Primaire,Restauration,1070,1300,18,Premier,1,2,Épargne,0
GH001523,Western,51,F,Secondaire,Artisanat,1150,2400,12,Excellent,0,1,Garant,0
GH001524,Northern,54,M,Secondaire,Services,850,6500,12,Bon,1,2,Garant,0
GH001525,Western,57,M,Secondaire,Pêche,340,6500,18,Moyen,1,7,Bien immobilier,1
GH001526,Ashanti,32,M,Primaire,Commerce,830,1800,18,Moyen,0,3,Garant,0
GH001527,Central,44,F,Primaire,Artisanat,1730,2000,24,Premier,1,3,Garant,0
GH001528,Western,28,F,Aucun,Artisanat,410,4900,24,Bon,0,0,Garant,0
GH001529,Eastern,23,F,Aucun,Services,3560,500,18,Bon,0,0,Bien immobilier,1
GH001530,Western,33,M,Primaire,Commerce,440,1400,12,Mauvais,1,3,Bien immobilier,0
GH001531,Central,56,F,Aucun,Agriculture,680,6000,12,Excellent,1,4,Bien immobilier,0
GH001532,Greater Accra,53,F,Secondaire,Transport,390,4300,12,Excellent,0,2,Aucune,0
GH001533,Northern,30,F,Primaire,Agriculture,800,2500,12,Bon,1,5,Épargne,0
GH001534,Eastern,60,F,Primaire,Restauration,200,500,18,Excellent,0,6,Épargne,0
GH001535,Greater Accra,22,F,Secondaire,Services,430,1700,18,Bon,1,3,Épargne,0
GH001536,Greater Accra,47,F,Secondaire,Transport,280,1100,18,Premier,0,5,Garant,0
GH001537,Volta,48,M,Secondaire,Transport,740,2400,36,Bon,1,6,Épargne,0
GH001538,Central,28,M,Primaire,Restauration,1470,900,12,Moyen,1,5,Bien immobilier,0
GH001539,Northern,22,F,Secondaire,Artisanat,1120,700,12,Bon,0,4,Épargne,0
GH001540,Western,44,M,Superieur,Services,200,500,18,Bon,1,5,Garant,0
GH001541,Greater Accra,53,F,Primaire,Commerce,3410,5400,18,Excellent,1,1,Aucune,1
GH001542,Volta,31,F,Aucun,Agriculture,840,1300,6,Bon,0,3,Bien immobilier,0
GH001543,Ashanti,61,F,Superieur,Artisanat,360,2100,12,Excellent,1,4,Garant,0
GH001544,Western,28,M,Superieur,Services,750,1800,12,Moyen,1,6,Bien immobilier,1
GH001545,Northern,34,M,Aucun,Agriculture,770,700,24,Moyen,0,3,Épargne,0
GH001546,Eastern,59,M,Aucun,Commerce,390,600,24,Bon,0,5,Bien immobilier,0
GH001547,Western,44,M,Secondaire,Agriculture,780,700,12,Excellent,0,6,Aucune,0
GH001548,Central,24,F,Primaire,Pêche,410,900,6,Excellent,0,1,Garant,0
GH001549,Volta,30,M,Superieur,Services,480,2500,12,Bon,0,1,Épargne,0
GH001550,Central,53,M,Primaire,Restauration,380,900,12,Mauvais,0,2,Épargne,0
GH001551,Eastern,43,M,Superieur,Transport,210,8700,12,Bon,1,1,Garant,0
GH001552,Eastern,34,F,Aucun,Agriculture,750,4600,12,Bon,1,1,Bien immobilier,0
GH001553,Eastern,57,F,Primaire,Commerce,1060,3700,12,Mauvais,1,6,Bien immobilier,0
GH001554,Volta,27,M,Superieur,Services,1000,1600,12,Excellent,1,2,Garant,0
GH001555,Volta,24,F,Primaire,Commerce,1280,7100,18,Bon,0,3,Épargne,0
GH001556,Central,45,F,Aucun,Pêche,860,1500,12,Bon,1,6,Garant,0
GH001557,Northern,37,M,Superieur,Commerce,430,1800,24,Bon,0,3,Épargne,1
GH001558,Volta,25,F,Aucun,Pêche,1300,2100,36,Premier,1,2,Bien immobilier,0
GH001559,Northern,56,F,Aucun,Artisanat,220,3400,12,Bon,0,3,Aucune,1
GH001560,Volta,32,M,Primaire,Agriculture,320,3200,6,Excellent,0,3,Aucune,1
GH001561,Western,47,F,Secondaire,Commerce,310,1200,12,Excellent,0,5,Garant,0
GH001562,Greater Accra,24,M,Secondaire,Restauration,1580,1100,6,Bon,1,4,Épargne,0
GH001563,Greater Accra,32,M,Superieur,Agriculture,1410,3200,12,Bon,1,2,Garant,0
GH001564,Ashanti,36,F,Secondaire,Services,980,3400,18,Premier,0,2,Épargne,1
GH001565,Central,59,F,Primaire,Pêche,1570,1300,12,Bon,0,5,Garant,0
GH001566,Eastern,64,F,Primaire,Agriculture,330,500,12,Moyen,1,0,Garant,0
GH001567,Northern,51,M,Secondaire,Agriculture,880,1500,18,Excellent,0,4,Garant,0
GH001568,Volta,48,M,Secondaire,Commerce,600,3200,6,Excellent,1,6,Garant,0
GH001569,Western,22,F,Superieur,Restauration,1310,9200,12,Moyen,0,6,Garant,0
GH001570,Northern,59,M,Superieur,Artisanat,610,600,18,Mauvais,0,3,Bien immobilier,0
GH001571,Central,53,M,Primaire,Restauration,490,1200,12,Bon,0,0,Bien immobilier,0
GH001572,Ashanti,59,F,Secondaire,Transport,1030,1300,18,Bon,1,4,Garant,1
GH001573,Northern,46,M,Secondaire,Pêche,1340,6100,36,Bon,0,3,Bien immobilier,0
GH001574,Greater Accra,32,M,Primaire,Transport,390,1800,24,Bon,0,7,Garant,0
GH001575,Western,64,M,Aucun,Services,630,800,12,Excellent,1,6,Garant,0
GH001576,Greater Accra,52,M,Superieur,Restauration,290,3000,12,Moyen,0,4,Épargne,0
GH001577,Western,25,F,Secondaire,Restauration,200,1300,12,Bon,0,1,Bien immobilier,0
GH001578,Eastern,43,M,Secondaire,Pêche,780,600,36,Bon,1,3,Aucune,0
GH001579,Western,38,F,Secondaire,Services,1080,800,36,Bon,1,4,Bien immobilier,0
GH001580,Volta,35,M,Secondaire,Services,820,8600,6,Excellent,0,4,Aucune,0
GH001581,Eastern,59,F,Aucun,Restauration,200,2600,24,Bon,0,0,Bien immobilier,0
GH001582,Central,47,F,Secondaire,Artisanat,500,2000,12,Moyen,0,4,Garant,0
GH001583,Greater Accra,52,M,Primaire,Agriculture,200,1400,12,Excellent,1,7,Aucune,0
GH001584,Western,60,F,Superieur,Artisanat,1990,2400,12,Moyen,1,1,Aucune,0
GH001585,Western,32,F,Secondaire,Transport,280,2300,12,Bon,1,1,Aucune,0
GH001586,Ashanti,62,M,Superieur,Agriculture,1820,2400,24,Mauvais,1,7,Aucune,0
GH001587,Greater Accra,64,F,Primaire,Agriculture,1420,2000,12,Mauvais,0,4,Garant,0
GH001588,Central,44,M,Superieur,Restauration,320,4000,24,Bon,0,7,Garant,0
GH001589,Eastern,61,M,Superieur,Agriculture,270,1800,36,Excellent,1,3,Garant,0
GH001590,Central,55,F,Secondaire,Pêche,880,700,24,Moyen,0,0,Aucune,0
GH001591,Ashanti,46,M,Primaire,Artisanat,340,1000,12,Bon,1,3,Garant,0
GH001592,Central,57,F,Primaire,Agriculture,720,500,18,Bon,0,7,Garant,0
GH001593,Eastern,26,F,Secondaire,Restauration,450,11200,12,Excellent,0,4,Garant,0
GH001594,Greater Accra,24,F,Secondaire,Restauration,200,3900,18,Moyen,1,1,Garant,0
GH001595,Northern,62,F,Primaire,Restauration,200,900,12,Bon,1,7,Aucune,0
GH001596,Ashanti,64,F,Secondaire,Commerce,800,1400,18,Bon,1,2,Bien immobilier,0
GH001597,Volta,50,M,Secondaire,Artisanat,420,1000,18,Premier,1,0,Bien immobilier,0
GH001598,Western,42,M,Aucun,Restauration,430,7200,18,Bon,0,6,Aucune,0
GH001599,Western,61,F,Aucun,Services,1160,500,36,Moyen,1,3,Garant,0
GH001600,Greater Accra,29,F,Aucun,Pêche,1700,2000,6,Moyen,1,1,Épargne,0
GH001601,Northern,51,F,Primaire,Restauration,530,1600,12,Excellent,0,3,Aucune,0
GH001602,Central,62,F,Primaire,Commerce,510,3800,12,Moyen,1,4,Garant,0
GH001603,Volta,49,M,Secondaire,Artisanat,990,1600,12,Bon,1,5,Bien immobilier,0
GH001604,Volta,58,F,Primaire,Agriculture,220,500,12,Moyen,1,3,Bien immobilier,0
GH001605,Western,50,F,Aucun,Artisanat,800,1400,12,Moyen,1,0,Garant,0
GH001606,Ashanti,37,F,Primaire,Agriculture,1030,800,24,Bon,1,2,Garant,1
GH001607,Northern,55,M,Superieur,Services,1150,1900,24,Bon,0,7,Épargne,0
GH001608,Eastern,21,F,Primaire,Agriculture,200,6600,6,Moyen,0,2,Garant,1
GH001609,Volta,33,M,Superieur,Restauration,360,500,12,Bon,1,4,Épargne,0
GH001610,Central,32,F,Aucun,Transport,330,900,12,Moyen,1,0,Épargne,0
GH001611,Northern,48,M,Primaire,Pêche,720,1100,12,Excellent,0,2,Aucune,0
GH001612,Volta,31,M,Secondaire,Pêche,980,1300,18,Moyen,0,1,Garant,0
GH001613,Eastern,58,M,Secondaire,Transport,2200,3500,6,Bon,0,3,Bien immobilier,0
GH001614,Northern,21,M,Secondaire,Restauration,450,1500,18,Moyen,1,4,Épargne,0
GH001615,Northern,51,F,Superieur,Commerce,450,2600,6,Excellent,0,1,Épargne,0
GH001616,Central,32,M,Primaire,Agriculture,1670,1000,36,Bon,1,4,Aucune,0
GH001617,Ashanti,46,F,Secondaire,Transport,840,2200,24,Moyen,0,0,Épargne,0
GH001618,Eastern,60,F,Secondaire,Pêche,1830,3600,24,Bon,1,4,Épargne,0
GH001619,Ashanti,36,M,Superieur,Artisanat,840,900,6,Mauvais,1,6,Garant,0
GH001620,Eastern,59,F,Primaire,Commerce,260,3700,12,Moyen,1,2,Épargne,0
GH001621,Volta,50,F,Aucun,Restauration,230,1900,12,Mauvais,0,0,Garant,0
GH001622,Volta,53,F,Secondaire,Commerce,200,4600,18,Bon,1,7,Épargne,0
GH001623,Central,43,F,Superieur,Services,1130,1500,12,Excellent,0,5,Épargne,0
GH001624,Ashanti,64,M,Aucun,Services,1720,2500,18,Bon,0,4,Aucune,0
GH001625,Volta,54,F,Primaire,Pêche,2920,1700,18,Bon,0,1,Épargne,0
GH001626,Central,25,M,Primaire,Transport,1310,1700,18,Bon,0,0,Garant,0
GH001627,Northern,38,F,Secondaire,Services,1690,2300,24,Moyen,0,5,Garant,0
GH001628,Northern,49,F,Primaire,Services,420,2900,12,Moyen,1,7,Épargne,0
GH001629,Central,26,M,Primaire,Services,260,600,12,Excellent,0,5,Épargne,0
GH001630,Eastern,29,F,Secondaire,Restauration,1310,6600,18,Moyen,1,0,Garant,0
GH001631,Volta,60,M,Aucun,Pêche,930,500,36,Bon,0,7,Garant,0
GH001632,Northern,51,M,Primaire,Agriculture,720,1000,18,Bon,1,4,Épargne,0
GH001633,Eastern,53,F,Primaire,Services,910,1700,18,Bon,0,4,Garant,0
GH001634,Ashanti,47,F,Primaire,Services,860,2600,24,Bon,0,6,Aucune,0
GH001635,Western,34,M,Primaire,Services,1860,7500,12,Moyen,0,5,Épargne,0
GH001636,Northern,49,M,Aucun,Commerce,1870,500,36,Moyen,1,0,Bien immobilier,0
GH001637,Northern,56,F,Primaire,Transport,1030,1100,12,Bon,1,3,Épargne,0
GH001638,Greater Accra,48,M,Secondaire,Agriculture,1310,500,12,Moyen,1,7,Garant,0
GH001639,Eastern,41,M,Primaire,Artisanat,1000,1900,12,Bon,0,3,Aucune,0
GH001640,Central,23,F,Secondaire,Agriculture,460,2300,12,Mauvais,0,2,Aucune,0
GH001641,Greater Accra,39,F,Primaire,Commerce,1220,7600,12,Moyen,0,0,Épargne,0
GH001642,Ashanti,51,M,Aucun,Artisanat,220,2000,12,Moyen,0,7,Aucune,0
GH001643,Greater Accra,55,F,Superieur,Pêche,1550,4600,12,Bon,1,6,Garant,0
GH001644,Greater Accra,23,M,Primaire,Transport,260,3100,12,Excellent,0,3,Garant,0
GH001645,Western,46,M,Primaire,Artisanat,840,1200,6,Bon,0,6,Garant,0
GH001646,Western,36,F,Superieur,Commerce,340,500,24,Bon,0,1,Garant,0
GH001647,Greater Accra,31,F,Secondaire,Services,1040,2300,12,Bon,0,0,Aucune,0
GH001648,Western,41,M,Secondaire,Restauration,650,500,12,Excellent,1,3,Garant,0
GH001649,Volta,36,M,Secondaire,Artisanat,200,5800,6,Moyen,0,6,Bien immobilier,0
GH001650,Western,29,M,Aucun,Pêche,930,1600,6,Excellent,0,4,Garant,0
GH001651,Greater Accra,20,M,Superieur,Artisanat,420,5300,24,Mauvais,1,1,Garant,0
GH001652,Eastern,41,F,Superieur,Transport,1350,1200,24,Excellent,0,2,Bien immobilier,0
GH001653,Western,45,F,Primaire,Agriculture,670,2300,24,Premier,0,3,Épargne,0
GH001654,Greater Accra,37,F,Secondaire,Restauration,910,2200,12,Premier,1,4,Garant,0
GH001655,Eastern,33,F,Primaire,Commerce,310,1700,6,Bon,1,1,Épargne,0
GH001656,Northern,48,F,Secondaire,Restauration,420,1200,6,Premier,1,1,Épargne,0
GH001657,Western,31,M,Primaire,Agriculture,460,2600,18,Mauvais,1,2,Épargne,0
GH001658,Greater Accra,55,F,Secondaire,Services,1320,800,24,Excellent,1,5,Épargne,0
GH001659,Western,54,F,Aucun,Restauration,2550,600,24,Premier,0,7,Aucune,0
GH001660,Eastern,31,M,Secondaire,Services,350,5500,12,Excellent,0,6,Garant,0
GH001661,Volta,26,F,Primaire,Services,1570,3500,12,Excellent,1,5,Épargne,1
GH001662,Greater Accra,48,F,Primaire,Agriculture,200,1900,6,Bon,0,4,Bien immobilier,0
GH001663,Eastern,30,M,Secondaire,Transport,260,8100,18,Excellent,0,3,Épargne,0
GH001664,Northern,52,M,Superieur,Artisanat,310,1400,12,Excellent,1,0,Épargne,0
GH001665,Central,25,F,Primaire,Commerce,230,5900,12,Premier,0,1,Bien immobilier,0
GH001666,Ashanti,34,F,Superieur,Agriculture,200,2100,24,Premier,0,3,Aucune,1
GH001667,Volta,51,F,Primaire,Services,930,700,18,Moyen,1,0,Aucune,0
GH001668,Central,30,M,Secondaire,Agriculture,560,9500,6,Bon,1,5,Aucune,1
GH001669,Western,42,F,Secondaire,Artisanat,900,4400,6,Premier,0,3,Garant,0
GH001670,Eastern,45,M,Superieur,Agriculture,1160,1600,18,Excellent,0,3,Garant,0
GH001671,Greater Accra,53,M,Secondaire,Commerce,820,3500,18,Premier,0,7,Garant,0
GH001672,Volta,53,M,Secondaire,Pêche,1130,1300,18,Bon,0,1,Aucune,0
GH001673,Eastern,48,F,Primaire,Restauration,630,3800,12,Mauvais,1,1,Garant,0
GH001674,Western,23,M,Superieur,Transport,260,500,24,Moyen,1,3,Garant,0
GH001675,Greater Accra,36,M,Secondaire,Transport,1550,700,18,Premier,0,3,Garant,0
GH001676,Volta,54,M,Primaire,Agriculture,420,4400,24,Mauvais,1,7,Épargne,0
GH001677,Central,32,M,Primaire,Restauration,310,1400,12,Mauvais,1,5,Aucune,0
GH001678,Eastern,60,M,Secondaire,Transport,580,2200,12,Moyen,1,2,Bien immobilier,0
GH001679,Ashanti,58,F,Superieur,Restauration,320,500,12,Mauvais,0,0,Garant,0
GH001680,Volta,34,F,Primaire,Transport,480,9500,24,Moyen,0,4,Bien immobilier,1
GH001681,Northern,48,F,Superieur,Pêche,880,5300,12,Excellent,1,4,Aucune,0
GH001682,Northern,48,F,Aucun,Agriculture,880,1500,6,Moyen,1,2,Aucune,0
GH001683,Western,30,M,Superieur,Services,320,1300,12,Excellent,0,5,Épargne,0
GH001684,Western,51,F,Secondaire,Commerce,450,4600,18,Mauvais,1,3,Aucune,0
GH001685,Eastern,21,M,Primaire,Agriculture,1570,10800,24,Excellent,1,3,Épargne,0
GH001686,Central,33,F,Primaire,Restauration,990,4300,24,Premier,1,2,Bien immobilier,0
GH001687,Central,39,F,Secondaire,Artisanat,3500,12800,18,Bon,0,4,Épargne,0
GH001688,Ashanti,41,F,Secondaire,Pêche,1710,800,36,Excellent,1,1,Épargne,0
GH001689,Ashanti,30,M,Superieur,Commerce,1660,900,6,Premier,1,1,Garant,0
GH001690,Eastern,46,M,Secondaire,Commerce,220,600,24,Excellent,1,5,Garant,0
GH001691,Greater Accra,22,M,Secondaire,Restauration,1230,2700,12,Bon,1,3,Épargne,0
GH001692,Central,36,F,Superieur,Commerce,640,2100,12,Moyen,0,0,Bien immobilier,0
GH001693,Volta,63,F,Secondaire,Restauration,430,1600,6,Bon,0,4,Épargne,1
GH001694,Volta,47,F,Secondaire,Commerce,760,3700,6,Bon,0,6,Épargne,1
GH001695,Volta,48,M,Secondaire,Commerce,1420,5500,12,Moyen,0,0,Épargne,1
GH001696,Greater Accra,40,F,Superieur,Transport,990,500,12,Premier,0,7,Épargne,0
GH001697,Greater Accra,35,F,Aucun,Transport,330,1100,12,Excellent,0,3,Épargne,0
GH001698,Eastern,56,M,Secondaire,Restauration,1200,3800,6,Excellent,1,5,Aucune,0
GH001699,Ashanti,39,M,Primaire,Pêche,400,1200,6,Bon,1,5,Bien immobilier,0
GH001700,Greater Accra,25,F,Primaire,Commerce,790,900,24,Bon,0,4,Aucune,0
GH001701,Eastern,38,F,Primaire,Agriculture,520,4500,24,Bon,1,1,Épargne,0
GH001702,Ashanti,24,M,Secondaire,Artisanat,560,600,36,Bon,0,5,Garant,0
GH001703,Greater Accra,22,M,Primaire,Transport,1230,1400,18,Bon,0,6,Garant,0
GH001704,Greater Accra,20,F,Primaire,Services,290,2400,18,Mauvais,1,1,Épargne,0
GH001705,Volta,57,M,Primaire,Restauration,3150,1100,24,Excellent,0,5,Aucune,0
GH001706,Ashanti,34,M,Primaire,Commerce,200,3700,18,Excellent,1,0,Bien immobilier,0
GH001707,Northern,53,F,Secondaire,Transport,410,1100,12,Moyen,0,4,Garant,0
GH001708,Ashanti,54,F,Aucun,Pêche,890,6400,12,Excellent,1,5,Épargne,0
GH001709,Western,44,F,Primaire,Transport,1060,1600,12,Moyen,0,6,Épargne,0
GH001710,Volta,43,F,Secondaire,Agriculture,610,3300,24,Bon,0,3,Épargne,0
GH001711,Western,31,F,Aucun,Restauration,640,3500,18,Bon,0,7,Aucune,1
GH001712,Eastern,37,F,Aucun,Agriculture,920,1000,12,Bon,1,7,Épargne,1
GH001713,Eastern,34,F,Superieur,Transport,550,500,6,Bon,0,2,Garant,1
GH001714,Central,63,M,Secondaire,Artisanat,2030,2500,12,Mauvais,0,5,Aucune,0
GH001715,Western,35,M,Primaire,Pêche,1300,1900,18,Premier,0,7,Épargne,0
GH001716,Ashanti,46,M,Primaire,Restauration,1340,3000,12,Bon,0,5,Épargne,0
GH001717,Western,27,F,Superieur,Restauration,310,1500,12,Bon,0,5,Aucune,0
GH001718,Northern,44,F,Aucun,Commerce,620,1200,12,Excellent,0,5,Garant,0
GH001719,Volta,36,M,Secondaire,Agriculture,520,11000,18,Moyen,1,7,Aucune,0
GH001720,Eastern,48,M,Secondaire,Restauration,300,500,36,Bon,0,2,Épargne,0
GH001721,Northern,27,M,Secondaire,Agriculture,890,3500,24,Excellent,0,6,Garant,0
GH001722,Eastern,34,M,Superieur,Artisanat,430,1100,6,Excellent,1,6,Épargne,0
GH001723,Northern,46,F,Primaire,Commerce,1120,1300,12,Excellent,0,2,Aucune,0
GH001724,Eastern,26,F,Primaire,Services,280,1400,12,Excellent,1,5,Aucune,1
GH001725,Ashanti,22,M,Secondaire,Artisanat,2630,900,12,Moyen,0,3,Épargne,0
GH001726,Northern,48,M,Superieur,Commerce,320,3000,18,Premier,1,6,Bien immobilier,1
GH001727,Volta,63,M,Superieur,Commerce,790,6300,12,Moyen,1,2,Épargne,0
GH001728,Greater Accra,43,F,Secondaire,Agriculture,1250,2800,18,Bon,0,6,Garant,0
GH001729,Eastern,22,F,Superieur,Services,420,2000,12,Bon,0,0,Épargne,0
GH001730,Western,39,F,Aucun,Services,1320,700,36,Bon,0,1,Garant,0
GH001731,Greater Accra,34,F,Primaire,Transport,250,2900,6,Moyen,1,2,Épargne,0
GH001732,Western,44,F,Aucun,Commerce,2130,12600,12,Bon,0,1,Aucune,0
GH001733,Eastern,49,F,Primaire,Artisanat,670,1300,18,Excellent,1,5,Épargne,0
GH001734,Ashanti,33,F,Secondaire,Transport,410,1300,18,Moyen,1,5,Épargne,0
GH001735,Volta,26,M,Superieur,Artisanat,520,1100,18,Bon,0,0,Épargne,0
GH001736,Volta,36,F,Secondaire,Services,1270,1200,36,Excellent,1,4,Bien immobilier,0
GH001737,Greater Accra,63,F,Secondaire,Transport,420,500,12,Excellent,0,6,Épargne,0
GH001738,Greater Accra,39,F,Aucun,Artisanat,370,2600,12,Bon,0,5,Garant,0
GH001739,Eastern,55,M,Secondaire,Agriculture,560,800,24,Bon,0,4,Aucune,0
GH001740,Volta,28,M,Primaire,Agriculture,260,500,12,Bon,0,7,Bien immobilier,0
GH001741,Volta,57,M,Secondaire,Pêche,2850,3600,12,Excellent,0,3,Garant,0
GH001742,Northern,41,M,Primaire,Services,420,700,18,Excellent,0,1,Épargne,0
GH001743,Eastern,21,F,Secondaire,Services,1290,1300,18,Excellent,1,3,Garant,0
GH001744,Eastern,43,F,Primaire,Restauration,790,6800,12,Premier,1,2,Épargne,0
GH001745,Volta,27,F,Secondaire,Pêche,300,500,12,Bon,1,7,Bien immobilier,0
GH001746,Central,30,F,Aucun,Pêche,660,500,12,Excellent,1,3,Garant,0
GH001747,Ashanti,32,F,Primaire,Commerce,1250,2300,6,Moyen,1,7,Aucune,0
GH001748,Northern,36,F,Primaire,Services,570,5100,24,Excellent,0,5,Bien immobilier,0
GH001749,Ashanti,27,M,Secondaire,Commerce,1730,500,12,Bon,0,0,Bien immobilier,0
GH001750,Volta,40,F,Secondaire,Pêche,1510,2600,12,Excellent,0,3,Aucune,0
GH001751,Eastern,37,M,Superieur,Restauration,1390,3100,18,Premier,0,7,Garant,0
GH001752,Central,49,F,Secondaire,Pêche,460,500,18,Premier,1,5,Garant,0
GH001753,Volta,37,F,Primaire,Agriculture,280,3700,18,Moyen,1,2,Bien immobilier,0
GH001754,Eastern,50,F,Secondaire,Artisanat,410,4000,12,Moyen,1,2,Aucune,0
GH001755,Eastern,57,M,Primaire,Pêche,780,1400,24,Bon,0,0,Épargne,0
GH001756,Ashanti,51,M,Primaire,Commerce,1030,5600,12,Premier,1,1,Aucune,0
GH001757,Volta,30,M,Secondaire,Restauration,200,5000,12,Bon,1,4,Bien immobilier,0
GH001758,Central,64,F,Aucun,Commerce,660,2000,24,Excellent,0,7,Aucune,0
GH001759,Ashanti,44,F,Primaire,Services,750,1200,12,Excellent,0,0,Garant,0
GH001760,Eastern,52,M,Secondaire,Agriculture,530,800,24,Excellent,1,4,Garant,0
GH001761,Western,57,F,Secondaire,Services,1870,1700,12,Bon,1,7,Bien immobilier,0
GH001762,Greater Accra,60,M,Secondaire,Transport,930,3000,24,Excellent,1,0,Garant,0
GH001763,Volta,27,F,Primaire,Commerce,1900,1400,12,Moyen,1,0,Garant,0
GH001764,Northern,30,M,Superieur,Services,560,500,24,Bon,1,3,Garant,0
GH001765,Eastern,41,M,Secondaire,Transport,1410,5700,18,Mauvais,0,3,Garant,0
GH001766,Northern,43,F,Secondaire,Commerce,2460,2100,18,Bon,1,3,Épargne,0
GH001767,Central,60,F,Secondaire,Restauration,1900,1300,12,Moyen,1,0,Épargne,0
GH001768,Volta,36,M,Secondaire,Services,280,3900,36,Bon,0,3,Aucune,0
GH001769,Western,31,F,Aucun,Transport,540,7100,12,Mauvais,0,5,Aucune,0
GH001770,Northern,51,F,Secondaire,Restauration,500,500,12,Excellent,0,0,Épargne,0
GH001771,Volta,34,F,Secondaire,Commerce,980,2700,18,Excellent,1,3,Garant,0
GH001772,Northern,35,F,Primaire,Commerce,1150,500,12,Moyen,0,4,Épargne,0
GH001773,Central,41,F,Secondaire,Pêche,340,2800,12,Moyen,0,1,Aucune,0
GH001774,Eastern,47,F,Secondaire,Agriculture,700,2000,18,Bon,1,3,Bien immobilier,0
GH001775,Eastern,39,F,Secondaire,Transport,200,3200,6,Bon,0,7,Aucune,0
GH001776,Greater Accra,52,F,Primaire,Pêche,2110,1200,24,Bon,1,2,Garant,0
GH001777,Central,29,F,Aucun,Restauration,440,500,18,Excellent,1,5,Bien immobilier,0
GH001778,Western,59,F,Primaire,Pêche,700,1200,12,Premier,0,1,Aucune,0
GH001779,Greater Accra,51,F,Secondaire,Pêche,520,2600,12,Bon,0,2,Garant,0
GH001780,Volta,52,M,Primaire,Transport,1660,4500,18,Moyen,0,1,Garant,0
GH001781,Central,21,F,Aucun,Commerce,200,600,24,Moyen,0,3,Épargne,0
GH001782,Eastern,52,F,Superieur,Commerce,660,4600,12,Excellent,1,6,Épargne,0
GH001783,Greater Accra,52,M,Primaire,Transport,610,1000,12,Excellent,0,4,Aucune,0
GH001784,Eastern,60,M,Secondaire,Agriculture,460,2500,12,Bon,0,3,Garant,0
GH001785,Ashanti,32,F,Superieur,Artisanat,2650,1100,18,Moyen,0,5,Bien immobilier,0
GH001786,Ashanti,49,F,Secondaire,Artisanat,330,2100,18,Bon,0,6,Épargne,1
GH001787,Greater Accra,52,M,Secondaire,Transport,1230,4000,12,Excellent,0,0,Garant,0
GH001788,Greater Accra,32,M,Superieur,Transport,880,600,18,Bon,1,6,Bien immobilier,0
GH001789,Central,45,F,Superieur,Pêche,1820,1000,24,Excellent,0,7,Bien immobilier,0
GH001790,Volta,41,M,Secondaire,Agriculture,390,2100,6,Excellent,0,7,Bien immobilier,0
GH001791,Western,58,F,Primaire,Agriculture,370,15700,18,Bon,1,6,Garant,1
GH001792,Western,21,F,Primaire,Restauration,1600,800,24,Excellent,1,2,Épargne,0
GH001793,Ashanti,57,F,Secondaire,Commerce,930,11300,36,Moyen,0,1,Épargne,1
GH001794,Ashanti,58,M,Superieur,Services,200,11000,12,Bon,0,7,Bien immobilier,0
GH001795,Ashanti,45,M,Secondaire,Transport,430,1700,12,Moyen,0,4,Garant,1
GH001796,Eastern,34,F,Secondaire,Services,910,1400,36,Bon,0,2,Garant,0
GH001797,Western,53,F,Primaire,Transport,1300,1000,6,Mauvais,1,4,Garant,0
GH001798,Greater Accra,61,M,Primaire,Transport,390,1700,12,Excellent,0,2,Garant,0
GH001799,Ashanti,63,M,Aucun,Transport,200,500,12,Excellent,1,3,Garant,0
GH001800,Northern,59,F,Secondaire,Restauration,1010,1700,18,Mauvais,1,6,Garant,0
GH001801,Central,30,F,Primaire,Artisanat,250,7000,12,Mauvais,1,5,Épargne,0
GH001802,Volta,22,F,Primaire,Agriculture,200,1000,24,Excellent,0,0,Épargne,0
GH001803,Greater Accra,25,M,Secondaire,Services,200,1500,12,Excellent,0,2,Bien immobilier,1
GH001804,Volta,28,M,Aucun,Artisanat,1280,500,18,Mauvais,0,7,Épargne,0
GH001805,Greater Accra,25,M,Superieur,Commerce,740,2500,12,Excellent,1,6,Garant,0
GH001806,Greater Accra,28,M,Aucun,Commerce,560,2300,12,Mauvais,0,4,Aucune,0
GH001807,Western,58,F,Superieur,Transport,2020,1900,12,Premier,0,3,Épargne,0
GH001808,Ashanti,50,F,Primaire,Services,1110,1500,36,Excellent,0,6,Garant,0
GH001809,Central,51,M,Aucun,Commerce,2420,1400,18,Mauvais,0,1,Épargne,0
GH001810,Volta,60,F,Secondaire,Artisanat,220,2800,18,Bon,1,1,Garant,1
GH001811,Eastern,31,F,Superieur,Services,650,1800,18,Moyen,1,5,Bien immobilier,0
GH001812,Central,27,F,Primaire,Agriculture,200,2400,6,Bon,1,3,Bien immobilier,0
GH001813,Central,27,F,Secondaire,Services,550,2200,18,Excellent,1,6,Épargne,0
GH001814,Northern,47,F,Superieur,Restauration,550,5000,12,Moyen,0,7,Aucune,1
GH001815,Central,39,F,Primaire,Agriculture,1100,3300,18,Excellent,0,5,Bien immobilier,0
GH001816,Eastern,26,M,Secondaire,Agriculture,690,2200,6,Premier,0,7,Garant,0
GH001817,Central,30,M,Primaire,Pêche,1100,7100,24,Bon,0,6,Aucune,0
GH001818,Northern,39,F,Primaire,Agriculture,1170,2600,18,Excellent,1,1,Garant,0
GH001819,Central,35,F,Primaire,Restauration,3730,5900,12,Excellent,1,7,Épargne,0
GH001820,Volta,23,M,Primaire,Pêche,520,3100,12,Mauvais,1,4,Épargne,0
GH001821,Ashanti,25,F,Aucun,Agriculture,310,500,6,Bon,1,5,Garant,0
GH001822,Northern,41,M,Primaire,Pêche,810,5900,24,Mauvais,0,0,Épargne,0
GH001823,Ashanti,45,F,Primaire,Services,350,2000,6,Excellent,0,5,Garant,1
GH001824,Ashanti,22,F,Secondaire,Agriculture,2180,1700,12,Bon,1,6,Garant,0
GH001825,Greater Accra,60,F,Secondaire,Commerce,530,2300,12,Mauvais,1,3,Garant,1
GH001826,Northern,61,F,Secondaire,Commerce,420,1300,36,Excellent,0,0,Aucune,0
GH001827,Central,33,F,Primaire,Agriculture,460,2200,18,Bon,0,0,Garant,0
GH001828,Volta,30,M,Superieur,Services,1180,1100,6,Premier,0,3,Garant,0
GH001829,Volta,37,F,Primaire,Pêche,590,5700,18,Bon,1,2,Garant,1
GH001830,Volta,31,M,Primaire,Restauration,400,1600,36,Moyen,0,4,Garant,1
GH001831,Western,42,F,Secondaire,Commerce,2520,1300,18,Mauvais,0,3,Garant,0
GH001832,Western,31,F,Secondaire,Pêche,340,800,12,Bon,1,4,Épargne,0
GH001833,Western,32,F,Aucun,Restauration,680,2300,12,Mauvais,1,6,Garant,0
GH001834,Volta,44,F,Primaire,Pêche,1120,2100,6,Moyen,0,0,Bien immobilier,0
GH001835,Eastern,64,F,Secondaire,Agriculture,200,2600,12,Moyen,0,0,Épargne,1
GH001836,Volta,38,M,Secondaire,Commerce,980,700,18,Excellent,1,2,Aucune,0
GH001837,Ashanti,55,F,Primaire,Commerce,290,500,18,Premier,0,0,Épargne,0
GH001838,Ashanti,64,M,Superieur,Commerce,1280,3200,24,Moyen,0,3,Bien immobilier,0
GH001839,Volta,27,M,Aucun,Agriculture,310,6900,18,Bon,1,6,Bien immobilier,0
GH001840,Ashanti,48,M,Secondaire,Restauration,1160,700,6,Bon,1,4,Épargne,0
GH001841,Northern,51,F,Primaire,Restauration,1610,7600,18,Bon,1,2,Épargne,0
GH001842,Eastern,63,F,Aucun,Transport,1320,2300,18,Moyen,1,5,Épargne,0
GH001843,Central,37,M,Primaire,Transport,810,1800,12,Premier,0,3,Garant,0
GH001844,Greater Accra,25,M,Secondaire,Services,550,1300,18,Excellent,1,4,Aucune,0
GH001845,Volta,37,F,Aucun,Commerce,420,500,6,Premier,1,7,Bien immobilier,0
GH001846,Volta,38,F,Secondaire,Transport,2160,4400,6,Excellent,1,4,Garant,0
GH001847,Northern,41,F,Superieur,Services,380,900,12,Bon,1,1,Bien immobilier,0
GH001848,Ashanti,56,F,Secondaire,Restauration,290,900,12,Bon,1,1,Épargne,0
GH001849,Central,51,F,Primaire,Transport,1130,4400,12,Bon,1,7,Aucune,0
GH001850,Western,60,F,Aucun,Transport,350,500,12,Bon,0,3,Bien immobilier,0
GH001851,Volta,22,F,Primaire,Commerce,310,500,24,Mauvais,0,2,Bien immobilier,0
GH001852,Greater Accra,47,F,Primaire,Restauration,210,1800,24,Bon,0,4,Épargne,0
GH001853,Western,29,M,Superieur,Services,450,2400,36,Excellent,0,4,Aucune,0
GH001854,Volta,54,F,Superieur,Commerce,620,2800,24,Moyen,0,3,Bien immobilier,1
GH001855,Central,48,F,Primaire,Restauration,810,1400,36,Moyen,0,2,Épargne,0
GH001856,Central,34,M,Aucun,Pêche,1420,17600,18,Premier,1,5,Garant,0
GH001857,Western,52,F,Superieur,Commerce,1010,1500,36,Excellent,0,0,Épargne,0
GH001858,Northern,26,F,Secondaire,Transport,570,1500,18,Premier,1,5,Bien immobilier,0
GH001859,Greater Accra,31,F,Secondaire,Services,570,900,24,Bon,0,2,Bien immobilier,0
GH001860,Western,49,M,Primaire,Services,1000,2000,6,Excellent,0,0,Garant,0
GH001861,Western,40,F,Primaire,Services,1840,3100,18,Premier,1,6,Garant,0
GH001862,Northern,50,M,Superieur,Transport,740,5300,24,Excellent,0,6,Garant,0
GH001863,Western,43,M,Primaire,Commerce,460,500,12,Moyen,1,4,Bien immobilier,0
GH001864,Greater Accra,39,F,Secondaire,Transport,300,1400,12,Moyen,1,1,Épargne,0
GH001865,Eastern,56,F,Aucun,Artisanat,210,2700,12,Bon,0,1,Garant,0
GH001866,Greater Accra,23,F,Superieur,Commerce,1130,3100,18,Moyen,0,6,Épargne,0
GH001867,Northern,47,F,Secondaire,Restauration,1060,1800,18,Bon,0,3,Garant,0
GH001868,Western,63,F,Primaire,Services,1060,2900,12,Excellent,1,6,Garant,0
GH001869,Ashanti,39,F,Aucun,Pêche,600,900,12,Moyen,1,5,Aucune,0
GH001870,Ashanti,43,M,Secondaire,Pêche,2050,7300,24,Premier,1,2,Garant,0
GH001871,Central,51,F,Primaire,Restauration,450,4400,18,Bon,0,2,Aucune,0
GH001872,Eastern,60,F,Secondaire,Agriculture,1430,500,12,Premier,0,0,Garant,0
GH001873,Volta,55,F,Primaire,Services,640,700,24,Bon,0,6,Aucune,1
GH001874,Volta,53,M,Aucun,Transport,410,700,12,Bon,0,3,Garant,1
GH001875,Northern,55,M,Secondaire,Commerce,1070,3300,12,Moyen,0,7,Épargne,0
GH001876,Central,21,M,Secondaire,Services,920,600,24,Excellent,0,7,Épargne,0
GH001877,Volta,34,F,Primaire,Pêche,880,1300,24,Premier,1,7,Garant,0
GH001878,Central,53,F,Primaire,Restauration,710,2700,12,Mauvais,1,2,Garant,0
GH001879,Ashanti,55,F,Secondaire,Pêche,650,1700,6,Mauvais,0,7,Épargne,0
GH001880,Greater Accra,25,M,Secondaire,Services,4490,2300,12,Moyen,1,3,Garant,0
GH001881,Central,58,M,Aucun,Services,1720,700,24,Mauvais,1,0,Aucune,0
GH001882,Central,61,M,Primaire,Services,1190,3100,24,Moyen,1,5,Épargne,0
GH001883,Volta,31,M,Aucun,Services,730,1000,12,Bon,0,4,Garant,0
GH001884,Eastern,22,F,Secondaire,Pêche,1490,1300,12,Premier,1,3,Garant,0
GH001885,Volta,64,F,Secondaire,Services,1010,2200,12,Bon,1,1,Bien immobilier,0
GH001886,Ashanti,37,M,Primaire,Restauration,680,2000,24,Bon,1,4,Bien immobilier,0
GH001887,Greater Accra,59,M,Secondaire,Artisanat,520,1800,12,Excellent,1,2,Aucune,0
GH001888,Eastern,40,M,Primaire,Pêche,620,900,12,Premier,0,5,Aucune,0
GH001889,Greater Accra,34,M,Secondaire,Pêche,200,1400,18,Excellent,0,0,Aucune,1
GH001890,Volta,52,F,Aucun,Agriculture,790,1800,12,Excellent,1,0,Épargne,0
GH001891,Greater Accra,54,F,Secondaire,Artisanat,450,500,12,Excellent,0,7,Épargne,0
GH001892,Central,45,F,Secondaire,Agriculture,2380,1200,12,Bon,0,1,Aucune,0
GH001893,Eastern,27,F,Secondaire,Restauration,680,2600,18,Bon,0,3,Aucune,0
GH001894,Central,55,M,Superieur,Services,260,600,24,Moyen,1,1,Garant,0
GH001895,Western,49,M,Secondaire,Services,640,5100,12,Bon,1,3,Épargne,0
GH001896,Greater Accra,42,M,Secondaire,Transport,290,5700,6,Moyen,1,1,Garant,0
GH001897,Eastern,61,F,Primaire,Services,970,600,12,Excellent,1,1,Garant,0
GH001898,Ashanti,63,F,Primaire,Commerce,840,6100,6,Excellent,0,0,Garant,1
GH001899,Central,33,F,Superieur,Restauration,1430,1600,6,Mauvais,1,3,Garant,0
GH001900,Western,33,M,Superieur,Artisanat,350,2600,18,Bon,0,1,Garant,0
GH001901,Northern,21,F,Secondaire,Transport,680,1200,36,Excellent,0,5,Garant,0
GH001902,Western,56,M,Primaire,Restauration,220,4100,24,Premier,1,5,Épargne,0
GH001903,Western,24,M,Superieur,Artisanat,1170,2600,18,Excellent,0,2,Épargne,0
GH001904,Central,57,F,Primaire,Transport,1010,900,18,Excellent,0,5,Garant,0
GH001905,Ashanti,64,F,Primaire,Agriculture,990,600,24,Bon,0,6,Épargne,0
GH001906,Volta,60,F,Secondaire,Pêche,670,500,18,Excellent,1,5,Aucune,0
GH001907,Eastern,33,F,Aucun,Restauration,930,2100,18,Excellent,0,5,Garant,0
GH001908,Greater Accra,58,M,Primaire,Services,2400,3000,12,Mauvais,0,0,Aucune,0
GH001909,Ashanti,44,M,Secondaire,Restauration,530,3200,6,Excellent,1,0,Épargne,0
GH001910,Central,39,M,Primaire,Transport,740,1600,12,Excellent,0,0,Bien immobilier,0
GH001911,Northern,21,M,Superieur,Pêche,280,600,24,Mauvais,0,0,Bien immobilier,0
GH001912,Eastern,58,M,Superieur,Restauration,330,1000,18,Bon,1,7,Garant,0
GH001913,Greater Accra,25,F,Secondaire,Services,720,5100,12,Excellent,1,1,Épargne,0
GH001914,Northern,36,M,Superieur,Restauration,1610,1200,18,Bon,1,6,Épargne,0
GH001915,Eastern,44,F,Secondaire,Transport,540,2100,12,Excellent,1,5,Épargne,1
GH001916,Greater Accra,47,F,Secondaire,Commerce,550,700,24,Bon,0,1,Garant,0
GH001917,Volta,21,M,Secondaire,Transport,480,2400,12,Bon,1,5,Garant,0
GH001918,Greater Accra,54,M,Primaire,Transport,430,1200,18,Premier,0,0,Épargne,0
GH001919,Western,56,F,Primaire,Transport,840,4600,18,Bon,0,1,Bien immobilier,0
GH001920,Northern,24,F,Secondaire,Commerce,200,3600,36,Moyen,0,1,Aucune,0
GH001921,Northern,20,M,Secondaire,Services,1850,1200,18,Excellent,1,3,Épargne,0
GH001922,Central,59,F,Secondaire,Pêche,390,1600,24,Bon,0,7,Bien immobilier,0
GH001923,Ashanti,31,M,Secondaire,Agriculture,1190,1100,6,Excellent,0,2,Bien immobilier,0
GH001924,Volta,55,F,Secondaire,Restauration,240,500,6,Bon,0,3,Bien immobilier,0
GH001925,Western,64,M,Secondaire,Transport,1140,800,12,Bon,0,4,Épargne,0
GH001926,Western,42,F,Primaire,Restauration,1140,2200,18,Premier,1,3,Garant,0
GH001927,Eastern,50,F,Aucun,Agriculture,900,2400,12,Premier,0,2,Aucune,0
GH001928,Northern,30,F,Secondaire,Restauration,300,2100,12,Bon,1,2,Épargne,0
GH001929,Greater Accra,29,M,Aucun,Agriculture,810,1400,18,Excellent,1,3,Garant,1
GH001930,Greater Accra,22,M,Superieur,Pêche,260,4200,18,Bon,1,5,Aucune,0
GH001931,Volta,33,F,Secondaire,Pêche,540,1900,12,Moyen,1,6,Épargne,0
GH001932,Eastern,35,F,Secondaire,Agriculture,1520,3400,6,Excellent,0,3,Épargne,0
GH001933,Northern,29,F,Superieur,Agriculture,1260,500,24,Bon,0,7,Épargne,0
GH001934,Central,48,M,Secondaire,Artisanat,670,500,18,Excellent,1,7,Aucune,0
GH001935,Greater Accra,29,M,Aucun,Commerce,300,2300,12,Excellent,1,6,Bien immobilier,0
GH001936,Western,31,F,Secondaire,Services,1110,500,18,Excellent,0,5,Épargne,0
GH001937,Western,49,M,Primaire,Commerce,680,1500,12,Premier,1,4,Garant,0
GH001938,Northern,60,M,Primaire,Transport,200,1400,12,Excellent,0,7,Garant,0
GH001939,Greater Accra,20,F,Primaire,Restauration,1240,7500,12,Excellent,0,5,Épargne,0
GH001940,Greater Accra,24,F,Secondaire,Restauration,650,2600,24,Premier,0,0,Garant,0
GH001941,Central,39,M,Secondaire,Agriculture,1740,2100,36,Bon,0,7,Garant,0
GH001942,Northern,27,M,Primaire,Transport,280,3800,12,Moyen,0,2,Garant,0
GH001943,Greater Accra,62,F,Primaire,Agriculture,200,2500,6,Bon,0,0,Épargne,0
GH001944,Central,31,M,Secondaire,Commerce,830,1200,12,Bon,0,5,Garant,0
GH001945,Western,20,F,Primaire,Transport,840,4700,18,Excellent,1,4,Épargne,1
GH001946,Central,39,M,Primaire,Transport,200,700,12,Bon,0,1,Aucune,0
GH001947,Greater Accra,47,M,Secondaire,Restauration,300,2400,24,Bon,0,1,Bien immobilier,0
GH001948,Ashanti,62,F,Primaire,Services,6030,500,12,Bon,1,5,Bien immobilier,0
GH001949,Northern,56,F,Aucun,Commerce,520,2200,18,Bon,1,7,Épargne,0
GH001950,Volta,56,M,Primaire,Pêche,1190,2200,12,Moyen,1,0,Aucune,0
GH001951,Greater Accra,31,M,Secondaire,Commerce,400,8200,24,Bon,1,6,Garant,1
GH001952,Ashanti,56,M,Secondaire,Commerce,200,500,6,Moyen,0,3,Épargne,0
GH001953,Western,63,F,Superieur,Agriculture,580,1100,18,Excellent,0,2,Aucune,0
GH001954,Northern,47,M,Secondaire,Restauration,540,3800,18,Mauvais,0,6,Aucune,0
GH001955,Volta,34,F,Primaire,Services,480,2400,18,Bon,1,0,Épargne,0
GH001956,Eastern,25,F,Primaire,Pêche,610,2100,12,Bon,1,3,Garant,0
GH001957,Northern,63,F,Aucun,Commerce,820,800,6,Bon,0,4,Aucune,0
GH001958,Western,39,F,Secondaire,Commerce,590,1100,18,Mauvais,0,7,Épargne,0
GH001959,Western,33,F,Secondaire,Agriculture,240,5500,24,Premier,0,3,Épargne,0
GH001960,Western,21,M,Secondaire,Transport,980,1700,6,Excellent,1,4,Garant,0
GH001961,Central,28,M,Primaire,Artisanat,200,2500,12,Moyen,0,7,Garant,0
GH001962,Volta,56,M,Primaire,Restauration,200,1600,12,Excellent,1,0,Bien immobilier,1
GH001963,Western,39,F,Primaire,Restauration,1200,600,18,Excellent,1,1,Bien immobilier,0
GH001964,Eastern,45,F,Secondaire,Restauration,1000,4200,18,Mauvais,1,5,Garant,0
GH001965,Greater Accra,48,M,Primaire,Commerce,640,2800,18,Excellent,1,2,Bien immobilier,0
GH001966,Ashanti,20,F,Secondaire,Commerce,220,14400,12,Excellent,0,0,Aucune,0
GH001967,Northern,54,F,Aucun,Commerce,380,700,6,Moyen,1,6,Épargne,1
GH001968,Northern,25,F,Secondaire,Transport,540,3800,18,Mauvais,1,7,Garant,0
GH001969,Western,56,M,Aucun,Artisanat,200,600,12,Excellent,0,1,Garant,1
GH001970,Ashanti,24,M,Primaire,Commerce,370,2100,6,Excellent,0,4,Épargne,0
GH001971,Western,52,F,Aucun,Restauration,1120,4400,18,Excellent,0,2,Bien immobilier,0
GH001972,Central,33,M,Primaire,Transport,2080,500,12,Excellent,1,3,Bien immobilier,0
GH001973,Ashanti,31,F,Primaire,Restauration,480,1500,24,Excellent,1,7,Garant,0
GH001974,Western,61,F,Secondaire,Agriculture,1220,1100,6,Premier,1,0,Épargne,0
GH001975,Western,39,F,Primaire,Artisanat,200,1000,12,Excellent,1,3,Épargne,0
GH001976,Eastern,43,F,Aucun,Pêche,1130,2600,12,Bon,0,2,Bien immobilier,0
GH001977,Eastern,62,F,Secondaire,Commerce,350,5000,18,Premier,1,0,Épargne,0
GH001978,Volta,53,M,Secondaire,Services,850,1600,12,Moyen,1,6,Garant,0
GH001979,Eastern,44,F,Primaire,Pêche,550,2200,18,Excellent,0,0,Bien immobilier,0
GH001980,Volta,48,F,Secondaire,Commerce,1910,2000,12,Bon,1,6,Bien immobilier,0
GH001981,Central,58,F,Secondaire,Artisanat,330,1800,6,Premier,0,7,Épargne,0
GH001982,Volta,50,M,Primaire,Artisanat,1100,700,12,Bon,1,5,Garant,0
GH001983,Ashanti,62,M,Secondaire,Restauration,530,4900,36,Bon,0,3,Épargne,0
GH001984,Central,42,M,Aucun,Artisanat,590,2400,12,Excellent,1,3,Épargne,0
GH001985,Greater Accra,63,F,Aucun,Transport,570,2600,18,Bon,0,6,Garant,0
GH001986,Western,57,M,Superieur,Transport,340,900,24,Excellent,0,6,Aucune,0
GH001987,Western,39,F,Primaire,Services,660,1200,6,Moyen,0,1,Épargne,1
GH001988,Western,42,F,Primaire,Pêche,630,1500,18,Moyen,0,5,Épargne,0
GH001989,Eastern,64,M,Superieur,Pêche,810,500,12,Bon,0,6,Garant,0
GH001990,Western,35,F,Secondaire,Artisanat,710,500,12,Moyen,0,3,Aucune,0
GH001991,Volta,61,M,Secondaire,Pêche,1260,1100,12,Excellent,1,4,Épargne,0
GH001992,Eastern,27,F,Secondaire,Transport,1390,2900,24,Moyen,0,1,Garant,0
GH001993,Greater Accra,40,M,Secondaire,Commerce,290,1000,12,Moyen,1,3,Épargne,0
GH001994,Central,20,M,Secondaire,Agriculture,1330,700,6,Moyen,1,0,Épargne,0
GH001995,Central,27,M,Aucun,Services,260,900,6,Excellent,1,3,Garant,0
GH001996,Volta,48,F,Primaire,Transport,1060,1200,6,Moyen,0,5,Épargne,0
GH001997,Central,51,F,Primaire,Restauration,1090,1300,24,Bon,0,6,Épargne,0
GH001998,Eastern,57,F,Aucun,Agriculture,200,12700,12,Bon,0,2,Bien immobilier,0
GH001999,Northern,24,M,Primaire,Pêche,720,4700,24,Bon,0,1,Aucune,0
GH002000,Northern,41,F,Secondaire,Restauration,460,4500,24,Excellent,0,6,Aucune,0
GH002001,Ashanti,53,M,Primaire,Services,360,5200,24,Bon,1,0,Bien immobilier,0
GH002002,Northern,20,F,Primaire,Agriculture,1960,700,12,Bon,0,3,Garant,0
GH002003,Ashanti,45,F,Secondaire,Agriculture,390,600,12,Bon,0,6,Bien immobilier,0
GH002004,Greater Accra,62,F,Secondaire,Pêche,350,700,18,Moyen,0,6,Garant,0
GH002005,Ashanti,29,F,Superieur,Restauration,710,6000,12,Bon,1,2,Aucune,0
GH002006,Greater Accra,49,M,Secondaire,Transport,1150,1100,12,Bon,1,1,Épargne,0
GH002007,Western,37,M,Superieur,Transport,590,600,6,Bon,1,1,Épargne,1
GH002008,Volta,36,M,Secondaire,Restauration,1690,1200,36,Bon,1,6,Garant,0
GH002009,Central,45,M,Secondaire,Agriculture,1020,1500,6,Bon,0,1,Garant,0
GH002010,Volta,27,F,Superieur,Restauration,200,2300,12,Mauvais,1,7,Épargne,0
GH002011,Northern,59,M,Secondaire,Services,440,2300,18,Moyen,1,0,Garant,0
GH002012,Eastern,31,F,Secondaire,Transport,420,900,12,Excellent,0,7,Aucune,0
GH002013,Greater Accra,46,F,Secondaire,Restauration,980,3400,6,Bon,1,3,Épargne,0
GH002014,Northern,27,M,Primaire,Commerce,200,1000,12,Bon,0,0,Bien immobilier,0
GH002015,Eastern,44,M,Superieur,Pêche,5110,1600,6,Bon,1,4,Garant,0
GH002016,Eastern,23,M,Secondaire,Transport,1020,3400,12,Premier,0,3,Garant,0
GH002017,Central,52,M,Secondaire,Pêche,750,1000,12,Bon,0,4,Épargne,0
GH002018,Volta,20,F,Aucun,Commerce,1710,1100,12,Moyen,0,3,Bien immobilier,0
GH002019,Western,38,F,Primaire,Services,4340,3100,12,Premier,1,6,Épargne,0
GH002020,Western,50,F,Primaire,Services,1330,800,12,Excellent,0,1,Bien immobilier,0
GH002021,Volta,35,F,Secondaire,Agriculture,1420,1300,18,Excellent,0,0,Garant,0
GH002022,Ashanti,33,M,Superieur,Artisanat,740,3000,12,Bon,1,6,Bien immobilier,0
GH002023,Northern,24,M,Primaire,Transport,590,11500,6,Excellent,1,4,Garant,1
GH002024,Western,60,F,Secondaire,Agriculture,450,3100,24,Excellent,0,1,Épargne,0
GH002025,Central,45,M,Aucun,Commerce,340,2800,18,Premier,0,1,Aucune,0
GH002026,Northern,47,M,Primaire,Restauration,380,2900,6,Premier,1,5,Garant,0
GH002027,Eastern,21,F,Primaire,Commerce,230,700,36,Moyen,1,4,Bien immobilier,0
GH002028,Greater Accra,25,F,Secondaire,Pêche,630,2000,18,Moyen,1,3,Garant,0
GH002029,Greater Accra,28,F,Superieur,Restauration,200,1800,12,Excellent,1,4,Épargne,0
GH002030,Western,52,M,Primaire,Agriculture,770,2400,36,Bon,0,0,Garant,1
GH002031,Ashanti,60,F,Secondaire,Restauration,650,2000,12,Excellent,1,6,Aucune,0
GH002032,Greater Accra,44,M,Secondaire,Pêche,750,2500,36,Bon,0,2,Garant,0
GH002033,Ashanti,32,F,Primaire,Commerce,440,1400,6,Bon,0,3,Garant,0
GH002034,Greater Accra,28,M,Superieur,Services,7800,1900,12,Moyen,0,1,Épargne,1
GH002035,Ashanti,32,M,Superieur,Agriculture,1970,600,18,Excellent,1,5,Garant,0
GH002036,Volta,50,F,Primaire,Artisanat,250,1400,6,Excellent,0,4,Bien immobilier,0
GH002037,Ashanti,60,F,Secondaire,Services,800,6300,6,Moyen,1,5,Aucune,0
GH002038,Eastern,30,F,Primaire,Artisanat,410,2400,18,Moyen,0,7,Bien immobilier,0
GH002039,Central,23,M,Secondaire,Commerce,300,1800,12,Bon,1,5,Épargne,0
GH002040,Greater Accra,53,F,Secondaire,Agriculture,230,10000,24,Excellent,0,2,Aucune,0
GH002041,Northern,57,F,Aucun,Services,940,500,12,Mauvais,1,5,Bien immobilier,0
GH002042,Western,23,F,Superieur,Services,390,700,24,Excellent,1,4,Épargne,0
GH002043,Central,57,M,Secondaire,Agriculture,1440,8400,12,Moyen,0,2,Garant,0
GH002044,Eastern,38,M,Superieur,Restauration,1470,1900,12,Excellent,1,3,Aucune,1
GH002045,Eastern,25,F,Aucun,Services,2000,1500,12,Moyen,1,4,Garant,0
GH002046,Eastern,53,F,Secondaire,Transport,340,600,18,Moyen,0,4,Bien immobilier,0
GH002047,Western,37,F,Secondaire,Commerce,970,2700,12,Mauvais,0,2,Garant,0
GH002048,Greater Accra,32,M,Aucun,Restauration,1100,3000,12,Bon,1,0,Épargne,0
GH002049,Greater Accra,60,F,Primaire,Commerce,460,700,6,Excellent,0,5,Aucune,0
GH002050,Volta,42,F,Superieur,Pêche,360,1600,6,Mauvais,0,1,Garant,0
GH002051,Volta,38,M,Secondaire,Commerce,2410,1300,12,Bon,1,2,Garant,0
GH002052,Ashanti,64,F,Primaire,Restauration,800,2300,18,Mauvais,0,5,Garant,0
GH002053,Ashanti,30,M,Superieur,Agriculture,1110,700,12,Moyen,1,4,Garant,0
GH002054,Northern,20,M,Aucun,Commerce,340,5600,12,Bon,0,2,Garant,0
GH002055,Ashanti,43,F,Primaire,Services,250,4100,24,Premier,0,2,Bien immobilier,1
GH002056,Western,26,F,Secondaire,Agriculture,420,1300,18,Bon,1,7,Bien immobilier,0
GH002057,Central,44,F,Secondaire,Pêche,600,1500,24,Moyen,1,4,Épargne,0
GH002058,Volta,40,M,Primaire,Artisanat,280,1600,24,Moyen,0,4,Épargne,0
GH002059,Greater Accra,34,M,Secondaire,Artisanat,660,900,6,Bon,0,7,Épargne,0
GH002060,Ashanti,20,F,Secondaire,Restauration,200,1200,36,Bon,0,7,Épargne,0
GH002061,Volta,31,M,Secondaire,Commerce,270,1400,6,Moyen,1,0,Aucune,0
GH002062,Western,26,F,Secondaire,Pêche,1140,7700,24,Bon,0,7,Bien immobilier,0
GH002063,Western,34,M,Primaire,Pêche,1080,4200,12,Bon,0,6,Aucune,0
GH002064,Northern,40,F,Secondaire,Agriculture,490,4200,12,Moyen,1,6,Aucune,0
GH002065,Ashanti,38,F,Primaire,Transport,290,2500,18,Excellent,1,0,Garant,1
GH002066,Volta,48,M,Superieur,Services,290,700,24,Excellent,1,6,Bien immobilier,0
GH002067,Volta,44,F,Aucun,Restauration,490,1700,18,Excellent,0,0,Épargne,0
GH002068,Northern,52,M,Primaire,Pêche,1110,4300,12,Bon,0,7,Aucune,0
GH002069,Volta,51,M,Primaire,Commerce,1400,600,6,Mauvais,0,5,Aucune,0
GH002070,Eastern,54,F,Secondaire,Pêche,450,3200,18,Moyen,1,6,Aucune,0
GH002071,Eastern,63,F,Primaire,Artisanat,260,14600,6,Premier,0,6,Aucune,1
GH002072,Eastern,57,M,Secondaire,Restauration,820,4700,18,Excellent,0,7,Bien immobilier,0
GH002073,Ashanti,45,F,Superieur,Agriculture,340,6500,12,Moyen,0,6,Garant,0
GH002074,Western,30,M,Primaire,Services,440,2200,12,Bon,1,4,Garant,0
GH002075,Western,54,M,Primaire,Commerce,1920,4300,18,Excellent,1,6,Épargne,1
GH002076,Greater Accra,27,F,Superieur,Artisanat,1290,900,18,Mauvais,1,3,Épargne,0
GH002077,Volta,33,F,Primaire,Pêche,750,3700,24,Excellent,0,0,Épargne,0
GH002078,Eastern,29,F,Primaire,Restauration,240,3300,12,Excellent,1,6,Bien immobilier,0
GH002079,Ashanti,21,F,Primaire,Restauration,790,2300,24,Bon,0,6,Bien immobilier,0
GH002080,Greater Accra,28,F,Primaire,Commerce,1560,5900,36,Moyen,0,6,Bien immobilier,0
GH002081,Western,22,F,Primaire,Agriculture,490,1100,24,Moyen,1,6,Garant,0
GH002082,Volta,40,M,Secondaire,Artisanat,1960,1500,24,Bon,0,1,Garant,0
GH002083,Volta,45,F,Primaire,Transport,1870,2000,18,Excellent,1,5,Épargne,0
GH002084,Greater Accra,27,F,Secondaire,Agriculture,2520,700,6,Excellent,1,7,Garant,0
GH002085,Eastern,21,F,Primaire,Services,850,2200,18,Excellent,0,5,Aucune,0
GH002086,Volta,25,F,Secondaire,Services,1060,500,18,Mauvais,0,3,Bien immobilier,0
GH002087,Volta,47,M,Primaire,Commerce,2060,4600,24,Premier,1,0,Bien immobilier,0
GH002088,Volta,48,M,Superieur,Commerce,950,1900,18,Premier,0,1,Épargne,0
GH002089,Central,45,F,Secondaire,Artisanat,450,1100,18,Mauvais,0,4,Garant,0
GH002090,Eastern,44,M,Primaire,Restauration,460,900,18,Mauvais,1,1,Garant,0
GH002091,Eastern,31,F,Primaire,Restauration,810,1500,12,Mauvais,0,7,Épargne,0
GH002092,Ashanti,24,F,Aucun,Artisanat,240,3400,12,Premier,0,0,Bien immobilier,0
GH002093,Central,53,F,Aucun,Agriculture,590,3000,18,Mauvais,0,2,Épargne,0
GH002094,Volta,56,F,Secondaire,Services,1600,1000,12,Bon,0,2,Aucune,0
GH002095,Northern,34,M,Primaire,Artisanat,200,800,12,Bon,1,1,Épargne,0
GH002096,Central,63,F,Superieur,Transport,2270,3300,18,Bon,1,4,Garant,0
GH002097,Central,55,F,Primaire,Restauration,1630,900,18,Moyen,0,3,Bien immobilier,0
GH002098,Western,34,F,Secondaire,Agriculture,460,1900,18,Bon,0,7,Bien immobilier,0
GH002099,Greater Accra,62,M,Primaire,Pêche,1030,2000,24,Moyen,0,2,Épargne,0
GH002100,Western,42,M,Primaire,Agriculture,670,2400,12,Moyen,0,6,Garant,0
GH002101,Northern,25,F,Superieur,Services,1780,3900,12,Excellent,1,5,Épargne,0
GH002102,Central,63,M,Secondaire,Restauration,1460,600,18,Bon,0,3,Bien immobilier,0
GH002103,Ashanti,62,M,Secondaire,Commerce,220,500,24,Mauvais,1,4,Garant,1
GH002104,Northern,64,M,Secondaire,Agriculture,1060,1100,12,Bon,0,2,Bien immobilier,0
GH002105,Volta,40,F,Superieur,Services,560,9100,6,Bon,1,4,Garant,1
GH002106,Eastern,42,F,Secondaire,Agriculture,710,11200,18,Mauvais,0,7,Aucune,0
GH002107,Volta,62,F,Aucun,Commerce,370,9400,24,Excellent,1,0,Épargne,1
GH002108,Eastern,35,F,Aucun,Restauration,2690,1500,12,Bon,1,7,Épargne,0
GH002109,Western,34,M,Secondaire,Pêche,1530,500,6,Bon,0,3,Garant,1
GH002110,Volta,44,F,Secondaire,Pêche,370,500,12,Mauvais,1,0,Garant,0
GH002111,Northern,55,M,Secondaire,Services,230,1000,6,Moyen,1,4,Aucune,0
GH002112,Western,30,F,Aucun,Artisanat,490,1500,12,Bon,0,4,Garant,0
GH002113,Ashanti,34,F,Superieur,Pêche,940,5800,6,Premier,0,7,Épargne,0
GH002114,Eastern,23,M,Secondaire,Pêche,810,3900,12,Premier,0,1,Garant,0
GH002115,Volta,40,M,Secondaire,Agriculture,1810,2200,12,Moyen,0,7,Bien immobilier,0
GH002116,Western,32,F,Aucun,Artisanat,1250,800,6,Mauvais,0,7,Épargne,0
GH002117,Volta,41,M,Superieur,Pêche,1440,800,6,Moyen,0,1,Garant,0
GH002118,Greater Accra,38,F,Secondaire,Agriculture,860,2300,24,Moyen,1,2,Garant,0
GH002119,Western,53,F,Secondaire,Artisanat,220,3400,6,Bon,1,0,Garant,0
GH002120,Western,33,F,Superieur,Agriculture,570,2600,18,Bon,0,0,Garant,1
GH002121,Central,23,F,Superieur,Commerce,1550,700,24,Excellent,0,6,Bien immobilier,0
GH002122,Greater Accra,46,F,Primaire,Restauration,640,3200,6,Mauvais,1,4,Bien immobilier,0
GH002123,Greater Accra,48,M,Superieur,Restauration,990,2700,12,Excellent,0,7,Bien immobilier,0
GH002124,Volta,47,M,Secondaire,Restauration,520,700,18,Bon,1,6,Garant,0
GH002125,Ashanti,54,F,Aucun,Pêche,290,900,12,Excellent,0,1,Bien immobilier,0
GH002126,Volta,27,F,Primaire,Restauration,600,3400,12,Bon,1,7,Épargne,0
GH002127,Central,35,M,Primaire,Restauration,850,1500,24,Bon,0,7,Épargne,0
GH002128,Greater Accra,61,M,Secondaire,Artisanat,390,7600,6,Mauvais,1,3,Garant,0
GH002129,Central,55,M,Secondaire,Services,550,2800,18,Premier,0,7,Épargne,0
GH002130,Central,49,F,Primaire,Artisanat,310,1200,24,Premier,0,4,Bien immobilier,0
GH002131,Eastern,37,F,Secondaire,Transport,1630,1800,6,Moyen,0,7,Épargne,0
GH002132,Volta,21,F,Secondaire,Artisanat,530,1900,6,Premier,0,0,Garant,0
GH002133,Greater Accra,32,F,Secondaire,Pêche,2130,900,18,Bon,0,0,Garant,0
GH002134,Eastern,23,F,Superieur,Services,2260,800,36,Bon,0,4,Bien immobilier,1
GH002135,Volta,45,F,Secondaire,Transport,620,3400,12,Bon,0,4,Garant,0
GH002136,Western,44,M,Primaire,Transport,300,3900,12,Mauvais,1,5,Bien immobilier,0
GH002137,Volta,49,M,Secondaire,Restauration,200,3100,6,Excellent,1,4,Garant,0
GH002138,Western,30,F,Superieur,Pêche,200,7100,12,Moyen,1,0,Garant,1
GH002139,Eastern,26,M,Aucun,Services,220,1100,6,Moyen,0,6,Épargne,0
GH002140,Western,50,M,Superieur,Services,2000,8200,12,Bon,0,5,Bien immobilier,0
GH002141,Eastern,63,F,Aucun,Pêche,730,800,18,Excellent,1,3,Garant,0
GH002142,Volta,29,F,Secondaire,Pêche,910,700,36,Moyen,0,0,Bien immobilier,0
GH002143,Ashanti,58,F,Secondaire,Pêche,200,500,24,Moyen,1,4,Aucune,0
GH002144,Central,32,M,Secondaire,Pêche,260,1200,24,Excellent,1,1,Garant,0
GH002145,Ashanti,50,M,Secondaire,Pêche,1350,1100,12,Moyen,0,6,Garant,0
GH002146,Greater Accra,26,F,Secondaire,Transport,840,2900,6,Mauvais,0,3,Garant,0
GH002147,Ashanti,61,F,Secondaire,Restauration,590,2300,18,Premier,1,7,Bien immobilier,0
GH002148,Ashanti,61,F,Secondaire,Artisanat,1050,600,12,Bon,1,5,Aucune,0
GH002149,Western,55,M,Primaire,Transport,2460,1300,12,Excellent,0,5,Aucune,0
GH002150,Northern,39,M,Secondaire,Agriculture,560,1300,6,Bon,0,2,Garant,0
GH002151,Volta,23,F,Secondaire,Services,700,500,12,Moyen,1,5,Garant,0
GH002152,Northern,26,M,Primaire,Agriculture,780,700,12,Mauvais,0,6,Garant,0
GH002153,Eastern,20,M,Secondaire,Agriculture,4510,900,12,Premier,0,6,Garant,0
GH002154,Greater Accra,63,M,Aucun,Services,200,6600,6,Premier,1,0,Épargne,0
GH002155,Northern,64,F,Secondaire,Commerce,1150,2100,24,Moyen,1,3,Épargne,0
GH002156,Western,61,M,Primaire,Artisanat,610,3300,6,Moyen,0,3,Garant,1
GH002157,Greater Accra,32,M,Primaire,Restauration,1050,500,24,Excellent,0,4,Garant,0
GH002158,Central,41,F,Primaire,Pêche,390,5300,24,Bon,1,3,Garant,0
GH002159,Eastern,40,M,Aucun,Agriculture,640,5800,18,Premier,0,5,Épargne,0
GH002160,Western,41,F,Primaire,Services,1180,500,36,Moyen,0,0,Aucune,0
GH002161,Ashanti,47,F,Primaire,Artisanat,8030,1000,6,Bon,1,6,Épargne,0
GH002162,Volta,28,F,Primaire,Restauration,1270,2800,18,Excellent,1,6,Garant,0
GH002163,Central,45,M,Primaire,Agriculture,340,3200,24,Excellent,1,1,Épargne,0
GH002164,Ashanti,28,F,Superieur,Artisanat,470,1000,6,Bon,1,3,Épargne,0
GH002165,Northern,34,F,Aucun,Services,460,1400,18,Mauvais,1,5,Garant,0
GH002166,Volta,29,M,Superieur,Transport,200,1100,12,Excellent,1,0,Garant,0
GH002167,Greater Accra,43,F,Secondaire,Restauration,510,2000,12,Excellent,0,5,Aucune,0
GH002168,Central,61,F,Primaire,Services,1200,5300,24,Moyen,1,5,Bien immobilier,0
GH002169,Volta,27,M,Primaire,Transport,240,900,12,Bon,1,5,Aucune,0
GH002170,Volta,43,M,Superieur,Artisanat,1540,4500,6,Excellent,1,6,Garant,0
GH002171,Western,35,M,Secondaire,Pêche,980,900,24,Excellent,1,4,Bien immobilier,0
GH002172,Ashanti,45,F,Aucun,Artisanat,370,800,12,Bon,1,3,Garant,0
GH002173,Northern,46,F,Primaire,Artisanat,590,3800,24,Bon,0,2,Épargne,1
GH002174,Ashanti,56,F,Primaire,Commerce,2390,4100,36,Premier,0,2,Aucune,0
GH002175,Greater Accra,23,F,Secondaire,Pêche,1200,3900,24,Bon,0,1,Bien immobilier,1
GH002176,Greater Accra,43,F,Superieur,Transport,670,600,18,Moyen,0,6,Garant,0
GH002177,Northern,38,M,Aucun,Artisanat,550,1200,18,Excellent,0,4,Épargne,0
GH002178,Eastern,55,M,Primaire,Pêche,710,3800,18,Moyen,0,0,Épargne,0
GH002179,Northern,58,F,Primaire,Artisanat,440,1900,12,Moyen,1,3,Bien immobilier,0
GH002180,Eastern,29,M,Superieur,Services,200,700,12,Excellent,0,0,Épargne,0
GH002181,Northern,44,F,Secondaire,Pêche,3410,2700,12,Moyen,0,6,Épargne,0
GH002182,Northern,37,M,Superieur,Restauration,750,1000,18,Excellent,1,7,Bien immobilier,1
GH002183,Greater Accra,38,F,Primaire,Services,910,9100,18,Bon,0,2,Épargne,0
GH002184,Eastern,55,M,Secondaire,Agriculture,640,7300,18,Moyen,0,6,Épargne,0
GH002185,Northern,29,M,Primaire,Commerce,370,3100,18,Moyen,0,4,Garant,0
GH002186,Volta,52,F,Superieur,Agriculture,570,6200,18,Premier,0,0,Aucune,0
GH002187,Ashanti,24,M,Primaire,Artisanat,200,1900,18,Premier,1,3,Garant,0
GH002188,Greater Accra,54,F,Secondaire,Artisanat,4110,3600,6,Mauvais,1,4,Épargne,0
GH002189,Volta,63,M,Primaire,Restauration,250,6800,12,Mauvais,1,6,Aucune,0
GH002190,Volta,53,F,Secondaire,Artisanat,290,2300,12,Excellent,1,7,Aucune,0
GH002191,Central,52,M,Primaire,Transport,470,1400,12,Bon,0,3,Bien immobilier,0
GH002192,Greater Accra,40,F,Aucun,Pêche,1860,500,6,Excellent,1,3,Garant,0
GH002193,Northern,36,F,Primaire,Transport,670,1700,18,Excellent,1,4,Garant,0
GH002194,Western,41,F,Secondaire,Agriculture,250,3800,6,Bon,1,7,Garant,1
GH002195,Western,56,F,Primaire,Services,1810,4200,12,Mauvais,0,4,Garant,0
GH002196,Volta,34,M,Primaire,Artisanat,1190,2800,18,Bon,0,5,Épargne,0
GH002197,Volta,54,F,Primaire,Restauration,1020,1100,6,Moyen,0,3,Épargne,0
GH002198,Greater Accra,47,F,Primaire,Commerce,1180,500,18,Bon,0,2,Garant,0
GH002199,Central,26,F,Primaire,Transport,4520,1200,24,Moyen,1,6,Épargne,0
GH002200,Greater Accra,51,F,Primaire,Agriculture,3820,1400,18,Mauvais,0,3,Épargne,0
GH002201,Central,30,M,Aucun,Restauration,380,1400,18,Bon,0,4,Garant,0
GH002202,Northern,29,F,Primaire,Restauration,2440,3200,18,Premier,1,5,Garant,0
GH002203,Ashanti,28,M,Secondaire,Agriculture,900,10800,12,Excellent,0,1,Épargne,0
GH002204,Ashanti,33,F,Primaire,Restauration,990,2000,18,Premier,0,0,Garant,0
GH002205,Central,32,M,Secondaire,Services,200,1500,12,Excellent,1,3,Épargne,0
GH002206,Volta,44,M,Primaire,Services,580,1400,12,Bon,1,5,Garant,0
GH002207,Eastern,21,F,Superieur,Commerce,350,2000,12,Premier,1,0,Garant,0
GH002208,Ashanti,54,F,Aucun,Commerce,1290,900,18,Moyen,1,6,Garant,0
GH002209,Western,26,F,Secondaire,Artisanat,1570,2000,18,Bon,0,3,Bien immobilier,0
GH002210,Greater Accra,40,F,Primaire,Pêche,200,2700,24,Moyen,0,5,Épargne,1
GH002211,Northern,37,F,Aucun,Artisanat,650,2200,12,Bon,0,7,Bien immobilier,0
GH002212,Eastern,22,F,Primaire,Pêche,1630,2700,12,Excellent,0,7,Garant,1
GH002213,Volta,61,M,Primaire,Agriculture,570,2700,18,Bon,1,3,Épargne,0
GH002214,Western,58,F,Primaire,Restauration,1190,500,18,Excellent,0,7,Garant,0
GH002215,Greater Accra,60,F,Primaire,Artisanat,880,3200,12,Premier,0,5,Bien immobilier,0
GH002216,Western,30,F,Superieur,Restauration,870,1000,12,Mauvais,1,1,Garant,0
GH002217,Eastern,58,F,Primaire,Artisanat,540,700,12,Bon,0,4,Bien immobilier,0
GH002218,Central,43,F,Primaire,Artisanat,250,700,12,Mauvais,1,6,Garant,0
GH002219,Greater Accra,38,F,Secondaire,Commerce,270,2700,18,Excellent,0,5,Garant,0
GH002220,Western,23,F,Secondaire,Pêche,1170,1500,12,Excellent,1,6,Épargne,0
GH002221,Northern,45,F,Aucun,Agriculture,680,500,6,Moyen,1,2,Épargne,0
GH002222,Volta,57,F,Secondaire,Services,600,2800,12,Bon,1,5,Bien immobilier,0
GH002223,Northern,61,M,Primaire,Restauration,470,500,24,Excellent,0,6,Garant,0
GH002224,Western,51,F,Aucun,Artisanat,520,2100,12,Moyen,0,4,Aucune,0
GH002225,Volta,58,F,Primaire,Restauration,1540,2200,6,Premier,0,0,Garant,0
GH002226,Eastern,64,F,Aucun,Commerce,510,4000,18,Bon,1,0,Aucune,1
GH002227,Eastern,55,F,Primaire,Services,230,9000,18,Bon,0,6,Aucune,0
GH002228,Volta,59,M,Primaire,Agriculture,1210,500,18,Bon,1,7,Épargne,0
GH002229,Northern,56,F,Primaire,Pêche,560,1700,12,Moyen,0,3,Garant,1
GH002230,Northern,52,F,Secondaire,Pêche,680,1400,36,Moyen,0,4,Épargne,0
GH002231,Volta,55,M,Secondaire,Artisanat,2410,2700,6,Mauvais,0,1,Aucune,0
GH002232,Eastern,22,M,Secondaire,Services,650,2200,12,Premier,1,2,Garant,0
GH002233,Central,28,M,Secondaire,Agriculture,840,1300,18,Mauvais,1,4,Garant,0
GH002234,Ashanti,27,F,Superieur,Pêche,260,1200,6,Moyen,0,3,Bien immobilier,0
GH002235,Western,52,F,Superieur,Agriculture,560,700,12,Bon,1,0,Garant,0
GH002236,Central,25,F,Superieur,Restauration,1080,4400,18,Moyen,0,4,Garant,0
GH002237,Western,60,F,Primaire,Commerce,200,2700,12,Moyen,1,0,Épargne,0
GH002238,Northern,58,F,Primaire,Agriculture,780,4100,24,Excellent,0,7,Bien immobilier,0
GH002239,Central,23,F,Secondaire,Agriculture,720,1400,18,Bon,1,7,Garant,0
GH002240,Northern,32,M,Primaire,Services,690,1000,18,Excellent,1,5,Épargne,0
GH002241,Volta,21,M,Aucun,Pêche,1520,700,24,Mauvais,0,3,Épargne,0
GH002242,Volta,24,F,Primaire,Transport,870,2500,18,Bon,0,0,Garant,0
GH002243,Northern,63,M,Superieur,Artisanat,2170,700,18,Mauvais,0,3,Bien immobilier,0
GH002244,Northern,46,M,Primaire,Services,300,9500,18,Bon,0,5,Bien immobilier,0
GH002245,Greater Accra,51,M,Primaire,Artisanat,740,600,18,Moyen,1,2,Aucune,0
GH002246,Ashanti,40,M,Aucun,Transport,710,2300,18,Excellent,0,1,Épargne,0
GH002247,Northern,27,M,Secondaire,Transport,280,7400,12,Moyen,0,0,Épargne,0
GH002248,Western,57,F,Primaire,Services,1430,3100,24,Excellent,1,4,Bien immobilier,0
GH002249,Eastern,27,M,Aucun,Transport,4270,2100,12,Bon,0,2,Bien immobilier,1
GH002250,Ashanti,22,M,Superieur,Restauration,660,800,12,Excellent,0,1,Épargne,0
GH002251,Western,63,M,Secondaire,Pêche,1000,500,12,Bon,0,4,Épargne,1
GH002252,Greater Accra,22,F,Secondaire,Pêche,710,3600,18,Mauvais,1,5,Épargne,0
GH002253,Northern,41,F,Superieur,Commerce,380,7000,36,Moyen,1,7,Garant,1
GH002254,Western,25,F,Primaire,Artisanat,200,1200,24,Excellent,1,7,Garant,0
GH002255,Western,21,F,Secondaire,Pêche,380,600,18,Bon,0,4,Épargne,1
GH002256,Western,42,M,Primaire,Transport,220,500,18,Mauvais,0,6,Garant,0
GH002257,Ashanti,63,M,Secondaire,Restauration,2600,700,12,Moyen,1,3,Aucune,1
GH002258,Northern,21,M,Aucun,Services,610,1600,12,Excellent,1,1,Garant,0
GH002259,Western,57,F,Aucun,Commerce,500,7600,12,Bon,1,4,Bien immobilier,0
GH002260,Eastern,36,F,Primaire,Artisanat,1350,3300,12,Bon,0,6,Épargne,0
GH002261,Northern,54,M,Aucun,Artisanat,270,2400,24,Excellent,0,4,Garant,0
GH002262,Central,53,M,Primaire,Artisanat,360,1300,12,Moyen,0,4,Bien immobilier,0
GH002263,Eastern,42,F,Secondaire,Commerce,700,1100,18,Moyen,0,2,Bien immobilier,1
GH002264,Greater Accra,49,M,Secondaire,Services,1510,6400,24,Excellent,0,1,Aucune,0
GH002265,Volta,27,F,Aucun,Services,990,2200,12,Bon,0,3,Garant,0
GH002266,Ashanti,41,F,Primaire,Restauration,810,500,12,Mauvais,0,5,Bien immobilier,0
GH002267,Central,63,F,Secondaire,Services,710,1000,12,Bon,1,2,Épargne,0
GH002268,Ashanti,55,F,Secondaire,Restauration,920,800,12,Excellent,0,6,Bien immobilier,0
GH002269,Ashanti,24,M,Aucun,Pêche,780,1100,18,Moyen,0,7,Bien immobilier,1
GH002270,Western,32,F,Secondaire,Pêche,290,3000,12,Excellent,1,7,Épargne,0
GH002271,Eastern,48,F,Secondaire,Artisanat,690,1600,18,Mauvais,0,2,Garant,0
GH002272,Central,50,M,Aucun,Transport,280,1700,24,Premier,0,2,Aucune,0
GH002273,Western,35,F,Primaire,Agriculture,710,5900,12,Premier,1,3,Garant,0
GH002274,Central,61,F,Primaire,Pêche,450,1000,6,Bon,0,3,Épargne,0
GH002275,Northern,49,M,Superieur,Restauration,5070,9700,18,Moyen,1,5,Épargne,0
GH002276,Northern,35,F,Primaire,Artisanat,640,1000,12,Mauvais,1,2,Garant,0
GH002277,Eastern,31,M,Primaire,Restauration,220,2000,12,Excellent,0,2,Bien immobilier,0
GH002278,Western,36,F,Superieur,Artisanat,600,1400,18,Excellent,1,5,Garant,0
GH002279,Central,35,M,Primaire,Commerce,1010,2000,12,Bon,1,0,Bien immobilier,0
GH002280,Volta,31,F,Secondaire,Pêche,2540,2700,24,Mauvais,1,3,Épargne,0
GH002281,Northern,27,M,Aucun,Transport,420,2700,12,Bon,0,7,Garant,0
GH002282,Western,39,M,Superieur,Commerce,200,900,12,Bon,0,4,Bien immobilier,0
GH002283,Ashanti,22,F,Secondaire,Pêche,1280,700,24,Moyen,0,1,Garant,0
GH002284,Northern,35,F,Secondaire,Transport,220,17200,6,Bon,0,1,Aucune,0
GH002285,Greater Accra,49,F,Aucun,Transport,470,1200,6,Excellent,0,1,Garant,0
GH002286,Central,64,F,Aucun,Transport,540,3400,24,Bon,0,5,Garant,0
GH002287,Volta,42,F,Secondaire,Restauration,630,500,12,Moyen,0,2,Épargne,0
GH002288,Northern,47,F,Primaire,Restauration,1150,1400,6,Moyen,0,6,Épargne,0
GH002289,Eastern,59,M,Secondaire,Agriculture,380,1600,12,Moyen,0,5,Épargne,0
GH002290,Central,24,M,Secondaire,Restauration,530,2800,6,Bon,1,3,Garant,0
GH002291,Greater Accra,39,M,Secondaire,Artisanat,660,500,18,Premier,0,0,Garant,0
GH002292,Central,59,M,Primaire,Agriculture,750,2100,12,Bon,0,0,Épargne,0
GH002293,Central,63,M,Secondaire,Artisanat,720,600,18,Bon,0,7,Bien immobilier,0
GH002294,Northern,20,F,Secondaire,Agriculture,940,2400,12,Moyen,1,5,Garant,0
GH002295,Central,49,F,Primaire,Artisanat,1310,700,24,Mauvais,1,1,Garant,0
GH002296,Eastern,40,F,Secondaire,Agriculture,910,800,12,Moyen,1,4,Bien immobilier,0
GH002297,Greater Accra,39,F,Aucun,Pêche,960,1400,18,Excellent,1,4,Garant,0
GH002298,Northern,25,F,Secondaire,Transport,200,700,24,Bon,0,6,Aucune,1
GH002299,Greater Accra,41,M,Superieur,Pêche,690,1200,12,Excellent,0,4,Bien immobilier,0
GH002300,Eastern,37,F,Primaire,Agriculture,980,600,12,Bon,1,4,Épargne,0
GH002301,Central,27,F,Primaire,Commerce,1190,500,6,Bon,0,0,Aucune,0
GH002302,Central,58,F,Aucun,Services,380,4500,36,Mauvais,0,0,Épargne,0
GH002303,Northern,51,F,Secondaire,Agriculture,390,600,18,Bon,1,6,Garant,1
GH002304,Greater Accra,52,M,Secondaire,Commerce,420,1500,24,Excellent,0,6,Épargne,0
GH002305,Central,35,F,Aucun,Transport,1020,3600,18,Bon,1,6,Bien immobilier,1
GH002306,Volta,31,M,Secondaire,Artisanat,1520,1000,12,Bon,0,3,Bien immobilier,0
GH002307,Ashanti,57,M,Secondaire,Agriculture,480,900,6,Moyen,1,0,Aucune,0
GH002308,Central,53,F,Superieur,Commerce,1380,2200,24,Mauvais,1,6,Bien immobilier,0
GH002309,Volta,33,M,Secondaire,Transport,730,4900,12,Premier,1,3,Aucune,1
GH002310,Central,55,F,Primaire,Agriculture,600,600,12,Mauvais,0,3,Épargne,0
GH002311,Western,52,M,Superieur,Pêche,560,1600,18,Bon,1,5,Bien immobilier,0
GH002312,Greater Accra,42,F,Primaire,Pêche,1210,500,6,Moyen,1,2,Épargne,0
GH002313,Greater Accra,64,F,Secondaire,Agriculture,860,1300,12,Excellent,0,0,Garant,0
GH002314,Volta,21,F,Secondaire,Agriculture,4110,1900,18,Excellent,1,4,Bien immobilier,0
GH002315,Ashanti,60,M,Primaire,Restauration,340,800,6,Excellent,0,1,Aucune,0
GH002316,Ashanti,40,F,Aucun,Transport,1010,1200,6,Excellent,0,3,Aucune,0
GH002317,Ashanti,21,F,Aucun,Services,440,500,12,Excellent,0,6,Bien immobilier,0
GH002318,Greater Accra,46,M,Primaire,Pêche,330,1900,18,Mauvais,1,1,Garant,0
GH002319,Western,28,M,Primaire,Artisanat,660,4700,12,Bon,0,4,Épargne,0
GH002320,Western,20,M,Secondaire,Agriculture,740,700,6,Mauvais,1,3,Aucune,0
GH002321,Eastern,30,M,Primaire,Restauration,6870,1000,36,Premier,0,3,Bien immobilier,0
GH002322,Greater Accra,22,M,Primaire,Services,570,2800,6,Premier,0,6,Épargne,1
GH002323,Eastern,42,F,Primaire,Transport,270,5400,6,Premier,1,6,Épargne,0
GH002324,Central,45,M,Primaire,Agriculture,830,500,12,Moyen,0,6,Garant,0
GH002325,Ashanti,23,F,Aucun,Pêche,200,1600,12,Bon,0,5,Bien immobilier,0
GH002326,Eastern,37,F,Aucun,Commerce,620,2300,18,Bon,0,0,Garant,0
GH002327,Northern,25,F,Primaire,Transport,670,1600,24,Mauvais,1,2,Aucune,0
GH002328,Eastern,54,M,Aucun,Commerce,1260,500,12,Mauvais,1,1,Épargne,0
GH002329,Greater Accra,41,F,Primaire,Pêche,1450,2800,18,Premier,1,5,Épargne,0
GH002330,Ashanti,62,M,Secondaire,Artisanat,440,7100,24,Moyen,0,6,Épargne,0
GH002331,Ashanti,34,M,Primaire,Transport,590,2000,12,Bon,0,5,Épargne,0
GH002332,Western,41,M,Aucun,Restauration,360,700,12,Premier,1,4,Épargne,0
GH002333,Eastern,56,F,Superieur,Agriculture,270,1100,18,Premier,1,2,Épargne,0
GH002334,Western,61,F,Secondaire,Agriculture,850,8900,12,Bon,1,5,Aucune,0
GH002335,Eastern,31,M,Aucun,Services,240,4100,18,Moyen,1,5,Bien immobilier,0
GH002336,Greater Accra,61,F,Aucun,Agriculture,480,3200,18,Mauvais,0,2,Épargne,0
GH002337,Greater Accra,57,M,Secondaire,Restauration,300,2500,12,Bon,0,5,Épargne,0
GH002338,Central,37,F,Secondaire,Restauration,1030,1000,6,Mauvais,1,0,Garant,0
GH002339,Eastern,64,F,Aucun,Pêche,2810,1500,6,Excellent,0,5,Bien immobilier,1
GH002340,Eastern,54,M,Primaire,Restauration,230,1700,12,Bon,0,3,Aucune,0
GH002341,Ashanti,49,M,Superieur,Agriculture,200,3000,6,Bon,0,4,Garant,0
GH002342,Volta,43,F,Secondaire,Transport,600,7000,18,Moyen,0,2,Aucune,0
GH002343,Ashanti,61,F,Primaire,Services,670,4900,12,Excellent,1,2,Épargne,0
GH002344,Volta,49,M,Primaire,Agriculture,790,500,18,Excellent,0,1,Bien immobilier,0
GH002345,Western,33,F,Aucun,Restauration,470,2200,12,Premier,1,7,Bien immobilier,0
GH002346,Central,25,M,Primaire,Restauration,570,3500,18,Bon,0,4,Épargne,1
GH002347,Greater Accra,22,F,Superieur,Services,890,3200,24,Bon,1,5,Bien immobilier,0
GH002348,Eastern,35,M,Aucun,Pêche,1530,1000,24,Moyen,1,4,Garant,0
GH002349,Western,26,F,Superieur,Commerce,200,24900,12,Bon,1,6,Garant,0
GH002350,Central,33,F,Primaire,Restauration,500,600,6,Mauvais,0,2,Garant,0
GH002351,Ashanti,28,F,Primaire,Commerce,790,700,12,Bon,0,7,Aucune,0
GH002352,Central,34,F,Aucun,Artisanat,320,2200,12,Moyen,0,6,Garant,0
GH002353,Western,40,F,Secondaire,Services,2660,12200,36,Bon,0,3,Épargne,0
GH002354,Greater Accra,54,M,Primaire,Commerce,400,900,18,Premier,0,6,Garant,0
GH002355,Ashanti,21,M,Secondaire,Restauration,640,1400,18,Bon,1,4,Bien immobilier,0
GH002356,Northern,46,M,Secondaire,Agriculture,1040,4800,18,Bon,1,4,Garant,0
GH002357,Ashanti,21,M,Primaire,Agriculture,410,1800,18,Premier,0,1,Garant,0
GH002358,Greater Accra,54,F,Secondaire,Restauration,200,1300,18,Moyen,0,1,Garant,0
GH002359,Volta,37,M,Aucun,Pêche,470,3000,12,Moyen,1,5,Épargne,0
GH002360,Ashanti,33,M,Secondaire,Transport,1520,2300,6,Bon,1,1,Bien immobilier,1
GH002361,Western,39,F,Aucun,Restauration,510,4600,18,Bon,0,5,Garant,0
GH002362,Volta,37,F,Primaire,Restauration,340,5800,24,Bon,1,5,Garant,1
GH002363,Ashanti,29,F,Secondaire,Transport,1390,2400,12,Bon,1,3,Aucune,0
GH002364,Eastern,44,M,Aucun,Pêche,510,2400,12,Bon,1,3,Bien immobilier,0
GH002365,Central,21,M,Superieur,Pêche,440,2200,12,Premier,1,6,Garant,0
GH002366,Volta,44,F,Superieur,Artisanat,750,2800,12,Excellent,0,7,Garant,0
GH002367,Western,52,F,Primaire,Artisanat,1230,1900,12,Excellent,0,4,Bien immobilier,0
GH002368,Greater Accra,55,M,Aucun,Artisanat,4470,1800,18,Excellent,0,3,Garant,0
GH002369,Western,50,F,Secondaire,Pêche,1290,5300,12,Moyen,0,1,Bien immobilier,0
GH002370,Eastern,33,F,Superieur,Commerce,1680,7100,12,Bon,0,3,Garant,0
GH002371,Volta,20,F,Primaire,Restauration,440,500,6,Bon,0,4,Garant,0
GH002372,Ashanti,35,F,Superieur,Services,290,1800,18,Mauvais,0,2,Garant,0
GH002373,Ashanti,22,F,Superieur,Artisanat,700,1000,12,Bon,0,7,Bien immobilier,1
GH002374,Northern,54,F,Primaire,Services,720,1400,12,Bon,0,0,Aucune,0
GH002375,Western,60,F,Secondaire,Commerce,280,2600,12,Excellent,1,3,Aucune,0
GH002376,Ashanti,25,F,Primaire,Restauration,580,3300,12,Excellent,0,2,Aucune,0
GH002377,Ashanti,44,F,Secondaire,Transport,920,1600,12,Excellent,1,7,Épargne,0
GH002378,Eastern,32,F,Primaire,Transport,890,500,24,Bon,1,4,Épargne,1
GH002379,Greater Accra,53,F,Primaire,Transport,1000,800,12,Bon,0,6,Bien immobilier,0
GH002380,Northern,27,F,Secondaire,Services,840,4100,18,Excellent,0,2,Bien immobilier,0
GH002381,Northern,40,F,Aucun,Commerce,440,500,18,Excellent,1,2,Bien immobilier,0
GH002382,Northern,53,F,Secondaire,Transport,440,5300,18,Excellent,0,2,Garant,1
GH002383,Volta,23,F,Superieur,Agriculture,250,2900,18,Bon,1,5,Épargne,0
GH002384,Central,44,F,Primaire,Agriculture,2770,5900,24,Excellent,1,1,Garant,0
GH002385,Western,34,M,Primaire,Transport,670,1500,24,Excellent,1,3,Garant,0
GH002386,Greater Accra,23,F,Secondaire,Services,560,500,12,Premier,1,7,Aucune,1
GH002387,Central,64,F,Primaire,Restauration,320,2700,18,Bon,0,2,Aucune,1
GH002388,Greater Accra,31,F,Secondaire,Commerce,6960,5700,6,Moyen,1,4,Garant,0
GH002389,Western,51,F,Primaire,Commerce,280,4200,6,Mauvais,0,0,Garant,0
GH002390,Northern,51,M,Secondaire,Transport,470,1000,12,Moyen,0,5,Bien immobilier,0
GH002391,Eastern,47,F,Primaire,Pêche,930,2000,24,Moyen,0,0,Bien immobilier,0
GH002392,Eastern,32,F,Aucun,Services,1080,1100,18,Moyen,1,6,Épargne,0
GH002393,Eastern,50,F,Primaire,Artisanat,1430,900,18,Moyen,1,7,Garant,0
GH002394,Greater Accra,33,M,Aucun,Services,2820,4300,12,Premier,0,7,Garant,0
GH002395,Western,39,F,Primaire,Restauration,1000,600,12,Excellent,1,6,Épargne,0
GH002396,Ashanti,37,F,Secondaire,Commerce,290,800,12,Bon,0,0,Aucune,0
GH002397,Ashanti,48,F,Aucun,Artisanat,540,700,18,Excellent,0,5,Garant,0
GH002398,Eastern,25,F,Aucun,Transport,850,500,6,Mauvais,1,1,Bien immobilier,0
GH002399,Volta,51,M,Primaire,Restauration,3480,2100,12,Bon,0,3,Épargne,0
GH002400,Greater Accra,48,F,Secondaire,Commerce,220,5100,24,Premier,0,0,Aucune,0
GH002401,Ashanti,62,F,Secondaire,Transport,1740,1500,24,Bon,0,1,Épargne,0
GH002402,Greater Accra,21,F,Aucun,Agriculture,770,500,24,Bon,0,4,Épargne,0
GH002403,Western,42,F,Superieur,Commerce,1300,3900,12,Bon,0,4,Épargne,1
GH002404,Volta,38,F,Superieur,Agriculture,610,8200,24,Moyen,0,1,Épargne,0
GH002405,Volta,50,F,Primaire,Transport,340,1000,24,Moyen,0,3,Garant,0
GH002406,Eastern,24,F,Secondaire,Agriculture,1210,1200,24,Bon,0,4,Bien immobilier,0
GH002407,Central,38,F,Primaire,Pêche,1120,2900,24,Moyen,1,5,Garant,1
GH002408,Eastern,53,F,Superieur,Transport,1450,7800,24,Excellent,1,6,Aucune,0
GH002409,Central,29,F,Secondaire,Transport,660,1100,12,Bon,0,6,Garant,0
GH002410,Volta,44,F,Superieur,Pêche,410,500,6,Bon,0,3,Aucune,0
GH002411,Ashanti,21,F,Primaire,Artisanat,200,3200,18,Mauvais,0,1,Bien immobilier,1
GH002412,Volta,30,F,Primaire,Restauration,1280,3700,18,Mauvais,0,4,Épargne,0
GH002413,Northern,50,M,Secondaire,Artisanat,930,1800,12,Bon,1,6,Bien immobilier,0
GH002414,Central,34,M,Secondaire,Services,310,1100,18,Excellent,1,4,Garant,1
GH002415,Northern,28,F,Secondaire,Pêche,430,4400,6,Mauvais,0,2,Aucune,0
GH002416,Greater Accra,42,F,Superieur,Artisanat,460,2900,6,Excellent,0,5,Épargne,0
GH002417,Volta,38,M,Secondaire,Restauration,200,900,12,Bon,0,4,Garant,0
GH002418,Northern,28,F,Secondaire,Restauration,350,1900,12,Excellent,1,7,Épargne,0
GH002419,Central,54,F,Primaire,Commerce,270,500,18,Bon,1,5,Épargne,0
GH002420,Ashanti,40,F,Primaire,Artisanat,480,3400,24,Moyen,0,0,Épargne,0
GH002421,Ashanti,28,F,Primaire,Pêche,370,1400,18,Bon,0,2,Garant,0
GH002422,Volta,47,M,Secondaire,Commerce,200,1200,18,Premier,0,1,Bien immobilier,0
GH002423,Eastern,26,F,Primaire,Artisanat,3350,1800,6,Moyen,1,7,Bien immobilier,0
GH002424,Ashanti,35,M,Aucun,Transport,1810,1900,12,Moyen,0,6,Épargne,0
GH002425,Greater Accra,35,F,Aucun,Restauration,360,4000,24,Bon,0,0,Bien immobilier,0
GH002426,Central,52,F,Superieur,Pêche,830,3100,18,Excellent,0,0,Garant,0
GH002427,Western,23,F,Aucun,Transport,930,1600,12,Moyen,0,5,Bien immobilier,0
GH002428,Ashanti,23,F,Aucun,Artisanat,1720,3600,24,Moyen,0,3,Épargne,1
GH002429,Northern,58,M,Primaire,Restauration,350,2600,36,Bon,1,2,Garant,1
GH002430,Central,59,M,Primaire,Restauration,1590,1200,12,Bon,0,5,Épargne,0
GH002431,Eastern,36,F,Primaire,Transport,430,1600,12,Bon,1,3,Aucune,1
GH002432,Western,56,F,Aucun,Artisanat,230,1600,12,Moyen,1,2,Garant,1
GH002433,Eastern,58,F,Aucun,Artisanat,1190,2800,6,Moyen,0,7,Épargne,0
GH002434,Greater Accra,48,M,Secondaire,Pêche,1870,1300,24,Moyen,1,7,Bien immobilier,0
GH002435,Eastern,55,M,Secondaire,Commerce,5270,1300,24,Premier,0,2,Aucune,0
GH002436,Central,57,F,Aucun,Restauration,250,10600,18,Moyen,0,0,Épargne,0
GH002437,Western,58,F,Secondaire,Commerce,1160,4200,18,Excellent,1,4,Épargne,1
GH002438,Volta,56,M,Secondaire,Commerce,480,900,18,Moyen,1,3,Garant,0
GH002439,Eastern,54,F,Secondaire,Restauration,1240,3000,12,Moyen,0,3,Bien immobilier,0
GH002440,Eastern,26,M,Primaire,Artisanat,210,2000,18,Excellent,0,5,Épargne,0
GH002441,Volta,46,F,Primaire,Restauration,240,2600,24,Bon,0,0,Garant,0
GH002442,Northern,47,M,Secondaire,Transport,360,2000,24,Moyen,0,4,Garant,0
GH002443,Northern,41,F,Primaire,Commerce,710,5300,6,Moyen,0,7,Aucune,1
GH002444,Greater Accra,33,M,Primaire,Pêche,400,2500,12,Mauvais,0,5,Épargne,0
GH002445,Volta,26,M,Primaire,Restauration,1130,1700,12,Mauvais,1,5,Garant,0
GH002446,Volta,56,F,Secondaire,Services,1510,4600,18,Excellent,1,5,Bien immobilier,0
GH002447,Central,41,M,Primaire,Pêche,1070,2200,12,Moyen,0,2,Épargne,0
GH002448,Eastern,24,F,Primaire,Artisanat,2430,2000,12,Bon,0,2,Bien immobilier,0
GH002449,Central,21,M,Secondaire,Artisanat,930,2400,18,Bon,0,6,Bien immobilier,0
GH002450,Ashanti,46,M,Superieur,Transport,250,1700,12,Excellent,0,5,Garant,0
GH002451,Greater Accra,40,F,Primaire,Pêche,1980,1800,12,Excellent,1,4,Bien immobilier,0
GH002452,Northern,57,F,Primaire,Services,410,1100,24,Excellent,1,2,Garant,0
GH002453,Volta,34,F,Secondaire,Pêche,1380,900,6,Mauvais,0,3,Épargne,1
GH002454,Greater Accra,40,F,Aucun,Restauration,2340,700,6,Excellent,0,3,Bien immobilier,0
GH002455,Greater Accra,29,F,Secondaire,Artisanat,960,500,6,Bon,1,3,Garant,0
GH002456,Central,42,M,Secondaire,Pêche,200,800,12,Excellent,1,0,Garant,0
GH002457,Volta,58,F,Primaire,Agriculture,320,1500,12,Moyen,0,2,Garant,0
GH002458,Northern,24,M,Primaire,Restauration,1920,2000,18,Excellent,0,0,Garant,0
GH002459,Northern,20,M,Aucun,Restauration,580,1400,12,Excellent,1,2,Épargne,1
GH002460,Eastern,32,F,Secondaire,Agriculture,710,500,12,Bon,0,3,Aucune,0
GH002461,Eastern,40,F,Primaire,Services,1220,7500,6,Bon,0,3,Bien immobilier,1
GH002462,Central,45,M,Primaire,Artisanat,1160,4800,12,Bon,0,4,Garant,0
GH002463,Central,64,F,Primaire,Pêche,830,2700,18,Moyen,0,2,Aucune,0
GH002464,Ashanti,40,M,Primaire,Pêche,560,10100,12,Excellent,0,7,Épargne,1
GH002465,Western,37,M,Secondaire,Artisanat,520,800,12,Excellent,1,6,Épargne,0
GH002466,Western,56,F,Primaire,Services,1320,9900,6,Bon,0,6,Garant,0
GH002467,Greater Accra,64,F,Secondaire,Agriculture,1040,800,6,Mauvais,1,1,Garant,0
GH002468,Eastern,51,F,Primaire,Agriculture,540,2200,6,Excellent,0,6,Épargne,0
GH002469,Northern,55,M,Primaire,Services,1580,600,18,Premier,0,0,Garant,0
GH002470,Volta,36,F,Secondaire,Agriculture,600,1800,12,Mauvais,1,3,Épargne,0
GH002471,Greater Accra,54,M,Secondaire,Restauration,340,2600,6,Bon,1,4,Aucune,0
GH002472,Volta,30,F,Secondaire,Services,360,1600,12,Moyen,1,6,Épargne,0
GH002473,Northern,40,F,Aucun,Pêche,300,3400,12,Bon,0,4,Garant,0
GH002474,Eastern,45,F,Primaire,Commerce,530,2000,12,Bon,0,3,Épargne,1
GH002475,Eastern,23,F,Secondaire,Restauration,1780,1100,6,Bon,1,2,Épargne,0
GH002476,Ashanti,53,F,Superieur,Restauration,350,1100,18,Moyen,1,4,Épargne,0
GH002477,Central,37,M,Superieur,Pêche,770,3800,18,Excellent,1,2,Épargne,0
GH002478,Volta,59,M,Secondaire,Artisanat,390,1000,12,Moyen,1,6,Garant,0
GH002479,Central,54,M,Aucun,Services,540,4100,12,Moyen,0,4,Garant,0
GH002480,Central,60,M,Secondaire,Services,200,5400,12,Bon,1,6,Épargne,0
GH002481,Western,48,F,Superieur,Transport,560,500,18,Premier,0,0,Épargne,0
GH002482,Central,48,M,Aucun,Pêche,570,5000,18,Excellent,1,7,Aucune,1
GH002483,Western,57,F,Primaire,Artisanat,1020,11500,6,Premier,1,2,Aucune,0
GH002484,Northern,61,F,Secondaire,Pêche,800,2300,12,Moyen,0,4,Épargne,0
GH002485,Greater Accra,40,F,Primaire,Restauration,260,3100,24,Moyen,1,3,Garant,0
GH002486,Volta,61,F,Secondaire,Services,1580,4600,12,Mauvais,1,1,Épargne,0
GH002487,Western,32,F,Superieur,Transport,790,1400,12,Mauvais,1,6,Bien immobilier,0
GH002488,Eastern,60,M,Superieur,Services,780,2100,18,Bon,1,3,Épargne,0
GH002489,Ashanti,36,F,Superieur,Agriculture,660,600,12,Moyen,0,2,Garant,0
GH002490,Volta,28,M,Primaire,Restauration,440,2000,12,Excellent,1,6,Garant,0
GH002491,Ashanti,60,F,Primaire,Restauration,790,2800,18,Bon,0,5,Aucune,0
GH002492,Eastern,20,M,Secondaire,Commerce,970,2900,24,Premier,0,3,Bien immobilier,0
GH002493,Northern,21,M,Primaire,Restauration,200,4700,18,Bon,0,6,Épargne,0
GH002494,Volta,48,F,Aucun,Restauration,430,900,12,Excellent,0,3,Épargne,0
GH002495,Greater Accra,52,F,Secondaire,Restauration,540,1100,18,Bon,1,5,Garant,0
GH002496,Ashanti,29,F,Primaire,Transport,820,10000,24,Bon,0,7,Épargne,1
GH002497,Volta,59,M,Aucun,Commerce,1730,1600,12,Bon,1,1,Garant,1
GH002498,Eastern,40,M,Aucun,Artisanat,360,2200,6,Bon,0,7,Garant,0
GH002499,Ashanti,47,M,Superieur,Transport,450,1700,24,Moyen,0,5,Garant,0
GH002500,Western,30,F,Primaire,Transport,440,900,12,Bon,1,3,Épargne,0
GH002501,Northern,53,F,Primaire,Services,350,7800,6,Bon,1,4,Bien immobilier,0
GH002502,Ashanti,27,F,Superieur,Services,500,1100,12,Premier,1,0,Épargne,0
GH002503,Northern,41,F,Primaire,Services,1230,700,12,Premier,0,6,Garant,0
GH002504,Northern,27,F,Aucun,Services,290,1200,18,Moyen,1,1,Bien immobilier,0
GH002505,Western,34,F,Secondaire,Services,940,500,12,Excellent,0,2,Bien immobilier,0
GH002506,Volta,36,M,Aucun,Commerce,200,1000,6,Bon,1,4,Aucune,0
GH002507,Northern,42,F,Aucun,Agriculture,420,800,18,Mauvais,1,2,Épargne,0
GH002508,Western,43,F,Superieur,Artisanat,510,3200,18,Bon,1,7,Épargne,0
GH002509,Ashanti,64,M,Primaire,Services,2540,1000,24,Premier,1,1,Bien immobilier,0
GH002510,Ashanti,38,M,Secondaire,Transport,530,4000,12,Bon,1,1,Garant,0
GH002511,Northern,24,M,Secondaire,Transport,200,6400,6,Mauvais,1,3,Épargne,0
GH002512,Western,51,M,Primaire,Commerce,200,3700,18,Excellent,1,5,Garant,0
GH002513,Ashanti,63,F,Secondaire,Agriculture,680,1500,6,Bon,0,1,Garant,0
GH002514,Northern,20,M,Aucun,Services,1090,2100,6,Moyen,0,2,Aucune,0
GH002515,Volta,42,M,Primaire,Agriculture,900,500,18,Mauvais,0,1,Épargne,0
GH002516,Greater Accra,56,F,Secondaire,Pêche,760,1600,12,Moyen,1,0,Garant,0
GH002517,Central,27,F,Primaire,Services,1690,800,12,Excellent,1,3,Épargne,0
GH002518,Volta,32,M,Secondaire,Pêche,430,3400,18,Mauvais,1,1,Épargne,0
GH002519,Volta,27,M,Aucun,Transport,1360,18300,12,Bon,1,0,Bien immobilier,0
GH002520,Central,42,F,Primaire,Transport,200,2800,6,Excellent,0,7,Garant,0
GH002521,Eastern,62,F,Secondaire,Restauration,320,500,12,Bon,0,6,Bien immobilier,0
GH002522,Northern,20,F,Primaire,Artisanat,200,1300,12,Moyen,0,6,Épargne,0
GH002523,Central,64,M,Superieur,Commerce,530,2000,36,Bon,0,2,Épargne,0
GH002524,Greater Accra,43,M,Secondaire,Restauration,640,2000,18,Mauvais,0,2,Épargne,0
GH002525,Northern,54,M,Superieur,Artisanat,730,900,12,Bon,0,0,Épargne,0
GH002526,Central,43,F,Primaire,Transport,700,2300,6,Bon,1,0,Épargne,1
GH002527,Central,36,F,Superieur,Pêche,320,600,6,Excellent,0,5,Épargne,1
GH002528,Greater Accra,24,M,Secondaire,Commerce,570,800,24,Bon,0,1,Bien immobilier,0
GH002529,Western,39,F,Secondaire,Agriculture,200,3200,24,Excellent,1,6,Épargne,0
GH002530,Central,40,F,Superieur,Agriculture,1980,700,6,Excellent,1,3,Garant,0
GH002531,Volta,59,F,Secondaire,Restauration,520,2900,24,Bon,1,3,Garant,1
GH002532,Eastern,50,M,Superieur,Restauration,450,500,12,Excellent,0,6,Garant,0
GH002533,Volta,55,M,Secondaire,Commerce,2370,8900,12,Excellent,1,4,Garant,0
GH002534,Central,30,M,Secondaire,Agriculture,250,900,6,Bon,0,0,Garant,0
GH002535,Central,34,M,Primaire,Services,270,1500,18,Excellent,0,2,Bien immobilier,0
GH002536,Greater Accra,38,F,Aucun,Services,280,2400,12,Excellent,1,6,Garant,0
GH002537,Greater Accra,26,M,Secondaire,Restauration,630,1100,24,Premier,0,4,Bien immobilier,0
GH002538,Northern,47,F,Superieur,Agriculture,940,2100,12,Bon,1,0,Garant,0
GH002539,Eastern,62,M,Secondaire,Pêche,1200,3000,18,Bon,1,0,Garant,0
GH002540,Ashanti,24,M,Secondaire,Restauration,5210,4300,6,Bon,0,6,Garant,1
GH002541,Greater Accra,24,M,Secondaire,Transport,200,3700,6,Bon,0,4,Garant,0
GH002542,Ashanti,49,M,Primaire,Services,1080,1500,6,Bon,0,3,Épargne,0
GH002543,Eastern,51,F,Primaire,Artisanat,430,1600,24,Bon,1,0,Épargne,0
GH002544,Central,27,F,Primaire,Restauration,420,15000,18,Bon,0,5,Bien immobilier,0
GH002545,Northern,29,F,Aucun,Pêche,410,4300,12,Moyen,0,4,Garant,0
GH002546,Central,57,F,Secondaire,Commerce,320,800,12,Premier,0,1,Garant,0
GH002547,Volta,51,M,Secondaire,Services,2560,2000,18,Mauvais,0,7,Épargne,1
GH002548,Northern,47,F,Primaire,Agriculture,1300,1300,12,Excellent,1,1,Aucune,0
GH002549,Ashanti,36,M,Aucun,Services,680,1600,24,Moyen,1,2,Aucune,0
GH002550,Volta,50,F,Primaire,Transport,1960,600,24,Excellent,0,6,Épargne,0
GH002551,Eastern,27,F,Primaire,Commerce,200,1200,18,Moyen,0,6,Garant,0
GH002552,Eastern,59,M,Primaire,Services,230,9200,18,Bon,0,3,Bien immobilier,0
GH002553,Greater Accra,44,F,Primaire,Restauration,200,3000,18,Bon,1,6,Garant,0
GH002554,Ashanti,28,F,Primaire,Artisanat,380,500,12,Bon,0,4,Garant,0
GH002555,Northern,21,M,Superieur,Commerce,760,5400,12,Moyen,0,3,Garant,0
GH002556,Greater Accra,34,M,Primaire,Services,720,4800,6,Moyen,0,3,Épargne,0
GH002557,Ashanti,22,M,Secondaire,Artisanat,750,1300,24,Excellent,0,4,Aucune,1
GH002558,Volta,55,F,Secondaire,Restauration,220,3400,18,Moyen,1,0,Aucune,0
GH002559,Greater Accra,23,M,Primaire,Services,1260,800,6,Mauvais,0,1,Garant,0
GH002560,Greater Accra,33,F,Secondaire,Artisanat,810,1200,12,Excellent,0,2,Épargne,0
GH002561,Eastern,60,F,Secondaire,Artisanat,1200,7000,12,Bon,1,0,Garant,1
GH002562,Eastern,60,F,Aucun,Pêche,200,1400,24,Moyen,1,3,Garant,0
GH002563,Central,44,M,Aucun,Services,850,500,12,Bon,0,3,Aucune,0
GH002564,Central,29,F,Secondaire,Commerce,260,1700,18,Moyen,0,4,Bien immobilier,0
GH002565,Eastern,40,M,Primaire,Restauration,480,1700,12,Bon,1,6,Épargne,0
GH002566,Eastern,55,F,Primaire,Pêche,1020,5300,18,Premier,0,1,Garant,0
GH002567,Volta,31,F,Aucun,Artisanat,720,1800,12,Premier,1,1,Épargne,0
GH002568,Greater Accra,46,F,Primaire,Pêche,340,1200,12,Bon,0,6,Garant,0
GH002569,Central,59,F,Secondaire,Pêche,670,4600,18,Bon,0,2,Bien immobilier,0
GH002570,Eastern,21,F,Secondaire,Artisanat,200,2000,18,Bon,0,7,Garant,0
GH002571,Ashanti,32,M,Secondaire,Restauration,1670,900,36,Excellent,0,0,Garant,0
GH002572,Ashanti,51,F,Primaire,Services,560,5100,18,Bon,0,5,Garant,0
GH002573,Central,50,M,Superieur,Agriculture,1630,2200,12,Moyen,1,2,Garant,0
GH002574,Ashanti,35,M,Secondaire,Pêche,440,1800,24,Mauvais,0,3,Aucune,0
GH002575,Northern,51,M,Secondaire,Commerce,440,2100,24,Mauvais,1,5,Garant,0
GH002576,Greater Accra,51,F,Aucun,Artisanat,360,700,12,Excellent,1,7,Bien immobilier,0
GH002577,Central,53,M,Primaire,Agriculture,1340,1100,12,Moyen,0,3,Garant,0
GH002578,Northern,30,F,Superieur,Pêche,380,1800,24,Bon,1,1,Épargne,0
GH002579,Eastern,29,F,Primaire,Artisanat,1110,1500,18,Excellent,1,3,Épargne,0
GH002580,Volta,34,F,Secondaire,Artisanat,490,5700,18,Bon,0,0,Aucune,0
GH002581,Volta,36,F,Secondaire,Pêche,200,2200,6,Mauvais,0,7,Garant,1
GH002582,Northern,59,M,Primaire,Services,420,3900,18,Bon,1,0,Garant,0
GH002583,Ashanti,37,F,Secondaire,Transport,260,1800,12,Premier,1,2,Garant,0
GH002584,Greater Accra,28,F,Aucun,Transport,680,4700,6,Moyen,1,5,Garant,0
GH002585,Eastern,44,F,Secondaire,Commerce,260,2600,24,Bon,1,7,Aucune,0
GH002586,Western,59,M,Superieur,Artisanat,1400,1800,18,Bon,1,0,Bien immobilier,0
GH002587,Greater Accra,33,M,Superieur,Artisanat,620,1800,12,Excellent,0,7,Garant,0
GH002588,Ashanti,44,F,Secondaire,Pêche,580,800,12,Moyen,1,3,Bien immobilier,0
GH002589,Greater Accra,41,M,Secondaire,Agriculture,1120,2900,12,Bon,1,4,Épargne,0
GH002590,Volta,49,F,Secondaire,Artisanat,1440,1700,6,Bon,1,7,Bien immobilier,0
GH002591,Western,39,M,Secondaire,Services,650,1200,12,Bon,0,5,Épargne,0
GH002592,Western,40,M,Aucun,Artisanat,360,4900,6,Mauvais,1,1,Garant,0
GH002593,Greater Accra,63,M,Aucun,Pêche,200,600,12,Bon,1,1,Garant,0
GH002594,Volta,51,F,Secondaire,Transport,380,1200,24,Bon,1,1,Épargne,0
GH002595,Eastern,40,F,Aucun,Artisanat,410,4600,6,Moyen,0,4,Épargne,0
GH002596,Volta,54,M,Superieur,Services,720,2400,6,Excellent,1,3,Bien immobilier,0
GH002597,Northern,51,M,Primaire,Pêche,500,1700,24,Premier,0,0,Épargne,0
GH002598,Eastern,49,F,Primaire,Commerce,1150,2300,18,Moyen,1,3,Épargne,0
GH002599,Western,58,M,Primaire,Pêche,410,2100,6,Excellent,1,2,Bien immobilier,0
GH002600,Central,31,F,Superieur,Services,640,500,6,Mauvais,0,3,Garant,0
GH002601,Central,60,M,Superieur,Transport,1720,1300,18,Premier,0,3,Aucune,0
GH002602,Eastern,37,F,Aucun,Agriculture,870,7700,12,Moyen,0,1,Bien immobilier,0
GH002603,Central,40,F,Secondaire,Artisanat,630,1000,18,Bon,1,3,Épargne,0
GH002604,Eastern,32,F,Secondaire,Commerce,410,1400,12,Premier,0,6,Garant,0
GH002605,Ashanti,40,F,Secondaire,Artisanat,400,1100,36,Excellent,0,4,Aucune,0
GH002606,Eastern,27,M,Secondaire,Artisanat,340,1700,18,Bon,1,1,Bien immobilier,0
GH002607,Ashanti,59,M,Primaire,Services,430,1100,6,Excellent,1,2,Aucune,0
GH002608,Northern,26,F,Secondaire,Transport,1220,2800,12,Bon,1,6,Bien immobilier,1
GH002609,Western,42,F,Primaire,Pêche,560,2200,18,Premier,0,6,Garant,0
GH002610,Central,63,M,Aucun,Artisanat,230,3600,6,Moyen,1,4,Bien immobilier,0
GH002611,Northern,51,F,Aucun,Transport,2740,700,6,Moyen,0,4,Aucune,0
GH002612,Northern,30,F,Aucun,Commerce,860,1300,6,Bon,1,2,Épargne,0
GH002613,Volta,41,F,Secondaire,Services,220,1500,12,Premier,1,0,Garant,1
GH002614,Volta,41,M,Aucun,Transport,470,2700,18,Bon,1,3,Bien immobilier,0
GH002615,Western,62,F,Secondaire,Transport,730,900,6,Excellent,0,3,Épargne,0
GH002616,Greater Accra,44,M,Secondaire,Transport,2600,4100,18,Moyen,1,0,Garant,0
GH002617,Greater Accra,41,F,Superieur,Services,270,5300,18,Bon,1,6,Aucune,0
GH002618,Northern,47,M,Secondaire,Restauration,1450,700,24,Excellent,0,6,Aucune,0
GH002619,Northern,48,F,Superieur,Transport,2040,1200,24,Premier,1,5,Garant,1
GH002620,Volta,32,M,Aucun,Artisanat,400,1100,24,Moyen,1,2,Garant,0
GH002621,Western,37,M,Secondaire,Transport,530,19300,36,Premier,0,5,Aucune,0
GH002622,Eastern,21,M,Aucun,Pêche,290,1200,12,Bon,1,5,Bien immobilier,0
GH002623,Eastern,48,M,Secondaire,Agriculture,570,8200,12,Excellent,1,6,Bien immobilier,0
GH002624,Central,40,F,Primaire,Artisanat,650,600,12,Excellent,1,0,Bien immobilier,0
GH002625,Western,34,M,Secondaire,Transport,1130,700,12,Premier,1,1,Garant,0
GH002626,Greater Accra,46,F,Primaire,Transport,1590,1000,12,Excellent,0,1,Aucune,0
GH002627,Western,50,F,Primaire,Pêche,370,800,18,Moyen,0,1,Garant,0
GH002628,Western,34,F,Secondaire,Artisanat,200,1400,6,Bon,1,0,Garant,0
GH002629,Volta,42,M,Superieur,Restauration,650,1000,12,Moyen,1,4,Garant,0
GH002630,Central,43,M,Primaire,Restauration,840,900,12,Bon,1,1,Aucune,0
GH002631,Eastern,63,M,Superieur,Commerce,810,5100,24,Excellent,0,0,Garant,0
GH002632,Northern,32,F,Aucun,Restauration,510,5400,6,Moyen,1,1,Aucune,0
GH002633,Greater Accra,41,M,Secondaire,Services,730,4200,24,Bon,0,1,Bien immobilier,0
GH002634,Central,62,F,Superieur,Services,2240,2900,6,Bon,1,3,Garant,0
GH002635,Greater Accra,56,M,Aucun,Pêche,900,2000,18,Moyen,1,0,Épargne,0
GH002636,Greater Accra,52,F,Primaire,Restauration,490,1200,12,Moyen,0,3,Épargne,0
GH002637,Eastern,22,M,Primaire,Pêche,450,800,12,Bon,0,7,Épargne,0
GH002638,Northern,38,M,Primaire,Artisanat,580,2500,36,Moyen,1,2,Aucune,0
GH002639,Northern,42,F,Secondaire,Commerce,2460,600,12,Premier,1,1,Épargne,0
GH002640,Volta,48,F,Secondaire,Transport,570,700,12,Moyen,0,5,Garant,0
GH002641,Eastern,49,F,Superieur,Transport,650,5100,18,Moyen,0,5,Épargne,0
GH002642,Central,58,M,Primaire,Transport,450,10000,18,Mauvais,0,1,Aucune,0
GH002643,Ashanti,63,F,Secondaire,Commerce,1600,2600,36,Mauvais,0,7,Garant,0
GH002644,Central,44,F,Primaire,Transport,3190,4900,18,Bon,1,3,Bien immobilier,0
GH002645,Central,56,M,Superieur,Restauration,950,1400,18,Premier,0,7,Épargne,0
GH002646,Ashanti,27,M,Aucun,Services,710,500,12,Excellent,1,7,Aucune,0
GH002647,Greater Accra,61,F,Superieur,Transport,690,3100,18,Premier,1,5,Aucune,0
GH002648,Western,35,F,Primaire,Transport,200,3000,18,Excellent,0,0,Garant,0
GH002649,Ashanti,27,F,Secondaire,Agriculture,1210,1900,12,Bon,1,4,Garant,0
GH002650,Western,20,F,Primaire,Services,740,1500,18,Mauvais,1,5,Aucune,0
GH002651,Greater Accra,63,M,Superieur,Restauration,940,4300,12,Excellent,1,4,Garant,0
GH002652,Ashanti,24,F,Secondaire,Transport,380,700,12,Excellent,0,6,Aucune,0
GH002653,Eastern,22,F,Secondaire,Agriculture,490,900,12,Moyen,0,2,Épargne,0
GH002654,Central,20,F,Secondaire,Restauration,480,700,12,Moyen,1,0,Aucune,0
GH002655,Ashanti,23,F,Primaire,Pêche,1510,2000,18,Excellent,0,0,Garant,0
GH002656,Ashanti,59,F,Aucun,Pêche,490,700,6,Bon,1,3,Garant,0
GH002657,Greater Accra,54,M,Secondaire,Transport,3520,1000,6,Bon,0,1,Bien immobilier,0
GH002658,Eastern,51,M,Primaire,Transport,940,1000,6,Bon,0,1,Garant,0
GH002659,Ashanti,61,M,Secondaire,Agriculture,240,1400,12,Bon,1,6,Garant,0
GH002660,Eastern,53,F,Secondaire,Commerce,600,500,12,Excellent,0,0,Épargne,0
GH002661,Western,62,M,Primaire,Agriculture,390,2000,18,Bon,0,4,Garant,0
GH002662,Ashanti,44,F,Secondaire,Artisanat,200,5600,12,Moyen,0,2,Épargne,0
GH002663,Eastern,29,M,Secondaire,Commerce,2390,2000,12,Mauvais,0,6,Aucune,0
GH002664,Central,40,M,Secondaire,Agriculture,1170,7200,18,Bon,0,3,Épargne,0
GH002665,Greater Accra,58,F,Secondaire,Services,1020,6000,18,Excellent,1,7,Bien immobilier,0
GH002666,Northern,46,F,Primaire,Services,760,3600,6,Moyen,1,0,Bien immobilier,0
GH002667,Eastern,46,M,Superieur,Artisanat,220,1900,24,Mauvais,0,2,Garant,0
GH002668,Greater Accra,21,F,Primaire,Artisanat,450,1800,36,Bon,1,0,Garant,0
GH002669,Northern,60,F,Superieur,Services,1300,3600,6,Bon,1,2,Bien immobilier,0
GH002670,Ashanti,32,M,Primaire,Transport,290,1300,18,Premier,1,2,Épargne,0
GH002671,Ashanti,28,M,Aucun,Services,200,500,6,Moyen,1,6,Aucune,0
GH002672,Western,55,F,Secondaire,Restauration,550,2800,6,Mauvais,0,5,Aucune,1
GH002673,Greater Accra,41,M,Primaire,Transport,590,700,12,Moyen,0,1,Bien immobilier,0
GH002674,Central,61,F,Superieur,Agriculture,740,800,24,Excellent,0,5,Bien immobilier,0
GH002675,Volta,45,F,Aucun,Services,1190,1800,18,Bon,1,3,Bien immobilier,0
GH002676,Central,31,M,Aucun,Pêche,1110,1700,12,Moyen,1,3,Aucune,0
GH002677,Eastern,36,M,Aucun,Services,820,500,12,Bon,1,6,Bien immobilier,0
GH002678,Central,33,M,Primaire,Transport,1730,2100,12,Bon,1,5,Bien immobilier,0
GH002679,Northern,33,F,Secondaire,Restauration,200,4300,12,Excellent,0,6,Épargne,0
GH002680,Greater Accra,53,F,Secondaire,Transport,1000,700,24,Mauvais,1,1,Aucune,0
GH002681,Ashanti,39,F,Primaire,Transport,1100,5700,18,Mauvais,0,7,Garant,1
GH002682,Greater Accra,30,M,Aucun,Services,250,500,12,Bon,1,7,Garant,0
GH002683,Greater Accra,35,M,Primaire,Commerce,200,12200,12,Moyen,0,4,Garant,1
GH002684,Ashanti,50,M,Primaire,Services,370,1200,24,Excellent,0,6,Garant,0
GH002685,Northern,25,M,Secondaire,Services,390,2100,18,Bon,0,7,Garant,0
GH002686,Greater Accra,38,F,Secondaire,Services,1220,500,6,Bon,1,5,Bien immobilier,0
GH002687,Central,56,F,Secondaire,Pêche,410,1700,12,Moyen,1,3,Garant,0
GH002688,Eastern,23,F,Superieur,Artisanat,340,2200,12,Bon,0,1,Garant,0
GH002689,Volta,23,F,Superieur,Commerce,410,1700,36,Bon,0,6,Garant,0
GH002690,Eastern,39,M,Primaire,Services,1630,1100,12,Bon,0,2,Bien immobilier,0
GH002691,Greater Accra,29,M,Primaire,Services,670,800,6,Excellent,0,2,Épargne,0
GH002692,Northern,43,M,Superieur,Restauration,580,5000,12,Premier,0,7,Aucune,0
GH002693,Ashanti,54,M,Secondaire,Transport,610,1900,12,Excellent,1,3,Garant,0
GH002694,Western,45,F,Primaire,Artisanat,1870,7200,18,Bon,1,2,Garant,0
GH002695,Northern,56,M,Secondaire,Transport,370,1100,12,Bon,1,3,Garant,0
GH002696,Greater Accra,57,F,Superieur,Artisanat,1910,1200,6,Bon,0,6,Bien immobilier,0
GH002697,Greater Accra,40,F,Secondaire,Artisanat,790,3800,6,Bon,1,6,Bien immobilier,0
GH002698,Western,59,M,Primaire,Pêche,590,500,12,Bon,0,6,Épargne,0
GH002699,Eastern,58,F,Superieur,Restauration,4920,600,12,Bon,0,0,Épargne,1
GH002700,Northern,40,F,Superieur,Restauration,290,4900,24,Excellent,0,1,Garant,0
GH002701,Eastern,29,M,Primaire,Transport,500,600,12,Excellent,1,4,Bien immobilier,0
GH002702,Volta,57,F,Superieur,Services,250,500,6,Bon,1,6,Épargne,0
GH002703,Western,23,M,Superieur,Pêche,1430,9700,18,Mauvais,1,3,Bien immobilier,0
GH002704,Ashanti,64,F,Aucun,Restauration,2570,500,24,Excellent,0,7,Épargne,0
GH002705,Volta,39,M,Secondaire,Artisanat,2530,2100,12,Moyen,1,4,Épargne,0
GH002706,Greater Accra,36,M,Primaire,Artisanat,1770,1900,12,Moyen,1,6,Épargne,0
GH002707,Central,26,F,Secondaire,Transport,570,500,18,Bon,0,1,Épargne,0
GH002708,Eastern,23,F,Superieur,Artisanat,500,1400,6,Moyen,0,5,Épargne,0
GH002709,Eastern,48,M,Primaire,Restauration,200,2700,24,Moyen,1,7,Épargne,0
GH002710,Northern,33,M,Primaire,Agriculture,3390,2500,24,Moyen,1,1,Garant,0
GH002711,Volta,22,M,Superieur,Commerce,970,4100,12,Mauvais,1,0,Épargne,0
GH002712,Volta,43,M,Superieur,Agriculture,450,1300,12,Bon,0,7,Bien immobilier,0
GH002713,Eastern,56,F,Aucun,Pêche,1920,3400,6,Excellent,0,1,Épargne,0
GH002714,Ashanti,35,F,Superieur,Agriculture,310,1000,36,Bon,1,2,Garant,0
GH002715,Western,23,F,Aucun,Services,920,500,18,Excellent,1,5,Bien immobilier,0
GH002716,Ashanti,43,F,Primaire,Transport,580,600,12,Bon,0,4,Aucune,0
GH002717,Eastern,53,F,Secondaire,Agriculture,1110,500,6,Mauvais,1,1,Épargne,0
GH002718,Northern,49,F,Secondaire,Services,630,4500,18,Bon,0,1,Bien immobilier,0
GH002719,Greater Accra,37,F,Secondaire,Transport,210,500,36,Bon,0,4,Épargne,0
GH002720,Eastern,38,M,Aucun,Pêche,710,2300,18,Bon,0,4,Bien immobilier,0
GH002721,Greater Accra,50,F,Aucun,Agriculture,1540,1400,6,Bon,1,0,Garant,0
GH002722,Northern,38,F,Superieur,Commerce,650,1600,12,Excellent,0,6,Épargne,0
GH002723,Greater Accra,38,F,Aucun,Restauration,1240,6200,6,Mauvais,1,1,Garant,1
GH002724,Eastern,41,F,Aucun,Services,290,1200,24,Premier,1,2,Garant,0
GH002725,Eastern,43,M,Secondaire,Pêche,650,3100,12,Bon,1,2,Épargne,0
GH002726,Greater Accra,64,F,Secondaire,Agriculture,400,1900,18,Excellent,0,0,Garant,0
GH002727,Ashanti,31,F,Primaire,Artisanat,1210,1600,6,Moyen,1,7,Garant,0
GH002728,Ashanti,49,M,Primaire,Artisanat,680,14300,6,Mauvais,1,6,Épargne,1
GH002729,Northern,57,M,Superieur,Pêche,1160,500,18,Premier,0,1,Bien immobilier,0
GH002730,Ashanti,50,M,Superieur,Artisanat,1590,5800,24,Moyen,0,4,Épargne,0
GH002731,Volta,55,F,Aucun,Commerce,1160,3300,12,Bon,1,2,Bien immobilier,0
GH002732,Central,38,F,Secondaire,Services,830,1200,12,Moyen,0,5,Épargne,0
GH002733,Greater Accra,64,F,Primaire,Agriculture,300,7800,18,Excellent,0,5,Garant,0
GH002734,Central,55,F,Secondaire,Commerce,660,500,18,Moyen,1,1,Garant,0
GH002735,Central,49,F,Primaire,Commerce,430,1100,18,Moyen,1,6,Bien immobilier,0
GH002736,Volta,52,F,Secondaire,Restauration,510,600,6,Moyen,0,0,Bien immobilier,0
GH002737,Greater Accra,37,M,Secondaire,Agriculture,490,2600,12,Bon,0,0,Bien immobilier,0
GH002738,Central,47,M,Secondaire,Pêche,300,700,24,Moyen,0,7,Bien immobilier,0
GH002739,Northern,30,F,Superieur,Artisanat,200,2700,24,Moyen,0,5,Épargne,0
GH002740,Northern,64,M,Primaire,Services,390,1500,18,Excellent,0,4,Épargne,0
GH002741,Greater Accra,52,M,Secondaire,Restauration,780,1200,36,Mauvais,0,7,Épargne,0
GH002742,Western,36,M,Primaire,Commerce,230,2600,6,Moyen,0,7,Épargne,0
GH002743,Western,25,M,Primaire,Artisanat,670,1400,12,Moyen,1,0,Épargne,0
GH002744,Volta,23,F,Primaire,Agriculture,3040,700,18,Bon,0,0,Bien immobilier,0
GH002745,Greater Accra,39,F,Primaire,Commerce,1510,22500,6,Premier,0,0,Épargne,0
GH002746,Greater Accra,46,F,Primaire,Commerce,2480,1200,36,Bon,1,2,Épargne,0
GH002747,Greater Accra,34,F,Secondaire,Agriculture,910,500,12,Moyen,0,4,Bien immobilier,0
GH002748,Ashanti,25,F,Secondaire,Pêche,1690,800,12,Premier,1,4,Garant,0
GH002749,Greater Accra,33,F,Superieur,Restauration,370,600,12,Premier,1,6,Garant,0
GH002750,Northern,30,M,Secondaire,Agriculture,400,3800,12,Moyen,1,4,Épargne,1
GH002751,Northern,58,F,Primaire,Artisanat,200,2400,18,Excellent,0,0,Bien immobilier,0
GH002752,Eastern,28,M,Aucun,Artisanat,1720,2600,12,Premier,0,0,Bien immobilier,0
GH002753,Western,45,F,Superieur,Commerce,2280,1300,12,Premier,0,5,Bien immobilier,0
GH002754,Western,35,F,Aucun,Services,430,1400,24,Excellent,0,2,Bien immobilier,0
GH002755,Volta,24,M,Aucun,Transport,540,1300,6,Bon,1,0,Épargne,1
GH002756,Greater Accra,29,M,Aucun,Restauration,360,1700,24,Bon,1,2,Épargne,0
GH002757,Western,22,M,Primaire,Pêche,900,3800,12,Excellent,1,7,Aucune,0
GH002758,Greater Accra,32,M,Secondaire,Pêche,1640,2400,12,Excellent,0,7,Aucune,0
GH002759,Greater Accra,62,F,Aucun,Transport,200,2800,12,Bon,1,6,Garant,0
GH002760,Western,49,F,Secondaire,Artisanat,920,2800,18,Premier,0,4,Garant,0
GH002761,Western,64,F,Primaire,Pêche,530,4000,18,Excellent,1,2,Épargne,0
GH002762,Eastern,25,F,Secondaire,Services,730,2300,36,Premier,0,1,Garant,0
GH002763,Volta,36,M,Secondaire,Artisanat,960,2500,12,Mauvais,1,3,Bien immobilier,0
GH002764,Central,64,M,Secondaire,Restauration,570,5300,18,Mauvais,0,6,Aucune,0
GH002765,Eastern,38,F,Primaire,Transport,610,1000,12,Bon,0,0,Garant,0
GH002766,Eastern,61,F,Primaire,Commerce,560,800,36,Bon,1,4,Épargne,0
GH002767,Western,54,F,Secondaire,Services,1450,600,24,Bon,1,3,Garant,0
GH002768,Volta,45,M,Primaire,Artisanat,930,2100,12,Premier,1,5,Bien immobilier,0
GH002769,Northern,24,F,Primaire,Restauration,790,500,12,Bon,0,3,Épargne,0
GH002770,Volta,48,F,Superieur,Transport,240,2700,12,Excellent,0,4,Aucune,0
GH002771,Eastern,56,F,Superieur,Artisanat,490,1600,18,Bon,0,5,Épargne,0
GH002772,Northern,39,F,Superieur,Agriculture,1370,5000,24,Bon,1,6,Garant,0
GH002773,Western,40,F,Superieur,Artisanat,690,1000,36,Premier,0,3,Épargne,0
GH002774,Ashanti,29,M,Superieur,Restauration,1130,1500,18,Bon,1,2,Épargne,0
GH002775,Greater Accra,24,F,Secondaire,Pêche,2730,5000,18,Moyen,1,6,Garant,0
GH002776,Central,55,M,Primaire,Artisanat,1530,6300,12,Excellent,1,4,Aucune,0
GH002777,Northern,25,F,Superieur,Commerce,720,1000,18,Mauvais,1,4,Bien immobilier,0
GH002778,Ashanti,45,F,Superieur,Restauration,440,2100,12,Bon,1,5,Épargne,0
GH002779,Northern,23,F,Primaire,Pêche,200,2400,18,Premier,0,2,Épargne,0
GH002780,Greater Accra,58,M,Primaire,Restauration,580,2500,6,Bon,0,1,Garant,0
GH002781,Greater Accra,58,M,Aucun,Artisanat,510,1400,6,Moyen,0,1,Épargne,0
GH002782,Volta,54,F,Superieur,Agriculture,910,5700,18,Bon,0,7,Garant,0
GH002783,Central,20,M,Secondaire,Agriculture,590,500,24,Excellent,0,3,Garant,0
GH002784,Eastern,43,F,Primaire,Services,510,1200,18,Bon,1,4,Épargne,0
GH002785,Greater Accra,55,M,Primaire,Commerce,200,2700,18,Excellent,0,2,Bien immobilier,0
GH002786,Central,25,F,Superieur,Transport,310,2700,24,Bon,1,5,Bien immobilier,0
GH002787,Northern,60,M,Secondaire,Transport,970,6100,12,Moyen,1,6,Épargne,0
GH002788,Northern,63,F,Primaire,Services,2620,5300,6,Excellent,1,4,Aucune,0
GH002789,Northern,50,M,Primaire,Commerce,620,1400,24,Bon,0,6,Garant,0
GH002790,Volta,39,F,Aucun,Pêche,860,5800,24,Bon,1,5,Garant,0
GH002791,Northern,43,M,Aucun,Agriculture,1430,1000,12,Bon,1,5,Garant,1
GH002792,Northern,44,F,Secondaire,Artisanat,350,4200,12,Excellent,0,2,Bien immobilier,0
GH002793,Western,55,F,Secondaire,Services,890,9200,24,Bon,1,6,Bien immobilier,0
GH002794,Greater Accra,40,M,Primaire,Restauration,370,5400,18,Bon,0,6,Épargne,0
GH002795,Volta,49,F,Secondaire,Services,1330,2000,6,Bon,0,1,Aucune,0
GH002796,Greater Accra,43,F,Aucun,Restauration,750,1300,6,Bon,0,1,Aucune,0
GH002797,Eastern,63,M,Superieur,Agriculture,840,500,36,Excellent,0,3,Garant,0
GH002798,Volta,61,F,Primaire,Services,360,2400,6,Premier,1,5,Épargne,0
GH002799,Eastern,49,F,Aucun,Agriculture,1170,700,12,Premier,0,6,Garant,0
GH002800,Volta,41,M,Primaire,Restauration,3530,900,12,Moyen,0,5,Épargne,0
GH002801,Western,47,M,Aucun,Pêche,300,600,12,Bon,1,2,Garant,0
GH002802,Greater Accra,26,F,Primaire,Restauration,510,1200,12,Moyen,1,5,Épargne,0
GH002803,Volta,54,F,Primaire,Commerce,800,1800,12,Moyen,0,1,Bien immobilier,0
GH002804,Eastern,47,F,Secondaire,Services,1250,2300,12,Bon,1,6,Épargne,0
GH002805,Volta,33,F,Primaire,Artisanat,430,1100,24,Bon,0,0,Garant,0
GH002806,Central,29,M,Primaire,Services,200,4700,12,Excellent,1,7,Garant,0
GH002807,Northern,35,M,Superieur,Agriculture,1970,1500,12,Excellent,1,1,Bien immobilier,0
GH002808,Northern,35,F,Primaire,Transport,1220,900,12,Moyen,0,4,Garant,1
GH002809,Greater Accra,50,F,Secondaire,Services,200,2200,6,Mauvais,0,5,Garant,0
GH002810,Northern,61,M,Primaire,Agriculture,410,10600,6,Bon,1,5,Garant,0
GH002811,Northern,44,F,Primaire,Pêche,2330,2400,18,Excellent,0,5,Garant,0
GH002812,Central,32,F,Primaire,Commerce,2120,1300,6,Excellent,0,2,Épargne,0
GH002813,Ashanti,25,F,Primaire,Services,1410,500,12,Bon,0,5,Aucune,0
GH002814,Western,63,M,Superieur,Restauration,580,1500,24,Excellent,0,0,Épargne,0
GH002815,Eastern,28,M,Aucun,Commerce,710,2200,12,Bon,0,5,Bien immobilier,0
GH002816,Ashanti,64,F,Secondaire,Commerce,600,1300,12,Excellent,0,1,Garant,0
GH002817,Eastern,55,F,Secondaire,Pêche,1640,500,24,Moyen,0,1,Épargne,0
GH002818,Ashanti,62,M,Aucun,Pêche,330,800,24,Moyen,1,6,Aucune,0
GH002819,Northern,39,F,Secondaire,Transport,350,6700,24,Premier,1,2,Épargne,0
GH002820,Eastern,37,M,Primaire,Restauration,1490,6600,18,Moyen,0,0,Bien immobilier,0
GH002821,Western,62,M,Secondaire,Transport,640,800,36,Excellent,0,2,Aucune,0
GH002822,Greater Accra,40,M,Secondaire,Restauration,2000,3300,24,Moyen,0,1,Garant,1
GH002823,Central,23,M,Primaire,Artisanat,390,600,12,Excellent,1,6,Garant,0
GH002824,Ashanti,52,F,Primaire,Commerce,640,6400,18,Bon,1,3,Épargne,0
GH002825,Central,46,F,Primaire,Restauration,320,2300,6,Excellent,1,2,Garant,0
GH002826,Central,26,M,Primaire,Pêche,670,4300,18,Excellent,0,5,Épargne,0
GH002827,Eastern,25,F,Aucun,Artisanat,200,500,12,Bon,1,1,Bien immobilier,0
GH002828,Greater Accra,34,F,Superieur,Transport,450,3300,12,Excellent,1,7,Épargne,0
GH002829,Eastern,37,M,Primaire,Artisanat,210,1800,6,Bon,0,2,Aucune,0
GH002830,Central,51,F,Aucun,Pêche,1160,3900,12,Bon,1,1,Épargne,0
GH002831,Northern,30,F,Aucun,Restauration,1180,4100,12,Moyen,0,6,Épargne,0
GH002832,Volta,39,F,Primaire,Pêche,200,1900,18,Bon,0,2,Garant,0
GH002833,Western,43,F,Aucun,Restauration,1930,1100,12,Bon,0,1,Garant,0
GH002834,Greater Accra,34,M,Primaire,Pêche,4900,3600,18,Moyen,0,0,Épargne,0
GH002835,Greater Accra,26,M,Aucun,Pêche,690,1700,12,Excellent,1,6,Garant,0
GH002836,Northern,40,F,Aucun,Agriculture,400,800,18,Mauvais,1,7,Bien immobilier,0
GH002837,Central,61,F,Secondaire,Restauration,6370,800,12,Mauvais,0,4,Épargne,0
GH002838,Eastern,45,M,Superieur,Commerce,230,500,24,Premier,0,4,Épargne,0
GH002839,Northern,63,M,Primaire,Agriculture,680,1100,18,Bon,0,6,Épargne,0
GH002840,Western,33,F,Secondaire,Agriculture,770,4900,24,Bon,1,7,Épargne,0
GH002841,Ashanti,56,M,Aucun,Agriculture,1950,2100,12,Moyen,0,2,Épargne,0
GH002842,Eastern,40,M,Secondaire,Agriculture,890,1100,12,Excellent,1,5,Bien immobilier,0
GH002843,Greater Accra,37,M,Aucun,Commerce,450,3700,6,Excellent,1,1,Garant,0
GH002844,Northern,24,M,Secondaire,Agriculture,310,900,12,Bon,1,4,Garant,0
GH002845,Eastern,22,M,Superieur,Transport,510,2000,12,Moyen,0,7,Épargne,0
GH002846,Ashanti,42,F,Secondaire,Commerce,300,1500,24,Excellent,0,7,Épargne,0
GH002847,Volta,45,M,Secondaire,Transport,690,3600,18,Moyen,0,4,Épargne,0
GH002848,Volta,56,F,Secondaire,Commerce,420,500,12,Bon,0,6,Aucune,0
GH002849,Western,43,F,Primaire,Transport,200,800,18,Moyen,1,2,Garant,0
GH002850,Volta,38,F,Secondaire,Agriculture,1820,500,6,Bon,0,5,Garant,0
GH002851,Volta,44,F,Primaire,Artisanat,450,1400,12,Excellent,0,2,Épargne,0
GH002852,Northern,40,F,Aucun,Commerce,240,5400,18,Excellent,0,2,Bien immobilier,0
GH002853,Western,31,M,Primaire,Agriculture,580,1100,18,Excellent,1,3,Bien immobilier,1
GH002854,Ashanti,60,M,Secondaire,Services,700,1100,18,Excellent,0,0,Épargne,0
GH002855,Ashanti,52,M,Aucun,Services,200,4000,12,Bon,1,6,Garant,0
GH002856,Volta,23,M,Secondaire,Pêche,870,4700,12,Premier,1,0,Garant,0
GH002857,Central,61,F,Secondaire,Pêche,290,1700,24,Moyen,1,7,Garant,0
GH002858,Greater Accra,26,F,Primaire,Restauration,2610,3300,36,Mauvais,1,0,Aucune,1
GH002859,Central,41,F,Primaire,Services,1010,700,12,Premier,0,1,Bien immobilier,0
GH002860,Eastern,52,F,Superieur,Commerce,480,6200,18,Bon,0,1,Aucune,0
GH002861,Ashanti,36,F,Superieur,Services,370,12500,12,Excellent,1,0,Garant,0
GH002862,Central,43,M,Primaire,Commerce,610,2900,12,Premier,1,6,Bien immobilier,0
GH002863,Greater Accra,53,F,Primaire,Transport,1090,500,18,Moyen,0,6,Garant,0
GH002864,Greater Accra,47,F,Aucun,Pêche,650,1100,12,Premier,0,2,Garant,0
GH002865,Ashanti,62,M,Aucun,Commerce,560,3100,24,Moyen,0,3,Épargne,0
GH002866,Northern,60,F,Primaire,Services,700,1200,18,Moyen,1,0,Épargne,0
GH002867,Central,58,F,Superieur,Commerce,410,5700,18,Mauvais,1,5,Épargne,0
GH002868,Western,41,F,Superieur,Pêche,510,3100,6,Moyen,0,2,Épargne,0
GH002869,Ashanti,36,F,Secondaire,Agriculture,200,1000,18,Bon,0,4,Bien immobilier,0
GH002870,Volta,53,F,Primaire,Transport,1450,1900,36,Bon,0,3,Garant,0
GH002871,Eastern,25,M,Aucun,Pêche,840,800,12,Mauvais,1,1,Garant,0
GH002872,Central,25,F,Secondaire,Artisanat,360,1500,12,Moyen,1,7,Épargne,0
GH002873,Central,53,F,Secondaire,Services,3040,1100,36,Bon,1,6,Épargne,0
GH002874,Ashanti,20,F,Primaire,Services,710,5200,12,Bon,1,4,Aucune,0
GH002875,Northern,29,F,Secondaire,Pêche,290,12100,12,Moyen,0,4,Épargne,0
GH002876,Central,40,F,Secondaire,Transport,1320,500,6,Excellent,1,7,Épargne,0
GH002877,Central,24,M,Secondaire,Pêche,910,500,6,Excellent,1,5,Garant,0
GH002878,Eastern,21,F,Secondaire,Transport,910,1500,12,Bon,0,5,Épargne,0
GH002879,Northern,41,F,Secondaire,Services,470,500,12,Mauvais,1,7,Garant,0
GH002880,Eastern,21,F,Aucun,Agriculture,950,1900,18,Bon,0,6,Épargne,0
GH002881,Western,29,F,Secondaire,Pêche,540,3500,18,Bon,1,5,Garant,0
GH002882,Eastern,53,F,Primaire,Pêche,1040,6900,18,Mauvais,1,4,Garant,0
GH002883,Volta,35,M,Primaire,Agriculture,200,2200,12,Bon,0,7,Aucune,0
GH002884,Western,58,F,Aucun,Services,470,1500,24,Excellent,1,2,Garant,0
GH002885,Eastern,41,F,Primaire,Pêche,2640,500,24,Premier,1,0,Bien immobilier,1
GH002886,Western,31,F,Superieur,Agriculture,360,1900,12,Moyen,1,4,Épargne,0
GH002887,Northern,43,M,Primaire,Artisanat,410,1900,6,Excellent,0,0,Épargne,0
GH002888,Eastern,59,F,Superieur,Agriculture,460,3200,12,Mauvais,1,4,Garant,0
GH002889,Eastern,57,F,Primaire,Commerce,250,1000,6,Moyen,0,2,Garant,0
GH002890,Ashanti,29,F,Primaire,Commerce,200,1200,24,Mauvais,0,0,Aucune,0
GH002891,Eastern,54,F,Secondaire,Transport,550,500,12,Bon,0,7,Bien immobilier,0
GH002892,Western,51,F,Primaire,Agriculture,740,500,12,Bon,0,7,Épargne,0
GH002893,Ashanti,26,M,Secondaire,Pêche,640,700,6,Moyen,1,7,Épargne,0
GH002894,Western,40,F,Primaire,Restauration,590,500,18,Bon,0,1,Garant,0
GH002895,Eastern,39,M,Secondaire,Services,690,2400,6,Excellent,0,3,Épargne,0
GH002896,Eastern,45,M,Primaire,Services,1510,1100,18,Excellent,0,7,Bien immobilier,0
GH002897,Western,23,M,Secondaire,Restauration,570,1100,36,Bon,0,4,Garant,0
GH002898,Northern,41,F,Primaire,Artisanat,420,700,12,Bon,0,4,Épargne,0
GH002899,Northern,34,M,Secondaire,Artisanat,530,500,12,Excellent,1,2,Épargne,0
GH002900,Volta,59,M,Secondaire,Restauration,1060,7000,12,Moyen,1,6,Bien immobilier,0
GH002901,Northern,40,M,Primaire,Restauration,2060,700,18,Bon,1,3,Aucune,0
GH002902,Central,34,F,Primaire,Agriculture,400,1200,12,Bon,1,7,Aucune,0
GH002903,Ashanti,41,F,Secondaire,Restauration,720,500,24,Moyen,1,6,Bien immobilier,0
GH002904,Ashanti,47,M,Superieur,Commerce,870,4300,12,Bon,1,5,Épargne,0
GH002905,Northern,33,F,Aucun,Artisanat,300,2100,6,Moyen,1,7,Garant,0
GH002906,Eastern,46,M,Secondaire,Services,680,900,12,Excellent,0,7,Garant,0
GH002907,Ashanti,60,M,Secondaire,Transport,210,1300,6,Excellent,1,0,Épargne,0
GH002908,Western,59,M,Secondaire,Services,200,8200,18,Bon,0,4,Garant,0
GH002909,Eastern,47,M,Superieur,Artisanat,890,1700,12,Premier,0,7,Garant,0
GH002910,Ashanti,45,F,Secondaire,Services,490,1500,24,Bon,1,1,Aucune,0
GH002911,Greater Accra,21,M,Secondaire,Commerce,780,800,12,Moyen,0,5,Garant,0
GH002912,Ashanti,44,F,Secondaire,Artisanat,660,500,18,Excellent,0,6,Bien immobilier,0
GH002913,Northern,22,F,Primaire,Restauration,300,1600,12,Bon,1,5,Garant,0
GH002914,Western,27,M,Secondaire,Artisanat,640,2400,6,Excellent,0,1,Bien immobilier,0
GH002915,Ashanti,63,M,Superieur,Commerce,250,4900,18,Mauvais,0,2,Garant,0
GH002916,Volta,52,F,Secondaire,Artisanat,2020,500,12,Bon,1,5,Garant,0
GH002917,Central,61,M,Primaire,Transport,220,700,12,Excellent,0,6,Garant,0
GH002918,Northern,54,M,Primaire,Transport,570,1100,12,Moyen,0,4,Bien immobilier,0
GH002919,Volta,25,M,Secondaire,Transport,290,1800,12,Excellent,1,2,Aucune,0
GH002920,Volta,58,F,Secondaire,Services,1050,1600,18,Excellent,1,3,Garant,0
GH002921,Central,42,F,Primaire,Transport,510,1600,24,Excellent,0,1,Bien immobilier,0
GH002922,Eastern,44,M,Primaire,Restauration,440,2600,12,Premier,0,1,Bien immobilier,0
GH002923,Central,62,M,Secondaire,Transport,1320,800,24,Excellent,1,2,Bien immobilier,0
GH002924,Western,38,M,Secondaire,Transport,680,4200,24,Premier,0,3,Garant,0
GH002925,Greater Accra,24,M,Secondaire,Agriculture,1010,2700,12,Excellent,1,5,Bien immobilier,0
GH002926,Greater Accra,30,F,Superieur,Transport,300,1400,12,Excellent,0,0,Bien immobilier,0
GH002927,Eastern,31,F,Primaire,Restauration,220,7600,12,Mauvais,1,6,Bien immobilier,0
GH002928,Eastern,29,M,Superieur,Transport,720,7300,12,Bon,0,3,Garant,0
GH002929,Central,27,M,Secondaire,Artisanat,520,4200,12,Bon,1,2,Épargne,0
GH002930,Volta,43,M,Superieur,Transport,1100,500,12,Bon,0,5,Épargne,0
GH002931,Western,47,M,Primaire,Pêche,620,7500,12,Bon,0,5,Aucune,0
GH002932,Central,60,F,Primaire,Artisanat,780,3700,18,Moyen,0,5,Aucune,0
GH002933,Western,55,M,Secondaire,Services,200,11000,6,Moyen,0,2,Épargne,0
GH002934,Western,56,M,Superieur,Transport,3010,5500,18,Excellent,1,3,Épargne,0
GH002935,Greater Accra,40,M,Secondaire,Transport,580,7500,24,Premier,1,2,Garant,0
GH002936,Volta,27,F,Secondaire,Artisanat,1160,4000,18,Bon,1,1,Garant,0
GH002937,Western,28,F,Primaire,Commerce,340,6100,12,Excellent,1,2,Épargne,0
GH002938,Ashanti,34,M,Secondaire,Pêche,850,10900,6,Bon,0,0,Garant,0
GH002939,Western,59,F,Secondaire,Commerce,230,2200,12,Mauvais,0,7,Épargne,0
GH002940,Greater Accra,37,M,Secondaire,Transport,950,500,36,Bon,0,1,Garant,0
GH002941,Northern,61,F,Secondaire,Commerce,500,1400,24,Bon,1,6,Garant,1
GH002942,Central,39,F,Aucun,Restauration,680,2600,18,Premier,0,4,Garant,0
GH002943,Western,25,F,Secondaire,Agriculture,1160,1900,6,Moyen,1,1,Bien immobilier,1
GH002944,Ashanti,31,F,Primaire,Artisanat,250,600,18,Moyen,1,6,Aucune,0
GH002945,Eastern,21,F,Superieur,Pêche,380,500,24,Excellent,1,1,Garant,0
GH002946,Central,26,M,Secondaire,Artisanat,960,900,24,Moyen,0,7,Garant,0
GH002947,Eastern,35,F,Secondaire,Commerce,3560,3700,18,Bon,1,1,Bien immobilier,0
GH002948,Ashanti,22,F,Superieur,Services,600,7500,12,Premier,0,5,Épargne,0
GH002949,Greater Accra,64,F,Aucun,Agriculture,1070,4100,18,Excellent,1,3,Aucune,0
GH002950,Northern,22,M,Primaire,Commerce,610,4700,24,Bon,1,6,Aucune,0
GH002951,Volta,46,M,Secondaire,Artisanat,3150,1700,18,Excellent,0,4,Épargne,0
GH002952,Greater Accra,62,M,Primaire,Restauration,200,500,12,Bon,0,0,Épargne,0
GH002953,Northern,59,F,Primaire,Artisanat,720,1200,18,Excellent,0,7,Bien immobilier,0
GH002954,Volta,57,F,Superieur,Commerce,200,1400,24,Mauvais,1,1,Épargne,0
GH002955,Central,52,M,Secondaire,Pêche,200,1200,18,Premier,0,6,Bien immobilier,0
GH002956,Western,47,F,Aucun,Services,840,1900,12,Moyen,1,6,Bien immobilier,0
GH002957,Western,20,F,Primaire,Pêche,740,2700,18,Excellent,0,3,Garant,0
GH002958,Eastern,27,M,Aucun,Pêche,530,3900,18,Bon,1,2,Épargne,0
GH002959,Greater Accra,56,M,Secondaire,Services,610,1400,6,Premier,0,4,Aucune,0
GH002960,Western,51,F,Primaire,Pêche,7930,500,18,Excellent,0,6,Garant,0
GH002961,Northern,62,F,Superieur,Pêche,540,1200,12,Bon,1,5,Épargne,0
GH002962,Volta,56,M,Secondaire,Transport,1000,1900,24,Bon,1,6,Aucune,1
GH002963,Western,23,M,Aucun,Agriculture,400,5400,36,Premier,0,7,Garant,0
GH002964,Greater Accra,49,F,Primaire,Agriculture,840,1100,12,Bon,1,7,Bien immobilier,0
GH002965,Greater Accra,25,F,Secondaire,Restauration,550,2900,36,Excellent,0,0,Épargne,0
GH002966,Ashanti,38,F,Primaire,Pêche,480,2300,12,Moyen,1,4,Épargne,0
GH002967,Volta,51,F,Secondaire,Commerce,2850,1900,18,Bon,0,0,Garant,0
GH002968,Eastern,28,F,Superieur,Commerce,1710,4200,6,Moyen,0,0,Garant,0
GH002969,Volta,31,M,Primaire,Artisanat,740,1000,6,Excellent,0,2,Épargne,0
GH002970,Greater Accra,30,F,Primaire,Pêche,200,1100,24,Bon,0,6,Épargne,1
GH002971,Volta,35,F,Secondaire,Services,500,1800,24,Bon,0,7,Garant,0
GH002972,Ashanti,20,M,Primaire,Services,5780,1000,12,Bon,0,7,Épargne,0
GH002973,Volta,64,F,Aucun,Commerce,550,2900,12,Mauvais,0,0,Bien immobilier,0
GH002974,Greater Accra,40,M,Primaire,Transport,1610,1000,12,Premier,0,2,Aucune,0
GH002975,Central,49,M,Superieur,Restauration,2110,2200,24,Moyen,0,1,Garant,0
GH002976,Northern,32,F,Superieur,Commerce,790,1700,12,Moyen,1,4,Épargne,0
GH002977,Northern,53,M,Primaire,Transport,340,2200,12,Bon,1,0,Garant,0
GH002978,Central,23,M,Secondaire,Transport,200,1200,18,Excellent,0,2,Épargne,0
GH002979,Central,47,F,Aucun,Restauration,1150,1300,24,Moyen,0,1,Garant,0
GH002980,Greater Accra,57,M,Secondaire,Pêche,350,2000,6,Excellent,0,4,Garant,0
GH002981,Western,50,F,Primaire,Artisanat,770,2200,24,Excellent,1,1,Garant,0
GH002982,Western,46,M,Aucun,Artisanat,240,1800,18,Moyen,1,3,Épargne,0
GH002983,Central,24,M,Secondaire,Agriculture,540,8400,12,Moyen,0,7,Épargne,0
GH002984,Eastern,44,M,Primaire,Pêche,680,700,18,Bon,1,4,Garant,0
GH002985,Northern,22,F,Aucun,Commerce,820,1700,18,Moyen,0,2,Garant,1
GH002986,Ashanti,52,F,Secondaire,Services,270,500,6,Premier,0,0,Garant,0
GH002987,Central,23,F,Secondaire,Artisanat,1730,2500,12,Bon,1,2,Épargne,0
GH002988,Northern,44,F,Secondaire,Transport,410,700,18,Moyen,0,5,Garant,0
GH002989,Ashanti,39,M,Superieur,Restauration,200,1400,12,Bon,1,2,Garant,0
GH002990,Volta,53,F,Primaire,Transport,610,1300,12,Premier,1,2,Garant,0
GH002991,Ashanti,45,M,Aucun,Restauration,680,2300,6,Bon,1,4,Garant,0
GH002992,Central,24,M,Aucun,Commerce,760,1100,12,Mauvais,0,4,Aucune,0
GH002993,Western,54,F,Primaire,Commerce,1980,1100,12,Premier,0,3,Bien immobilier,0
GH002994,Eastern,47,M,Aucun,Pêche,550,6600,12,Moyen,0,5,Épargne,0
GH002995,Northern,48,F,Secondaire,Commerce,600,2300,6,Mauvais,0,7,Garant,0
GH002996,Central,28,M,Aucun,Commerce,280,1100,12,Bon,1,1,Épargne,0
GH002997,Ashanti,57,F,Primaire,Commerce,1280,1400,12,Premier,1,7,Aucune,0
GH002998,Northern,25,M,Primaire,Services,770,7900,18,Moyen,0,5,Bien immobilier,1
GH002999,Greater Accra,38,F,Primaire,Artisanat,480,1500,18,Bon,1,6,Épargne,0
GH003000,Volta,63,M,Secondaire,Pêche,200,1000,6,Excellent,1,2,Aucune,0
GH003001,Greater Accra,30,F,Primaire,Services,2110,1000,36,Bon,1,7,Bien immobilier,0
GH003002,Northern,21,F,Primaire,Services,250,1100,18,Mauvais,1,3,Épargne,0
GH003003,Northern,63,F,Superieur,Commerce,410,1100,18,Mauvais,0,3,Épargne,0
GH003004,Ashanti,63,F,Secondaire,Services,890,600,12,Mauvais,0,4,Garant,0
GH003005,Central,28,F,Secondaire,Commerce,260,700,12,Excellent,1,1,Épargne,0
GH003006,Western,40,F,Secondaire,Transport,200,900,36,Bon,1,3,Bien immobilier,0
GH003007,Central,43,F,Secondaire,Transport,200,3100,6,Moyen,0,0,Aucune,0
GH003008,Eastern,53,M,Aucun,Services,1180,1300,18,Moyen,0,3,Épargne,0
GH003009,Northern,41,F,Aucun,Restauration,430,1500,12,Bon,0,4,Garant,0
GH003010,Greater Accra,22,F,Secondaire,Artisanat,6920,5700,24,Moyen,0,7,Épargne,0
GH003011,Ashanti,31,F,Primaire,Commerce,300,5800,12,Bon,1,2,Bien immobilier,0
GH003012,Western,47,M,Aucun,Artisanat,320,1400,12,Bon,0,4,Garant,0
GH003013,Volta,49,F,Primaire,Pêche,420,1000,18,Moyen,1,6,Bien immobilier,0
GH003014,Central,45,M,Aucun,Pêche,810,800,6,Moyen,1,4,Épargne,0
GH003015,Eastern,40,F,Superieur,Transport,460,3400,6,Excellent,1,1,Garant,0
GH003016,Central,47,M,Primaire,Agriculture,1090,1500,12,Mauvais,0,5,Garant,0
GH003017,Volta,45,F,Aucun,Services,300,1300,6,Excellent,1,0,Garant,0
GH003018,Eastern,52,F,Secondaire,Services,220,900,6,Moyen,1,7,Bien immobilier,0
GH003019,Central,40,M,Secondaire,Restauration,200,900,18,Excellent,0,0,Garant,0
GH003020,Western,54,F,Secondaire,Agriculture,200,2400,18,Moyen,0,5,Bien immobilier,0
GH003021,Western,53,M,Primaire,Artisanat,440,600,36,Mauvais,1,1,Garant,0
GH003022,Ashanti,60,F,Primaire,Restauration,520,4400,12,Excellent,1,6,Garant,0
GH003023,Western,37,F,Secondaire,Transport,400,1100,12,Premier,1,1,Garant,0
GH003024,Eastern,30,M,Primaire,Commerce,1800,1600,24,Excellent,1,3,Épargne,0
GH003025,Ashanti,42,F,Primaire,Transport,1780,500,24,Excellent,1,6,Épargne,0
GH003026,Volta,41,F,Superieur,Transport,510,1800,18,Mauvais,0,5,Garant,0
GH003027,Western,36,M,Primaire,Restauration,200,1300,12,Moyen,0,0,Aucune,0
GH003028,Greater Accra,24,F,Primaire,Restauration,420,1700,24,Excellent,0,4,Épargne,0
GH003029,Volta,63,F,Primaire,Pêche,410,6800,12,Premier,0,5,Garant,1
GH003030,Eastern,30,M,Aucun,Agriculture,390,2100,6,Moyen,0,3,Bien immobilier,0
GH003031,Volta,49,M,Primaire,Pêche,380,900,18,Excellent,0,0,Épargne,0
GH003032,Volta,34,F,Aucun,Pêche,390,1000,18,Mauvais,1,6,Aucune,0
GH003033,Ashanti,46,M,Primaire,Agriculture,490,3100,12,Bon,0,7,Aucune,0
GH003034,Eastern,54,M,Primaire,Pêche,400,5800,18,Bon,1,6,Épargne,0
GH003035,Ashanti,52,M,Aucun,Restauration,790,2300,18,Mauvais,1,6,Bien immobilier,0
GH003036,Eastern,39,F,Secondaire,Artisanat,890,3400,24,Moyen,1,5,Bien immobilier,0
GH003037,Greater Accra,35,F,Secondaire,Commerce,320,3100,12,Moyen,1,2,Épargne,0
GH003038,Volta,53,M,Primaire,Services,1840,6500,6,Mauvais,0,4,Bien immobilier,0
GH003039,Western,21,F,Superieur,Commerce,300,500,12,Mauvais,1,7,Épargne,0
GH003040,Central,54,F,Secondaire,Services,200,3300,24,Excellent,0,6,Bien immobilier,0
GH003041,Volta,59,F,Secondaire,Services,900,4400,12,Mauvais,1,5,Épargne,0
GH003042,Central,47,F,Primaire,Pêche,350,500,12,Bon,1,6,Aucune,0
GH003043,Central,58,F,Secondaire,Agriculture,860,800,12,Bon,0,4,Épargne,0
GH003044,Volta,25,M,Superieur,Restauration,200,800,6,Premier,1,3,Bien immobilier,0
GH003045,Ashanti,28,M,Primaire,Pêche,2030,900,24,Moyen,1,0,Garant,0
GH003046,Western,39,F,Secondaire,Restauration,1140,1200,6,Bon,1,1,Aucune,0
GH003047,Volta,20,F,Secondaire,Restauration,200,2200,18,Moyen,0,2,Épargne,1
GH003048,Northern,27,F,Primaire,Services,200,3900,12,Bon,1,4,Garant,0
GH003049,Ashanti,42,M,Primaire,Services,2530,4800,12,Excellent,0,1,Aucune,0
GH003050,Volta,22,F,Aucun,Transport,370,900,24,Mauvais,0,1,Épargne,0
GH003051,Volta,23,F,Primaire,Services,340,800,18,Mauvais,1,1,Garant,0
GH003052,Ashanti,44,F,Aucun,Commerce,200,5900,18,Moyen,1,1,Épargne,0
GH003053,Volta,57,F,Secondaire,Artisanat,500,3200,18,Bon,0,3,Aucune,0
GH003054,Ashanti,34,M,Secondaire,Artisanat,550,1900,12,Excellent,0,5,Garant,1
GH003055,Volta,40,F,Superieur,Agriculture,1180,2800,18,Mauvais,1,5,Aucune,0
GH003056,Northern,54,F,Secondaire,Artisanat,220,1800,12,Bon,0,4,Garant,1
GH003057,Volta,33,F,Primaire,Pêche,200,2900,24,Excellent,0,6,Garant,0
GH003058,Ashanti,55,M,Aucun,Commerce,950,1300,18,Premier,0,1,Épargne,0
GH003059,Western,31,F,Superieur,Commerce,1490,2300,12,Mauvais,1,6,Aucune,0
GH003060,Volta,36,M,Primaire,Restauration,200,500,24,Moyen,1,7,Garant,0
GH003061,Central,58,M,Secondaire,Pêche,1580,1000,18,Excellent,1,1,Bien immobilier,0
GH003062,Eastern,28,M,Aucun,Pêche,690,1000,12,Excellent,0,0,Bien immobilier,0
GH003063,Ashanti,54,M,Primaire,Restauration,1590,1300,6,Bon,1,4,Garant,0
GH003064,Volta,32,F,Primaire,Transport,630,800,24,Moyen,1,6,Bien immobilier,0
GH003065,Western,34,M,Aucun,Transport,200,1100,36,Moyen,0,7,Garant,0
GH003066,Greater Accra,37,F,Secondaire,Restauration,590,500,18,Moyen,0,7,Épargne,0
GH003067,Eastern,52,M,Secondaire,Commerce,1550,3000,12,Bon,1,5,Garant,0
GH003068,Ashanti,25,M,Primaire,Services,330,1700,12,Moyen,0,2,Bien immobilier,0
GH003069,Ashanti,46,F,Secondaire,Pêche,490,500,12,Mauvais,1,1,Épargne,0
GH003070,Volta,42,M,Primaire,Artisanat,580,900,18,Moyen,0,3,Épargne,0
GH003071,Eastern,46,M,Aucun,Artisanat,200,2400,6,Premier,1,5,Garant,0
GH003072,Eastern,53,M,Superieur,Services,2530,1100,24,Mauvais,0,1,Bien immobilier,0
GH003073,Ashanti,57,F,Primaire,Services,320,1000,12,Excellent,0,1,Épargne,0
GH003074,Western,33,F,Secondaire,Commerce,1000,1700,18,Premier,1,5,Épargne,0
GH003075,Greater Accra,55,M,Secondaire,Artisanat,620,2500,12,Excellent,1,1,Aucune,0
GH003076,Volta,27,F,Primaire,Artisanat,1820,500,12,Premier,0,4,Garant,0
GH003077,Western,54,F,Primaire,Services,920,3000,18,Moyen,0,4,Épargne,0
GH003078,Northern,38,F,Aucun,Pêche,550,900,18,Moyen,1,1,Aucune,0
GH003079,Central,49,M,Primaire,Pêche,330,1800,18,Bon,1,3,Garant,0
GH003080,Central,33,F,Secondaire,Agriculture,1260,1800,12,Excellent,0,2,Aucune,0
GH003081,Central,39,M,Primaire,Pêche,200,1100,12,Excellent,1,6,Garant,0
GH003082,Ashanti,44,M,Aucun,Agriculture,1120,700,24,Mauvais,0,7,Bien immobilier,0
GH003083,Volta,59,M,Secondaire,Transport,280,1400,18,Bon,1,0,Garant,0
GH003084,Volta,43,F,Secondaire,Pêche,1810,7800,18,Bon,1,2,Épargne,0
GH003085,Greater Accra,33,F,Secondaire,Restauration,760,500,12,Premier,0,7,Épargne,0
GH003086,Greater Accra,45,F,Secondaire,Pêche,1110,8300,18,Bon,0,5,Garant,0
GH003087,Volta,57,F,Secondaire,Agriculture,710,1400,12,Moyen,0,3,Bien immobilier,0
GH003088,Northern,42,F,Secondaire,Artisanat,200,1900,12,Bon,1,5,Bien immobilier,0
GH003089,Ashanti,41,F,Primaire,Pêche,330,700,12,Excellent,1,5,Épargne,1
GH003090,Ashanti,38,M,Secondaire,Artisanat,1140,900,6,Mauvais,0,5,Garant,0
GH003091,Ashanti,22,F,Primaire,Artisanat,760,1100,12,Moyen,0,5,Bien immobilier,0
GH003092,Greater Accra,61,M,Superieur,Pêche,1710,700,6,Excellent,1,3,Bien immobilier,0
GH003093,Ashanti,38,F,Primaire,Pêche,920,1500,12,Bon,0,2,Garant,0
GH003094,Eastern,28,F,Superieur,Restauration,310,1300,18,Mauvais,1,2,Épargne,0
GH003095,Eastern,47,F,Secondaire,Transport,350,9600,36,Excellent,1,5,Aucune,0
GH003096,Eastern,39,F,Secondaire,Agriculture,720,600,6,Bon,1,1,Épargne,0
GH003097,Ashanti,64,M,Primaire,Pêche,200,2000,12,Mauvais,1,2,Garant,0
GH003098,Eastern,26,F,Primaire,Artisanat,2540,2300,12,Mauvais,1,7,Épargne,0
GH003099,Volta,33,M,Secondaire,Artisanat,950,700,12,Moyen,1,6,Bien immobilier,0
GH003100,Northern,28,F,Primaire,Pêche,1780,3400,6,Bon,0,5,Aucune,0
GH003101,Ashanti,38,M,Superieur,Agriculture,200,1300,12,Bon,1,2,Aucune,0
GH003102,Northern,33,F,Secondaire,Transport,1800,500,18,Moyen,0,1,Garant,0
GH003103,Eastern,57,F,Secondaire,Artisanat,3960,3300,24,Excellent,0,3,Garant,0
GH003104,Ashanti,55,F,Primaire,Transport,230,700,36,Bon,1,4,Bien immobilier,0
GH003105,Western,59,F,Aucun,Transport,1230,700,18,Moyen,0,1,Garant,0
GH003106,Central,36,M,Secondaire,Restauration,670,3400,12,Mauvais,1,2,Épargne,0
GH003107,Western,49,F,Primaire,Artisanat,200,1300,18,Excellent,0,0,Épargne,0
GH003108,Central,28,M,Superieur,Agriculture,990,4100,12,Bon,0,6,Garant,0
GH003109,Central,52,F,Secondaire,Commerce,1300,5400,12,Bon,0,2,Épargne,0
GH003110,Eastern,44,F,Aucun,Restauration,410,1000,24,Moyen,1,6,Garant,0
GH003111,Central,33,M,Secondaire,Restauration,1690,3700,18,Moyen,1,0,Épargne,0
GH003112,Central,30,F,Secondaire,Commerce,200,900,18,Bon,1,1,Garant,1
GH003113,Western,54,F,Secondaire,Restauration,200,13500,6,Excellent,1,4,Bien immobilier,0
GH003114,Central,60,M,Secondaire,Restauration,740,1000,24,Moyen,0,4,Garant,0
GH003115,Ashanti,33,F,Primaire,Restauration,680,4600,18,Premier,0,0,Bien immobilier,1
GH003116,Northern,49,F,Primaire,Artisanat,370,3900,12,Moyen,0,7,Bien immobilier,0
GH003117,Volta,60,F,Secondaire,Artisanat,1270,2400,12,Moyen,0,3,Bien immobilier,0
GH003118,Northern,23,F,Aucun,Pêche,1020,1000,6,Premier,1,0,Bien immobilier,0
GH003119,Ashanti,23,M,Secondaire,Pêche,1320,1600,6,Bon,0,0,Épargne,0
GH003120,Volta,47,M,Secondaire,Artisanat,600,500,18,Bon,1,5,Épargne,0
GH003121,Eastern,27,F,Superieur,Restauration,1080,2200,12,Excellent,0,7,Épargne,0
GH003122,Volta,21,M,Superieur,Agriculture,470,2500,24,Premier,1,1,Bien immobilier,0
GH003123,Volta,60,M,Secondaire,Commerce,3440,2000,24,Bon,0,6,Aucune,0
GH003124,Western,41,F,Primaire,Pêche,350,500,12,Bon,0,6,Bien immobilier,0
GH003125,Volta,60,F,Primaire,Services,3580,600,12,Excellent,1,2,Garant,0
GH003126,Volta,35,F,Primaire,Services,680,900,12,Bon,0,7,Garant,0
GH003127,Greater Accra,48,M,Aucun,Restauration,220,2400,6,Excellent,1,6,Garant,0
GH003128,Northern,49,M,Secondaire,Services,1990,2300,6,Bon,0,7,Bien immobilier,0
GH003129,Western,31,F,Secondaire,Pêche,740,1600,12,Premier,1,3,Épargne,0
GH003130,Northern,54,F,Primaire,Transport,1310,3200,24,Excellent,1,5,Garant,0
GH003131,Greater Accra,30,F,Primaire,Agriculture,1770,700,24,Bon,1,6,Épargne,0
GH003132,Central,40,F,Secondaire,Transport,870,3100,24,Excellent,0,5,Épargne,0
GH003133,Greater Accra,40,F,Superieur,Restauration,410,2800,18,Moyen,1,6,Garant,0
GH003134,Central,24,F,Aucun,Services,1450,2500,24,Bon,0,0,Épargne,0
GH003135,Northern,39,M,Primaire,Artisanat,670,1500,12,Excellent,0,1,Garant,0
GH003136,Volta,56,F,Superieur,Agriculture,1150,9400,12,Mauvais,0,7,Garant,0
GH003137,Western,22,F,Aucun,Pêche,200,2800,18,Moyen,1,5,Épargne,0
GH003138,Western,63,M,Secondaire,Services,950,800,24,Premier,1,6,Garant,0
GH003139,Eastern,52,F,Secondaire,Restauration,400,2300,6,Excellent,0,7,Garant,0
GH003140,Northern,28,M,Primaire,Transport,2500,3600,12,Bon,1,3,Garant,0
GH003141,Eastern,28,F,Primaire,Restauration,1090,1100,12,Premier,0,7,Aucune,0
GH003142,Volta,23,M,Superieur,Commerce,810,4800,6,Mauvais,1,6,Épargne,0
GH003143,Northern,54,F,Primaire,Services,980,2500,12,Mauvais,0,4,Garant,0
GH003144,Volta,36,F,Primaire,Commerce,300,500,12,Moyen,0,4,Garant,0
GH003145,Central,53,M,Secondaire,Transport,2440,2400,24,Moyen,0,1,Épargne,0
GH003146,Northern,43,F,Primaire,Commerce,3270,1300,24,Mauvais,1,3,Garant,0
GH003147,Northern,51,M,Secondaire,Artisanat,910,2900,24,Excellent,0,2,Bien immobilier,0
GH003148,Central,20,F,Superieur,Restauration,2370,4200,6,Moyen,0,1,Garant,1
GH003149,Ashanti,27,F,Superieur,Restauration,420,2200,6,Mauvais,1,6,Bien immobilier,0
GH003150,Volta,64,F,Primaire,Pêche,350,8100,6,Excellent,0,5,Bien immobilier,0
GH003151,Ashanti,42,F,Primaire,Services,690,1500,24,Bon,0,5,Garant,0
GH003152,Northern,59,F,Primaire,Services,940,3200,12,Bon,1,6,Épargne,0
GH003153,Ashanti,31,M,Superieur,Services,490,3700,18,Mauvais,1,2,Épargne,0
GH003154,Western,31,M,Primaire,Artisanat,1020,1700,12,Moyen,1,0,Aucune,1
GH003155,Northern,34,F,Primaire,Services,850,3600,6,Moyen,0,2,Épargne,0
GH003156,Greater Accra,60,F,Secondaire,Services,300,1100,6,Mauvais,0,1,Garant,0
GH003157,Central,38,F,Secondaire,Services,1010,1200,18,Bon,1,3,Garant,0
GH003158,Eastern,45,M,Aucun,Commerce,1330,600,12,Mauvais,0,2,Bien immobilier,0
GH003159,Central,48,M,Primaire,Restauration,760,2200,12,Excellent,0,6,Garant,0
GH003160,Northern,41,F,Secondaire,Commerce,1670,2400,12,Moyen,0,7,Garant,0
GH003161,Greater Accra,59,M,Secondaire,Agriculture,250,5200,18,Excellent,1,0,Épargne,0
GH003162,Central,40,F,Secondaire,Artisanat,970,3700,12,Excellent,0,3,Bien immobilier,0
GH003163,Eastern,57,F,Aucun,Commerce,260,1400,24,Bon,1,7,Épargne,0
GH003164,Eastern,39,F,Primaire,Artisanat,270,600,12,Bon,0,6,Aucune,1
GH003165,Greater Accra,48,M,Secondaire,Transport,400,2700,12,Mauvais,1,4,Bien immobilier,0
GH003166,Eastern,23,F,Superieur,Services,310,4900,12,Bon,0,4,Épargne,0
GH003167,Western,26,M,Aucun,Restauration,430,3600,12,Excellent,0,3,Épargne,0
GH003168,Eastern,47,M,Aucun,Agriculture,560,4800,18,Premier,1,5,Aucune,1
GH003169,Volta,47,F,Secondaire,Pêche,1300,1500,24,Bon,1,5,Garant,0
GH003170,Greater Accra,23,M,Secondaire,Services,510,1200,24,Premier,0,1,Aucune,0
GH003171,Greater Accra,41,M,Primaire,Agriculture,200,900,12,Premier,0,2,Aucune,0
GH003172,Central,31,M,Secondaire,Artisanat,1660,1700,12,Bon,1,2,Aucune,0
GH003173,Eastern,64,F,Superieur,Agriculture,340,1700,24,Excellent,0,5,Épargne,0
GH003174,Eastern,22,F,Secondaire,Restauration,630,2200,12,Moyen,1,3,Épargne,0
GH003175,Northern,41,F,Primaire,Artisanat,950,1600,18,Mauvais,1,2,Garant,1
GH003176,Northern,63,F,Secondaire,Services,780,1600,36,Bon,1,4,Épargne,0
GH003177,Greater Accra,21,M,Primaire,Artisanat,1600,900,18,Excellent,0,3,Bien immobilier,0
GH003178,Northern,43,M,Primaire,Restauration,980,4200,12,Mauvais,0,5,Épargne,1
GH003179,Central,53,M,Secondaire,Transport,330,1900,18,Bon,0,6,Garant,0
GH003180,Volta,46,F,Secondaire,Commerce,3800,1500,12,Excellent,0,2,Bien immobilier,0
GH003181,Central,60,M,Superieur,Pêche,780,900,12,Premier,0,0,Garant,0
GH003182,Western,20,F,Primaire,Transport,590,500,12,Premier,0,5,Garant,0
GH003183,Volta,27,M,Aucun,Services,1440,5900,12,Bon,0,5,Bien immobilier,0
GH003184,Western,42,F,Superieur,Transport,810,3000,18,Excellent,0,6,Bien immobilier,0
GH003185,Greater Accra,57,F,Primaire,Agriculture,920,500,18,Moyen,0,1,Bien immobilier,0
GH003186,Central,25,M,Primaire,Services,4880,3600,18,Bon,1,0,Épargne,0
GH003187,Central,41,F,Secondaire,Services,530,4100,24,Excellent,1,7,Garant,0
GH003188,Western,44,M,Superieur,Transport,520,2000,12,Mauvais,1,5,Épargne,0
GH003189,Volta,37,M,Secondaire,Pêche,730,7600,18,Premier,0,0,Aucune,0
GH003190,Northern,36,M,Primaire,Services,1570,2200,12,Bon,1,2,Bien immobilier,0
GH003191,Western,31,F,Secondaire,Services,200,500,18,Moyen,1,3,Garant,0
GH003192,Greater Accra,25,M,Superieur,Pêche,200,2500,24,Excellent,1,4,Garant,0
GH003193,Volta,45,M,Secondaire,Transport,420,2300,12,Bon,0,3,Garant,0
GH003194,Central,46,F,Primaire,Restauration,200,1100,18,Excellent,1,7,Épargne,0
GH003195,Greater Accra,27,M,Secondaire,Commerce,470,3000,12,Excellent,0,2,Épargne,0
GH003196,Western,38,F,Secondaire,Pêche,990,500,18,Bon,0,2,Bien immobilier,1
GH003197,Eastern,61,F,Secondaire,Artisanat,330,4400,18,Mauvais,0,4,Bien immobilier,0
GH003198,Western,20,M,Secondaire,Transport,210,800,18,Bon,0,0,Épargne,0
GH003199,Central,48,M,Primaire,Services,700,700,12,Bon,1,0,Épargne,0
GH003200,Greater Accra,64,F,Secondaire,Commerce,1330,1600,18,Bon,1,7,Bien immobilier,0
GH003201,Northern,54,M,Secondaire,Restauration,200,2700,18,Moyen,1,6,Garant,1
GH003202,Northern,59,M,Aucun,Transport,1280,2100,12,Bon,0,3,Aucune,0
GH003203,Central,33,F,Primaire,Pêche,1280,900,12,Excellent,1,1,Garant,0
GH003204,Western,54,F,Primaire,Transport,1430,1100,12,Excellent,0,2,Bien immobilier,0
GH003205,Western,64,M,Secondaire,Restauration,1760,700,6,Excellent,0,4,Garant,0
GH003206,Ashanti,39,M,Secondaire,Agriculture,3870,1500,12,Bon,1,3,Épargne,0
GH003207,Western,32,M,Primaire,Restauration,500,4800,6,Excellent,1,6,Garant,0
GH003208,Central,57,M,Secondaire,Artisanat,730,1800,24,Mauvais,1,4,Épargne,0
GH003209,Volta,27,F,Secondaire,Restauration,480,3900,24,Premier,0,0,Bien immobilier,0
GH003210,Volta,62,M,Superieur,Commerce,670,6700,24,Excellent,1,5,Épargne,0
GH003211,Greater Accra,39,F,Aucun,Agriculture,2270,1100,24,Bon,1,6,Épargne,0
GH003212,Greater Accra,52,F,Secondaire,Transport,230,1500,12,Bon,0,0,Garant,0
GH003213,Ashanti,45,M,Secondaire,Transport,330,12800,12,Premier,1,3,Bien immobilier,0
GH003214,Northern,58,M,Primaire,Artisanat,2000,6600,24,Excellent,0,6,Épargne,0
GH003215,Central,40,M,Primaire,Agriculture,1500,500,18,Moyen,0,1,Bien immobilier,0
GH003216,Western,61,M,Primaire,Artisanat,500,2600,6,Bon,1,0,Garant,0
GH003217,Eastern,62,F,Secondaire,Transport,1320,1800,12,Bon,0,4,Épargne,0
GH003218,Greater Accra,60,F,Primaire,Agriculture,870,3800,6,Excellent,0,2,Aucune,0
GH003219,Central,28,M,Primaire,Pêche,2210,900,12,Excellent,0,6,Garant,0
GH003220,Volta,43,F,Primaire,Restauration,710,800,12,Excellent,0,2,Garant,1
GH003221,Ashanti,56,F,Primaire,Commerce,1510,1000,24,Excellent,0,1,Bien immobilier,0
GH003222,Eastern,60,M,Superieur,Commerce,5510,1100,18,Bon,1,3,Épargne,0
GH003223,Northern,36,F,Primaire,Pêche,1070,3800,12,Moyen,0,1,Garant,0
GH003224,Central,43,F,Secondaire,Services,690,600,12,Moyen,0,4,Bien immobilier,1
GH003225,Western,40,M,Aucun,Agriculture,1190,1000,24,Bon,0,6,Aucune,0
GH003226,Northern,58,F,Primaire,Restauration,500,500,12,Excellent,1,7,Garant,0
GH003227,Volta,60,F,Superieur,Pêche,4490,4500,18,Excellent,1,1,Bien immobilier,0
GH003228,Greater Accra,58,M,Superieur,Agriculture,770,5700,12,Mauvais,1,6,Garant,0
GH003229,Volta,32,F,Primaire,Restauration,530,1300,12,Bon,0,2,Bien immobilier,0
GH003230,Western,30,M,Primaire,Agriculture,340,1400,6,Premier,0,5,Bien immobilier,0
GH003231,Ashanti,38,M,Primaire,Commerce,1600,2700,24,Mauvais,1,7,Bien immobilier,0
GH003232,Greater Accra,30,F,Primaire,Restauration,1330,6800,6,Excellent,0,6,Épargne,0
GH003233,Eastern,32,M,Secondaire,Commerce,450,2600,12,Mauvais,1,0,Garant,0
GH003234,Greater Accra,64,F,Primaire,Commerce,1050,1000,12,Moyen,0,0,Bien immobilier,0
GH003235,Volta,20,M,Secondaire,Restauration,200,500,18,Moyen,0,6,Garant,1
GH003236,Western,59,F,Secondaire,Pêche,770,700,18,Mauvais,0,5,Bien immobilier,0
GH003237,Northern,63,F,Primaire,Agriculture,960,1900,6,Bon,0,3,Aucune,0
GH003238,Central,38,F,Secondaire,Restauration,2610,1000,6,Moyen,0,6,Aucune,0
GH003239,Volta,31,M,Secondaire,Transport,360,2200,18,Moyen,0,4,Garant,0
GH003240,Central,27,M,Secondaire,Commerce,240,1100,18,Moyen,1,3,Garant,0
GH003241,Central,27,M,Superieur,Agriculture,320,700,24,Moyen,1,7,Épargne,0
GH003242,Volta,64,F,Secondaire,Restauration,230,600,18,Excellent,1,6,Bien immobilier,0
GH003243,Volta,31,M,Secondaire,Pêche,1940,7400,18,Bon,1,5,Épargne,0
GH003244,Volta,52,F,Superieur,Restauration,2300,4000,12,Premier,1,1,Épargne,0
GH003245,Ashanti,64,M,Secondaire,Restauration,860,8600,18,Excellent,0,1,Garant,0
GH003246,Ashanti,45,F,Secondaire,Artisanat,1770,2900,24,Bon,1,7,Bien immobilier,0
GH003247,Central,58,F,Primaire,Transport,740,1200,12,Bon,0,1,Garant,0
GH003248,Eastern,47,F,Superieur,Agriculture,620,5900,12,Excellent,1,4,Garant,1
GH003249,Western,24,F,Aucun,Restauration,510,1800,18,Excellent,0,6,Épargne,1
GH003250,Eastern,27,M,Primaire,Commerce,520,2200,12,Bon,1,0,Garant,0
GH003251,Volta,44,F,Secondaire,Commerce,200,1700,18,Bon,1,5,Épargne,1
GH003252,Volta,46,F,Secondaire,Artisanat,820,500,12,Mauvais,0,2,Bien immobilier,0
GH003253,Central,42,F,Secondaire,Commerce,640,7700,6,Bon,1,2,Bien immobilier,1
GH003254,Western,49,F,Secondaire,Restauration,1210,2800,6,Moyen,1,1,Épargne,0
GH003255,Ashanti,64,F,Primaire,Agriculture,720,2400,24,Bon,1,6,Bien immobilier,0
GH003256,Greater Accra,42,F,Superieur,Artisanat,580,1700,24,Mauvais,1,1,Garant,0
GH003257,Greater Accra,39,M,Secondaire,Transport,330,2100,12,Moyen,1,6,Aucune,0
GH003258,Western,37,F,Superieur,Services,700,1100,6,Excellent,0,1,Aucune,0
GH003259,Eastern,37,M,Primaire,Artisanat,1200,3100,6,Bon,0,4,Épargne,0
GH003260,Western,21,F,Secondaire,Pêche,270,600,12,Mauvais,0,2,Aucune,0
GH003261,Eastern,23,F,Secondaire,Pêche,710,2100,12,Moyen,0,3,Aucune,0
GH003262,Volta,49,F,Primaire,Agriculture,800,3000,12,Premier,0,0,Épargne,0
GH003263,Northern,52,F,Secondaire,Agriculture,370,1500,18,Excellent,1,3,Aucune,0
GH003264,Eastern,55,F,Aucun,Services,420,2500,18,Premier,0,0,Aucune,0
GH003265,Greater Accra,37,M,Secondaire,Artisanat,800,700,6,Bon,0,4,Garant,0
GH003266,Ashanti,56,M,Secondaire,Restauration,270,800,18,Excellent,1,0,Épargne,0
GH003267,Central,38,F,Secondaire,Restauration,880,2200,12,Bon,0,7,Garant,0
GH003268,Volta,47,M,Secondaire,Pêche,320,3300,6,Excellent,0,4,Épargne,0
GH003269,Ashanti,59,F,Primaire,Agriculture,1560,500,18,Moyen,0,2,Aucune,0
GH003270,Central,39,M,Secondaire,Services,4320,2900,6,Premier,0,6,Bien immobilier,0
GH003271,Northern,52,M,Primaire,Agriculture,330,1100,12,Premier,1,6,Aucune,1
GH003272,Greater Accra,31,F,Primaire,Restauration,1020,1500,6,Moyen,1,0,Bien immobilier,0
GH003273,Volta,34,F,Primaire,Pêche,370,500,24,Bon,0,1,Bien immobilier,0
GH003274,Central,60,M,Primaire,Restauration,1530,800,18,Premier,0,1,Aucune,0
GH003275,Northern,58,M,Secondaire,Restauration,240,4300,12,Bon,0,6,Aucune,1
GH003276,Volta,21,M,Secondaire,Artisanat,980,1900,24,Premier,1,4,Épargne,0
GH003277,Eastern,48,M,Primaire,Agriculture,330,1300,12,Premier,1,7,Aucune,0
GH003278,Western,60,M,Primaire,Artisanat,560,1600,24,Bon,0,7,Aucune,0
GH003279,Volta,29,F,Primaire,Artisanat,290,2800,18,Excellent,1,2,Aucune,0
GH003280,Volta,21,F,Secondaire,Restauration,1280,2700,18,Bon,0,4,Garant,0
GH003281,Central,30,M,Primaire,Pêche,340,1700,18,Mauvais,1,3,Aucune,1
GH003282,Ashanti,32,M,Primaire,Restauration,1030,4800,18,Mauvais,0,3,Garant,0
GH003283,Greater Accra,29,F,Secondaire,Transport,510,4300,24,Moyen,0,3,Aucune,1
GH003284,Greater Accra,33,F,Primaire,Pêche,610,2600,24,Excellent,0,1,Épargne,0
GH003285,Volta,37,M,Primaire,Services,750,1900,12,Excellent,0,5,Garant,0
GH003286,Volta,28,M,Aucun,Agriculture,360,3300,12,Premier,1,3,Aucune,0
GH003287,Northern,58,M,Primaire,Transport,790,2400,6,Bon,1,0,Garant,0
GH003288,Western,47,M,Aucun,Transport,2260,4700,12,Moyen,0,7,Garant,0
GH003289,Eastern,22,F,Secondaire,Transport,360,4100,12,Premier,0,3,Aucune,1
GH003290,Volta,39,F,Primaire,Commerce,1700,700,6,Mauvais,0,1,Garant,1
GH003291,Eastern,25,F,Primaire,Agriculture,2200,700,12,Bon,0,0,Épargne,0
GH003292,Greater Accra,46,F,Primaire,Restauration,350,1000,18,Bon,1,2,Bien immobilier,0
GH003293,Eastern,21,F,Secondaire,Pêche,210,4400,24,Moyen,0,4,Épargne,0
GH003294,Volta,48,F,Superieur,Transport,850,500,6,Bon,1,4,Garant,1
GH003295,Volta,57,M,Secondaire,Commerce,430,2600,6,Moyen,1,5,Bien immobilier,0
GH003296,Northern,22,M,Secondaire,Transport,2970,2500,6,Excellent,0,0,Bien immobilier,0
GH003297,Western,35,F,Secondaire,Pêche,680,5100,24,Mauvais,1,5,Épargne,0
GH003298,Greater Accra,49,M,Aucun,Services,350,2100,12,Premier,1,0,Aucune,0
GH003299,Eastern,59,M,Aucun,Pêche,270,500,36,Premier,0,5,Bien immobilier,0
GH003300,Central,21,F,Aucun,Services,1590,800,24,Bon,1,4,Bien immobilier,0
GH003301,Central,36,M,Aucun,Commerce,420,600,24,Bon,1,4,Garant,0
GH003302,Northern,60,F,Primaire,Commerce,690,1100,6,Excellent,1,0,Bien immobilier,1
GH003303,Eastern,31,M,Secondaire,Agriculture,1430,1500,12,Bon,0,4,Épargne,0
GH003304,Central,54,F,Aucun,Artisanat,450,600,36,Bon,1,6,Bien immobilier,0
GH003305,Western,62,M,Superieur,Transport,640,6800,6,Moyen,0,6,Garant,0
GH003306,Ashanti,20,F,Superieur,Commerce,660,500,18,Excellent,0,5,Bien immobilier,0
GH003307,Western,64,M,Superieur,Transport,1150,6100,12,Bon,1,2,Aucune,0
GH003308,Northern,34,F,Aucun,Artisanat,1070,5300,12,Bon,1,3,Bien immobilier,0
GH003309,Western,45,F,Superieur,Artisanat,560,4100,24,Excellent,1,6,Aucune,0
GH003310,Eastern,56,M,Secondaire,Artisanat,700,1000,18,Excellent,1,5,Garant,0
GH003311,Volta,40,M,Superieur,Services,490,2500,18,Bon,0,3,Garant,0
GH003312,Western,50,M,Secondaire,Artisanat,200,600,18,Moyen,0,2,Bien immobilier,0
GH003313,Eastern,44,F,Secondaire,Commerce,820,4100,12,Moyen,0,3,Garant,0
GH003314,Greater Accra,42,F,Aucun,Transport,3020,1700,18,Bon,0,3,Garant,0
GH003315,Eastern,43,M,Aucun,Pêche,330,1300,36,Excellent,1,3,Garant,0
GH003316,Northern,57,F,Aucun,Transport,360,600,36,Excellent,0,1,Garant,0
GH003317,Eastern,47,F,Superieur,Transport,330,500,18,Excellent,0,6,Bien immobilier,0
GH003318,Greater Accra,40,M,Aucun,Commerce,1190,700,12,Excellent,1,5,Épargne,0
GH003319,Volta,62,M,Aucun,Commerce,950,4900,12,Mauvais,0,5,Bien immobilier,0
GH003320,Ashanti,37,F,Superieur,Restauration,590,1300,6,Excellent,0,2,Aucune,0
GH003321,Northern,55,F,Aucun,Restauration,320,1600,12,Excellent,1,5,Garant,0
GH003322,Greater Accra,54,M,Superieur,Agriculture,720,3300,12,Excellent,1,4,Bien immobilier,0
GH003323,Eastern,64,M,Secondaire,Artisanat,200,9200,6,Bon,1,6,Épargne,1
GH003324,Northern,28,M,Aucun,Artisanat,750,6000,12,Bon,1,0,Garant,0
GH003325,Central,57,F,Aucun,Restauration,1340,800,6,Excellent,0,2,Bien immobilier,0
GH003326,Eastern,49,F,Secondaire,Pêche,240,500,12,Excellent,0,2,Garant,0
GH003327,Greater Accra,63,M,Superieur,Agriculture,200,15100,6,Premier,0,5,Bien immobilier,0
GH003328,Eastern,53,M,Superieur,Transport,2350,13900,18,Premier,1,1,Épargne,0
GH003329,Volta,51,M,Primaire,Pêche,410,2100,12,Moyen,0,1,Garant,0
GH003330,Greater Accra,22,F,Primaire,Restauration,1650,600,18,Bon,1,7,Épargne,0
GH003331,Western,22,M,Primaire,Transport,590,4300,24,Bon,0,6,Épargne,0
GH003332,Ashanti,47,F,Secondaire,Pêche,580,1600,6,Moyen,1,3,Garant,0
GH003333,Ashanti,63,F,Primaire,Artisanat,940,1600,36,Bon,0,1,Épargne,0
GH003334,Northern,34,F,Aucun,Restauration,330,4000,18,Bon,1,4,Garant,0
GH003335,Greater Accra,60,F,Secondaire,Transport,740,2400,6,Moyen,1,4,Garant,0
GH003336,Ashanti,42,M,Primaire,Pêche,490,600,12,Bon,1,6,Bien immobilier,0
GH003337,Central,59,F,Aucun,Agriculture,230,1300,24,Bon,1,3,Bien immobilier,0
GH003338,Northern,30,F,Secondaire,Agriculture,870,3300,18,Bon,0,6,Garant,0
GH003339,Central,51,F,Secondaire,Commerce,540,2900,12,Moyen,1,1,Garant,0
GH003340,Ashanti,55,M,Primaire,Services,590,2300,24,Moyen,0,3,Garant,0
GH003341,Greater Accra,52,M,Secondaire,Transport,250,4200,18,Moyen,0,0,Épargne,0
GH003342,Northern,43,F,Secondaire,Restauration,2380,1300,18,Bon,1,1,Garant,0
GH003343,Central,58,F,Secondaire,Restauration,1340,2100,24,Moyen,1,1,Bien immobilier,0
GH003344,Volta,53,F,Superieur,Transport,1440,500,18,Premier,0,1,Aucune,0
GH003345,Ashanti,47,F,Secondaire,Restauration,520,1200,12,Moyen,1,7,Garant,0
GH003346,Eastern,56,F,Secondaire,Artisanat,200,3600,18,Bon,1,1,Garant,0
GH003347,Central,26,M,Secondaire,Artisanat,3170,1300,24,Moyen,1,4,Garant,0
GH003348,Western,23,F,Secondaire,Restauration,630,1200,12,Moyen,1,5,Épargne,0
GH003349,Northern,56,F,Primaire,Transport,370,700,12,Mauvais,1,3,Épargne,0
GH003350,Central,20,F,Primaire,Pêche,930,4500,12,Moyen,0,7,Épargne,0
GH003351,Northern,20,F,Secondaire,Artisanat,1690,3000,12,Moyen,0,4,Garant,0
GH003352,Ashanti,39,M,Primaire,Transport,650,3800,6,Moyen,0,3,Aucune,0
GH003353,Ashanti,38,M,Primaire,Restauration,1850,500,24,Excellent,1,0,Garant,0
GH003354,Northern,48,F,Secondaire,Artisanat,1580,1600,24,Bon,0,6,Épargne,0
GH003355,Ashanti,29,M,Aucun,Transport,280,1400,12,Excellent,0,1,Garant,0
GH003356,Greater Accra,37,F,Secondaire,Commerce,390,1400,18,Bon,1,2,Bien immobilier,0
GH003357,Northern,47,F,Primaire,Agriculture,1430,1000,18,Moyen,1,6,Épargne,0
GH003358,Greater Accra,54,M,Primaire,Services,200,1300,12,Bon,1,6,Épargne,0
GH003359,Northern,62,F,Primaire,Commerce,590,3900,12,Excellent,0,4,Aucune,0
GH003360,Eastern,50,M,Primaire,Restauration,210,500,12,Bon,0,5,Épargne,0
GH003361,Eastern,46,F,Primaire,Transport,450,9000,18,Excellent,0,2,Bien immobilier,0
GH003362,Central,30,M,Primaire,Agriculture,520,2800,12,Moyen,1,0,Bien immobilier,0
GH003363,Ashanti,57,F,Primaire,Pêche,500,1700,12,Moyen,0,7,Garant,0
GH003364,Eastern,24,F,Secondaire,Restauration,430,4100,6,Mauvais,0,2,Épargne,1
GH003365,Ashanti,27,F,Primaire,Pêche,280,500,24,Excellent,1,0,Aucune,0
GH003366,Central,53,F,Secondaire,Pêche,4160,1000,18,Excellent,0,4,Épargne,0
GH003367,Greater Accra,31,F,Secondaire,Artisanat,2960,1600,12,Premier,1,0,Épargne,0
GH003368,Eastern,57,F,Primaire,Artisanat,260,6200,24,Excellent,1,4,Garant,0
GH003369,Western,20,F,Primaire,Agriculture,2360,1700,12,Moyen,1,5,Épargne,1
GH003370,Western,50,F,Aucun,Agriculture,480,2700,18,Moyen,1,7,Garant,0
GH003371,Western,23,F,Superieur,Transport,740,1100,12,Bon,0,4,Garant,0
GH003372,Volta,64,M,Superieur,Artisanat,630,2800,12,Bon,0,2,Garant,1
GH003373,Western,24,F,Aucun,Services,390,8200,24,Excellent,0,3,Aucune,0
GH003374,Western,49,M,Secondaire,Agriculture,1460,4400,18,Premier,0,5,Garant,0
GH003375,Western,43,M,Superieur,Transport,740,1700,12,Bon,1,6,Garant,0
GH003376,Western,22,M,Secondaire,Commerce,450,3300,6,Excellent,1,3,Aucune,0
GH003377,Eastern,30,M,Primaire,Restauration,230,3000,12,Bon,1,3,Bien immobilier,1
GH003378,Western,64,F,Primaire,Commerce,330,2900,18,Excellent,0,1,Aucune,0
GH003379,Northern,23,M,Primaire,Restauration,200,4900,6,Moyen,1,6,Bien immobilier,0
GH003380,Northern,45,F,Secondaire,Transport,670,4900,18,Bon,1,2,Épargne,1
GH003381,Western,46,F,Secondaire,Artisanat,260,1600,24,Excellent,0,0,Garant,0
GH003382,Volta,62,F,Secondaire,Services,540,3200,12,Excellent,0,3,Épargne,0
GH003383,Central,46,F,Aucun,Commerce,1990,1300,24,Excellent,0,2,Épargne,0
GH003384,Eastern,61,M,Superieur,Services,1740,800,6,Excellent,0,1,Épargne,0
GH003385,Northern,25,F,Secondaire,Pêche,650,1400,18,Bon,0,2,Épargne,1
GH003386,Central,34,F,Aucun,Commerce,620,1700,18,Mauvais,1,0,Bien immobilier,0
GH003387,Ashanti,49,M,Aucun,Agriculture,2990,500,12,Excellent,1,3,Bien immobilier,0
GH003388,Western,61,M,Secondaire,Commerce,1010,3900,12,Excellent,1,0,Garant,0
GH003389,Greater Accra,56,M,Primaire,Artisanat,510,500,24,Bon,0,1,Garant,0
GH003390,Volta,56,M,Primaire,Artisanat,210,20800,6,Bon,1,6,Garant,0
GH003391,Volta,61,F,Aucun,Services,910,7000,18,Moyen,1,0,Épargne,0
GH003392,Volta,56,M,Superieur,Agriculture,1290,1400,12,Premier,0,5,Aucune,0
GH003393,Western,54,F,Secondaire,Restauration,400,1800,12,Bon,1,1,Épargne,0
GH003394,Western,42,F,Aucun,Agriculture,840,2400,12,Excellent,1,0,Bien immobilier,0
GH003395,Central,25,M,Superieur,Transport,500,1100,12,Excellent,1,1,Aucune,0
GH003396,Volta,23,F,Secondaire,Restauration,570,2200,12,Bon,0,2,Garant,0
GH003397,Volta,37,M,Primaire,Artisanat,200,1600,18,Moyen,0,2,Aucune,0
GH003398,Volta,28,M,Superieur,Services,560,1700,6,Moyen,0,2,Épargne,0
GH003399,Ashanti,48,F,Secondaire,Services,1440,2100,6,Excellent,1,5,Garant,0
GH003400,Central,32,M,Secondaire,Artisanat,400,600,12,Mauvais,1,5,Bien immobilier,0
GH003401,Eastern,36,M,Primaire,Transport,690,1900,12,Mauvais,0,2,Aucune,0
GH003402,Volta,64,M,Secondaire,Restauration,360,2100,12,Mauvais,1,6,Bien immobilier,0
GH003403,Ashanti,51,F,Primaire,Commerce,890,2000,18,Bon,0,7,Bien immobilier,1
GH003404,Northern,41,F,Primaire,Commerce,560,1500,12,Excellent,1,0,Bien immobilier,0
GH003405,Ashanti,23,F,Secondaire,Agriculture,310,5000,12,Excellent,1,6,Garant,0
GH003406,Ashanti,24,F,Superieur,Services,1930,1300,18,Bon,1,5,Épargne,0
GH003407,Central,56,M,Secondaire,Artisanat,1400,2200,36,Bon,0,4,Aucune,0
GH003408,Western,60,M,Aucun,Commerce,410,5800,12,Mauvais,0,1,Aucune,0
GH003409,Western,32,M,Aucun,Artisanat,990,1700,18,Bon,0,1,Garant,0
GH003410,Western,53,F,Superieur,Agriculture,1020,2200,12,Moyen,1,7,Garant,0
GH003411,Western,64,F,Primaire,Pêche,1110,1700,18,Moyen,1,6,Aucune,0
GH003412,Western,41,M,Primaire,Artisanat,200,5500,18,Bon,1,7,Aucune,0
GH003413,Eastern,42,M,Secondaire,Pêche,1490,1400,18,Bon,0,4,Aucune,0
GH003414,Greater Accra,22,M,Superieur,Services,420,5700,24,Moyen,1,1,Aucune,0
GH003415,Northern,61,F,Secondaire,Artisanat,500,1600,12,Moyen,0,1,Épargne,0
GH003416,Ashanti,53,F,Primaire,Restauration,5490,800,12,Premier,0,2,Épargne,0
GH003417,Greater Accra,51,M,Primaire,Transport,850,3300,6,Mauvais,0,1,Garant,1
GH003418,Eastern,64,M,Secondaire,Pêche,490,1400,18,Mauvais,0,1,Bien immobilier,0
GH003419,Volta,40,M,Superieur,Restauration,200,3200,24,Moyen,0,3,Épargne,0
GH003420,Volta,63,F,Superieur,Transport,2020,500,12,Excellent,0,6,Garant,0
GH003421,Western,40,F,Secondaire,Restauration,230,1800,12,Mauvais,1,6,Garant,0
GH003422,Volta,63,M,Secondaire,Agriculture,300,1200,18,Premier,0,6,Garant,0
GH003423,Eastern,30,M,Aucun,Agriculture,510,700,6,Bon,0,1,Aucune,0
GH003424,Northern,58,M,Primaire,Commerce,2070,1100,12,Bon,0,7,Garant,0
GH003425,Northern,23,F,Primaire,Pêche,1230,1100,12,Bon,0,4,Épargne,0
GH003426,Eastern,20,F,Superieur,Commerce,590,1700,12,Premier,1,1,Épargne,0
GH003427,Volta,47,F,Aucun,Services,850,500,12,Excellent,1,7,Épargne,0
GH003428,Greater Accra,43,F,Primaire,Pêche,410,2400,12,Moyen,0,4,Épargne,0
GH003429,Ashanti,54,M,Superieur,Agriculture,740,6200,12,Mauvais,1,5,Bien immobilier,0
GH003430,Central,32,F,Primaire,Agriculture,710,2300,24,Moyen,0,1,Épargne,0
GH003431,Central,53,M,Primaire,Transport,1440,3700,6,Bon,0,4,Garant,0
GH003432,Northern,30,M,Secondaire,Transport,1440,4800,18,Premier,1,1,Garant,0
GH003433,Ashanti,55,F,Secondaire,Agriculture,990,5500,18,Excellent,1,5,Garant,0
GH003434,Western,36,F,Primaire,Services,500,9700,24,Excellent,0,1,Aucune,0
GH003435,Eastern,54,F,Superieur,Pêche,1200,1200,18,Bon,0,7,Épargne,0
GH003436,Volta,37,F,Primaire,Services,620,900,18,Excellent,1,3,Garant,0
GH003437,Western,59,F,Superieur,Services,280,3700,18,Bon,1,5,Bien immobilier,0
GH003438,Northern,41,M,Secondaire,Agriculture,480,3400,12,Excellent,1,3,Aucune,0
GH003439,Eastern,43,F,Primaire,Commerce,710,3600,18,Moyen,1,1,Épargne,0
GH003440,Central,38,F,Secondaire,Restauration,1380,9900,12,Bon,1,7,Bien immobilier,0
GH003441,Northern,56,F,Aucun,Transport,570,1800,12,Moyen,1,3,Épargne,0
GH003442,Northern,58,F,Aucun,Services,250,2700,6,Bon,1,7,Garant,0
GH003443,Ashanti,40,F,Superieur,Pêche,700,700,12,Excellent,1,0,Bien immobilier,0
GH003444,Greater Accra,27,F,Aucun,Restauration,730,12400,12,Excellent,1,5,Aucune,0
GH003445,Northern,47,M,Aucun,Commerce,770,1300,18,Excellent,1,0,Épargne,0
GH003446,Greater Accra,24,F,Primaire,Artisanat,1390,1400,24,Excellent,0,7,Épargne,0
GH003447,Ashanti,36,F,Aucun,Transport,1500,1300,12,Excellent,1,7,Épargne,0
GH003448,Northern,56,M,Superieur,Agriculture,410,1000,6,Bon,1,5,Épargne,0
GH003449,Volta,55,F,Superieur,Transport,410,900,36,Bon,0,2,Garant,0
GH003450,Northern,38,M,Primaire,Transport,290,1100,18,Bon,0,5,Garant,0
GH003451,Central,46,M,Primaire,Transport,1160,500,24,Excellent,0,2,Épargne,0
GH003452,Eastern,53,F,Secondaire,Commerce,2120,900,6,Mauvais,1,7,Épargne,0
GH003453,Volta,30,F,Primaire,Artisanat,520,10400,24,Excellent,1,0,Épargne,0
GH003454,Greater Accra,64,M,Primaire,Pêche,550,3500,24,Bon,0,5,Épargne,0
GH003455,Central,31,F,Aucun,Commerce,2150,4200,12,Bon,0,6,Épargne,0
GH003456,Volta,40,F,Primaire,Pêche,1000,5200,12,Moyen,1,6,Garant,1
GH003457,Northern,30,F,Secondaire,Restauration,940,9400,12,Bon,1,2,Bien immobilier,0
GH003458,Ashanti,58,F,Superieur,Restauration,260,500,12,Bon,0,1,Garant,0
GH003459,Western,47,F,Secondaire,Pêche,1140,600,36,Moyen,1,1,Garant,0
GH003460,Central,24,F,Secondaire,Services,320,900,12,Bon,1,2,Épargne,0
GH003461,Central,36,F,Primaire,Restauration,270,1200,18,Excellent,1,0,Épargne,0
GH003462,Western,39,M,Superieur,Restauration,500,1400,24,Bon,1,6,Aucune,0
GH003463,Northern,60,M,Superieur,Agriculture,420,1200,12,Premier,0,4,Bien immobilier,0
GH003464,Central,31,M,Superieur,Pêche,560,2200,18,Bon,1,5,Garant,1
GH003465,Greater Accra,25,F,Aucun,Pêche,210,1900,6,Bon,1,1,Garant,0
GH003466,Northern,36,M,Secondaire,Artisanat,1430,900,12,Excellent,1,5,Garant,0
GH003467,Greater Accra,38,M,Secondaire,Transport,1640,500,36,Mauvais,0,3,Garant,0
GH003468,Greater Accra,45,F,Primaire,Agriculture,200,700,12,Excellent,1,4,Épargne,0
GH003469,Central,63,F,Superieur,Commerce,1460,1100,12,Excellent,1,3,Bien immobilier,0
GH003470,Northern,63,F,Primaire,Agriculture,350,1400,18,Bon,1,1,Aucune,0
GH003471,Central,51,M,Primaire,Commerce,1320,700,18,Bon,1,2,Garant,0
GH003472,Central,25,M,Primaire,Pêche,630,1200,18,Premier,0,6,Garant,1
GH003473,Northern,55,M,Primaire,Agriculture,680,700,24,Excellent,0,3,Épargne,0
GH003474,Northern,57,M,Superieur,Services,570,1600,6,Bon,0,6,Épargne,0
GH003475,Northern,30,M,Primaire,Artisanat,1750,700,18,Excellent,0,5,Garant,0
GH003476,Volta,52,M,Primaire,Transport,250,800,24,Moyen,1,7,Bien immobilier,0
GH003477,Northern,43,M,Secondaire,Restauration,1080,600,6,Bon,0,6,Aucune,0
GH003478,Ashanti,42,F,Aucun,Commerce,1610,1600,18,Moyen,0,7,Bien immobilier,0
GH003479,Northern,34,M,Secondaire,Restauration,1180,800,12,Bon,1,0,Garant,0
GH003480,Western,46,M,Secondaire,Transport,4270,4100,6,Bon,1,3,Épargne,0
GH003481,Northern,30,F,Primaire,Pêche,440,2600,12,Bon,1,0,Garant,0
GH003482,Central,36,F,Superieur,Pêche,1430,1700,18,Bon,1,4,Bien immobilier,0
GH003483,Western,33,F,Secondaire,Pêche,610,900,24,Bon,0,4,Garant,0
GH003484,Volta,46,F,Secondaire,Restauration,1780,2500,18,Bon,0,2,Aucune,0
GH003485,Eastern,37,F,Superieur,Transport,660,3400,24,Mauvais,0,0,Épargne,0
GH003486,Greater Accra,47,F,Secondaire,Services,490,2100,6,Bon,0,6,Bien immobilier,0
GH003487,Ashanti,23,F,Primaire,Pêche,1890,7700,12,Premier,0,5,Bien immobilier,0
GH003488,Western,26,F,Aucun,Pêche,450,2700,36,Excellent,0,2,Garant,0
GH003489,Volta,64,M,Secondaire,Restauration,210,4100,24,Excellent,0,3,Bien immobilier,0
GH003490,Greater Accra,54,F,Superieur,Pêche,440,2000,12,Bon,0,6,Bien immobilier,0
GH003491,Ashanti,28,F,Primaire,Transport,1090,3300,18,Excellent,0,2,Épargne,0
GH003492,Northern,27,F,Primaire,Commerce,2030,900,12,Bon,1,6,Épargne,0
GH003493,Volta,64,F,Secondaire,Agriculture,730,1200,12,Excellent,1,5,Épargne,0
GH003494,Greater Accra,36,F,Secondaire,Commerce,1910,2500,24,Mauvais,0,6,Épargne,0
GH003495,Volta,36,F,Aucun,Services,220,2500,18,Bon,0,7,Épargne,0
GH003496,Central,52,F,Superieur,Pêche,470,2900,12,Bon,1,3,Épargne,0
GH003497,Central,51,M,Superieur,Transport,530,4900,12,Moyen,0,4,Garant,0
GH003498,Northern,27,M,Secondaire,Transport,610,500,12,Excellent,1,2,Épargne,1
GH003499,Greater Accra,38,F,Aucun,Pêche,710,800,18,Mauvais,0,5,Bien immobilier,0
GH003500,Northern,57,F,Secondaire,Services,1160,2200,12,Bon,0,4,Garant,0
GH003501,Northern,22,M,Aucun,Services,470,900,36,Excellent,1,3,Garant,0
GH003502,Ashanti,24,F,Secondaire,Pêche,740,37800,24,Mauvais,0,0,Épargne,0
GH003503,Greater Accra,32,F,Aucun,Pêche,640,2900,12,Bon,0,1,Garant,0
GH003504,Eastern,50,M,Secondaire,Restauration,320,1700,18,Moyen,1,7,Aucune,1
GH003505,Northern,35,F,Primaire,Transport,610,1100,12,Mauvais,1,7,Aucune,0
GH003506,Ashanti,51,F,Secondaire,Agriculture,590,1200,12,Mauvais,1,6,Garant,0
GH003507,Ashanti,41,F,Secondaire,Restauration,580,1900,12,Mauvais,1,3,Bien immobilier,0
GH003508,Greater Accra,48,F,Superieur,Restauration,680,2000,36,Bon,1,3,Épargne,0
GH003509,Western,41,M,Primaire,Transport,710,1200,12,Moyen,0,7,Bien immobilier,0
GH003510,Volta,62,F,Aucun,Services,470,1400,18,Excellent,0,6,Épargne,0
GH003511,Northern,22,F,Primaire,Pêche,1840,6100,12,Mauvais,0,6,Aucune,0
GH003512,Northern,29,F,Aucun,Commerce,260,6300,12,Bon,0,7,Épargne,0
GH003513,Greater Accra,61,M,Primaire,Transport,370,2300,18,Bon,1,1,Garant,0
GH003514,Western,40,F,Secondaire,Commerce,6150,500,24,Mauvais,0,1,Bien immobilier,0
GH003515,Ashanti,35,F,Secondaire,Artisanat,290,2900,6,Mauvais,0,4,Bien immobilier,0
GH003516,Volta,31,M,Aucun,Transport,230,7300,12,Premier,0,3,Aucune,0
GH003517,Central,21,M,Primaire,Agriculture,1200,6200,12,Bon,0,3,Épargne,0
GH003518,Northern,60,M,Secondaire,Transport,200,3500,12,Excellent,0,6,Épargne,0
GH003519,Central,43,F,Primaire,Artisanat,550,6500,18,Premier,0,2,Garant,0
GH003520,Volta,54,F,Superieur,Restauration,3700,1900,6,Bon,1,1,Garant,0
GH003521,Northern,49,F,Primaire,Artisanat,200,3200,18,Mauvais,1,5,Épargne,0
GH003522,Volta,49,M,Primaire,Services,200,1000,18,Moyen,1,0,Garant,0
GH003523,Greater Accra,54,F,Primaire,Artisanat,200,2400,12,Mauvais,1,3,Épargne,0
GH003524,Northern,38,F,Aucun,Transport,1360,6000,12,Moyen,1,2,Épargne,0
GH003525,Western,27,M,Superieur,Artisanat,1640,1100,12,Mauvais,0,0,Bien immobilier,0
GH003526,Northern,45,F,Primaire,Agriculture,440,800,12,Excellent,1,4,Garant,0
GH003527,Greater Accra,59,F,Secondaire,Transport,1150,2000,18,Premier,0,5,Bien immobilier,0
GH003528,Volta,26,M,Primaire,Commerce,2020,1500,12,Excellent,0,7,Garant,0
GH003529,Eastern,49,M,Secondaire,Commerce,2780,3200,18,Excellent,1,7,Garant,0
GH003530,Greater Accra,26,F,Superieur,Artisanat,550,1200,12,Bon,0,2,Aucune,0
GH003531,Greater Accra,22,M,Secondaire,Transport,200,8500,6,Moyen,0,7,Garant,0
GH003532,Greater Accra,20,M,Aucun,Agriculture,340,600,12,Moyen,0,0,Bien immobilier,1
GH003533,Greater Accra,55,F,Secondaire,Commerce,470,5600,18,Bon,0,3,Épargne,0
GH003534,Western,44,F,Primaire,Pêche,540,900,12,Moyen,1,7,Garant,0
GH003535,Northern,56,F,Primaire,Transport,570,500,18,Mauvais,0,2,Épargne,0
GH003536,Western,20,M,Secondaire,Services,1630,2200,12,Moyen,1,1,Garant,0
GH003537,Western,34,F,Superieur,Transport,1840,1400,6,Bon,0,0,Bien immobilier,0
GH003538,Eastern,56,F,Aucun,Services,580,700,12,Moyen,0,6,Garant,0
GH003539,Eastern,32,F,Secondaire,Commerce,1600,500,12,Mauvais,0,6,Aucune,1
GH003540,Northern,59,M,Primaire,Commerce,890,1800,18,Premier,1,3,Épargne,1
GH003541,Northern,27,F,Primaire,Agriculture,700,4400,12,Excellent,1,2,Garant,1
GH003542,Volta,24,F,Superieur,Agriculture,1370,3100,6,Excellent,0,5,Bien immobilier,0
GH003543,Greater Accra,28,F,Secondaire,Commerce,700,1900,18,Excellent,1,0,Épargne,0
GH003544,Western,20,F,Aucun,Pêche,3450,2800,12,Bon,1,4,Épargne,0
GH003545,Eastern,55,M,Secondaire,Pêche,210,1800,12,Bon,0,6,Épargne,0
GH003546,Central,54,F,Secondaire,Services,440,500,24,Bon,0,4,Garant,0
GH003547,Greater Accra,21,F,Secondaire,Artisanat,600,500,12,Moyen,1,1,Garant,0
GH003548,Volta,59,F,Primaire,Artisanat,950,1500,24,Bon,0,2,Bien immobilier,0
GH003549,Ashanti,42,M,Primaire,Commerce,1830,1600,12,Excellent,0,2,Bien immobilier,0
GH003550,Western,28,F,Superieur,Commerce,650,3900,12,Bon,0,1,Bien immobilier,0
GH003551,Greater Accra,53,F,Secondaire,Commerce,210,3600,24,Excellent,0,2,Aucune,0
GH003552,Northern,33,F,Secondaire,Transport,1310,3100,18,Mauvais,0,4,Garant,0
GH003553,Greater Accra,23,F,Secondaire,Pêche,1220,1400,6,Bon,1,4,Aucune,0
GH003554,Ashanti,49,M,Aucun,Restauration,200,500,18,Moyen,1,1,Garant,0
GH003555,Northern,50,F,Secondaire,Artisanat,660,2600,12,Bon,1,7,Bien immobilier,0
GH003556,Central,57,F,Primaire,Artisanat,200,2900,12,Moyen,1,7,Garant,0
GH003557,Eastern,30,F,Aucun,Restauration,390,500,18,Bon,0,3,Garant,0
GH003558,Eastern,54,M,Primaire,Commerce,320,900,12,Excellent,0,1,Épargne,1
GH003559,Ashanti,27,M,Secondaire,Artisanat,1270,1000,6,Moyen,1,7,Épargne,0
GH003560,Volta,22,F,Primaire,Pêche,730,2000,12,Excellent,0,4,Garant,0
GH003561,Ashanti,33,M,Primaire,Restauration,240,900,6,Bon,1,6,Garant,0
GH003562,Volta,32,F,Primaire,Pêche,1340,1700,12,Moyen,0,7,Bien immobilier,1
GH003563,Volta,64,M,Aucun,Transport,210,1500,12,Bon,0,1,Garant,0
GH003564,Eastern,51,F,Primaire,Commerce,870,1600,18,Moyen,0,4,Garant,0
GH003565,Central,53,F,Secondaire,Artisanat,350,900,12,Bon,1,7,Garant,0
GH003566,Central,64,M,Aucun,Services,500,1000,12,Excellent,1,3,Garant,0
GH003567,Greater Accra,38,F,Aucun,Pêche,1000,700,24,Excellent,1,4,Bien immobilier,0
GH003568,Ashanti,57,M,Secondaire,Restauration,1010,2500,18,Bon,1,5,Aucune,0
GH003569,Ashanti,35,M,Secondaire,Services,1940,3000,12,Bon,0,2,Épargne,0
GH003570,Ashanti,21,F,Secondaire,Commerce,620,900,36,Bon,0,0,Épargne,0
GH003571,Northern,59,F,Primaire,Artisanat,850,7100,24,Moyen,0,6,Garant,0
GH003572,Eastern,36,M,Secondaire,Artisanat,470,1400,6,Mauvais,0,3,Épargne,0
GH003573,Eastern,53,M,Primaire,Services,770,7200,18,Moyen,1,0,Garant,0
GH003574,Eastern,61,F,Secondaire,Commerce,950,1000,18,Bon,1,3,Épargne,0
GH003575,Central,35,M,Aucun,Commerce,610,500,12,Bon,1,3,Garant,0
GH003576,Eastern,57,M,Primaire,Commerce,200,2600,12,Bon,1,7,Épargne,0
GH003577,Greater Accra,21,F,Secondaire,Transport,870,2300,18,Bon,1,3,Garant,0
GH003578,Northern,21,M,Primaire,Pêche,890,1900,12,Moyen,1,7,Bien immobilier,0
GH003579,Eastern,45,M,Aucun,Agriculture,390,1000,24,Mauvais,0,5,Aucune,0
GH003580,Northern,32,M,Secondaire,Transport,240,1800,6,Bon,1,3,Épargne,0
GH003581,Northern,50,M,Secondaire,Artisanat,2170,1100,24,Excellent,1,4,Épargne,0
GH003582,Central,53,M,Secondaire,Services,990,1400,24,Premier,1,2,Bien immobilier,0
GH003583,Ashanti,58,M,Secondaire,Pêche,550,3900,18,Bon,0,4,Aucune,1
GH003584,Northern,22,F,Secondaire,Restauration,270,2100,12,Premier,0,4,Garant,0
GH003585,Greater Accra,27,F,Primaire,Artisanat,340,3100,18,Mauvais,0,5,Épargne,0
GH003586,Central,42,M,Superieur,Transport,1890,1500,12,Bon,0,7,Aucune,0
GH003587,Western,33,F,Secondaire,Agriculture,740,1300,18,Excellent,0,6,Aucune,0
GH003588,Northern,46,F,Secondaire,Restauration,430,600,12,Premier,0,2,Garant,0
GH003589,Volta,48,F,Primaire,Artisanat,1000,1300,24,Moyen,0,7,Épargne,0
GH003590,Northern,58,M,Superieur,Services,350,500,6,Excellent,0,6,Épargne,0
GH003591,Ashanti,58,F,Aucun,Agriculture,2210,1100,18,Bon,1,5,Épargne,0
GH003592,Eastern,20,M,Secondaire,Commerce,1960,1700,24,Moyen,0,3,Épargne,0
GH003593,Central,36,F,Primaire,Agriculture,460,3000,18,Excellent,0,2,Aucune,0
GH003594,Western,60,M,Secondaire,Artisanat,400,1400,12,Excellent,0,0,Épargne,0
GH003595,Central,49,M,Primaire,Agriculture,200,2500,12,Bon,0,2,Garant,0
GH003596,Eastern,32,F,Secondaire,Transport,200,500,12,Excellent,1,4,Aucune,0
GH003597,Central,40,F,Aucun,Artisanat,230,1700,12,Excellent,0,3,Garant,0
GH003598,Western,38,F,Primaire,Artisanat,740,500,6,Excellent,1,4,Garant,0
GH003599,Central,38,M,Secondaire,Services,510,600,6,Excellent,0,0,Garant,0
GH003600,Greater Accra,44,F,Primaire,Agriculture,230,1500,18,Excellent,0,5,Garant,0
GH003601,Greater Accra,41,F,Aucun,Agriculture,530,5700,6,Premier,1,5,Bien immobilier,0
GH003602,Eastern,50,F,Primaire,Transport,1000,2500,24,Bon,1,3,Garant,0
GH003603,Volta,36,F,Superieur,Restauration,1010,1800,12,Bon,0,1,Garant,0
GH003604,Volta,42,F,Aucun,Restauration,200,1800,18,Bon,1,7,Épargne,0
GH003605,Western,51,M,Aucun,Pêche,600,1000,6,Excellent,1,5,Garant,0
GH003606,Western,29,M,Secondaire,Artisanat,220,1100,24,Mauvais,0,4,Épargne,0
GH003607,Western,29,M,Primaire,Restauration,1370,2700,6,Bon,1,7,Aucune,0
GH003608,Western,55,F,Primaire,Services,1250,500,6,Bon,1,4,Garant,0
GH003609,Western,27,F,Secondaire,Pêche,320,3100,6,Premier,0,2,Garant,0
GH003610,Volta,39,F,Primaire,Transport,360,1300,6,Moyen,1,7,Garant,0
GH003611,Ashanti,51,M,Secondaire,Artisanat,460,3800,12,Bon,0,7,Épargne,0
GH003612,Central,33,F,Secondaire,Transport,200,4300,18,Premier,0,3,Garant,0
GH003613,Northern,47,M,Superieur,Services,870,500,12,Mauvais,0,5,Garant,1
GH003614,Western,43,F,Superieur,Pêche,530,1100,18,Premier,1,6,Bien immobilier,0
GH003615,Volta,34,M,Primaire,Restauration,1450,800,18,Excellent,1,5,Épargne,0
GH003616,Northern,41,F,Secondaire,Pêche,280,500,24,Premier,0,5,Garant,0
GH003617,Greater Accra,49,F,Secondaire,Agriculture,410,700,6,Bon,0,6,Garant,0
GH003618,Volta,23,M,Primaire,Transport,200,16300,6,Moyen,0,7,Garant,1
GH003619,Northern,32,M,Primaire,Pêche,300,3100,6,Excellent,0,5,Épargne,0
GH003620,Volta,42,F,Superieur,Transport,260,10200,12,Excellent,1,6,Garant,1
GH003621,Northern,27,M,Primaire,Commerce,1480,3800,12,Excellent,1,4,Garant,1
GH003622,Volta,37,F,Aucun,Commerce,380,900,12,Bon,0,7,Épargne,0
GH003623,Central,31,F,Secondaire,Pêche,730,1300,12,Excellent,0,0,Bien immobilier,0
GH003624,Northern,50,M,Secondaire,Commerce,490,3100,18,Excellent,0,3,Bien immobilier,0
GH003625,Eastern,33,F,Primaire,Pêche,240,2700,12,Premier,0,3,Garant,1
GH003626,Volta,53,F,Aucun,Transport,580,1100,12,Moyen,1,6,Garant,0
GH003627,Eastern,37,F,Primaire,Services,1070,500,6,Bon,0,2,Bien immobilier,0
GH003628,Volta,53,F,Superieur,Services,250,34900,18,Moyen,0,4,Épargne,0
GH003629,Western,30,M,Superieur,Pêche,1270,1600,18,Moyen,1,4,Garant,0
GH003630,Ashanti,60,F,Primaire,Pêche,340,1300,18,Excellent,1,1,Bien immobilier,0
GH003631,Volta,31,F,Secondaire,Commerce,450,2000,24,Moyen,0,1,Épargne,0
GH003632,Ashanti,34,F,Primaire,Artisanat,1020,1500,18,Moyen,0,3,Garant,0
GH003633,Central,50,M,Secondaire,Pêche,390,2000,12,Excellent,1,4,Garant,0
GH003634,Ashanti,48,M,Primaire,Pêche,690,5800,12,Bon,0,5,Garant,0
GH003635,Northern,45,M,Secondaire,Agriculture,520,1600,24,Bon,1,6,Garant,0
GH003636,Eastern,37,F,Primaire,Agriculture,740,600,18,Moyen,1,2,Garant,0
GH003637,Western,51,F,Aucun,Restauration,200,1600,18,Excellent,0,4,Garant,0
GH003638,Greater Accra,41,F,Aucun,Commerce,200,1200,18,Moyen,0,2,Garant,0
GH003639,Northern,57,M,Primaire,Artisanat,1090,6500,12,Bon,0,1,Garant,0
GH003640,Eastern,36,M,Superieur,Services,1520,5200,24,Moyen,1,5,Garant,0
GH003641,Eastern,42,M,Superieur,Pêche,320,2000,6,Premier,1,0,Aucune,0
GH003642,Central,43,F,Secondaire,Services,550,600,12,Mauvais,1,5,Bien immobilier,0
GH003643,Northern,27,F,Primaire,Pêche,840,600,12,Moyen,0,4,Bien immobilier,0
GH003644,Volta,60,M,Primaire,Commerce,1160,1800,18,Excellent,0,5,Garant,0
GH003645,Ashanti,25,F,Primaire,Restauration,200,2400,12,Moyen,0,5,Garant,1
GH003646,Greater Accra,24,M,Primaire,Restauration,330,1300,12,Moyen,1,1,Garant,0
GH003647,Greater Accra,63,F,Aucun,Agriculture,510,1200,18,Moyen,1,0,Aucune,1
GH003648,Volta,48,F,Secondaire,Services,1170,1100,12,Mauvais,0,0,Épargne,0
GH003649,Ashanti,47,M,Aucun,Commerce,4910,1800,12,Bon,0,1,Aucune,0
GH003650,Volta,30,M,Secondaire,Restauration,550,500,18,Moyen,1,1,Épargne,0
GH003651,Western,20,M,Secondaire,Restauration,220,700,18,Bon,0,1,Aucune,0
GH003652,Ashanti,62,M,Primaire,Services,920,1000,12,Bon,1,2,Garant,0
GH003653,Western,38,F,Secondaire,Artisanat,1910,5400,18,Bon,0,7,Bien immobilier,1
GH003654,Greater Accra,28,F,Primaire,Agriculture,730,900,12,Bon,0,3,Garant,1
GH003655,Northern,46,F,Primaire,Agriculture,320,2100,6,Moyen,0,6,Épargne,0
GH003656,Central,53,F,Primaire,Agriculture,1430,2200,12,Moyen,0,3,Épargne,0
GH003657,Eastern,63,M,Secondaire,Transport,1130,5800,6,Moyen,0,3,Bien immobilier,0
GH003658,Northern,23,M,Primaire,Restauration,290,5600,18,Premier,0,7,Bien immobilier,0
GH003659,Greater Accra,55,F,Secondaire,Pêche,900,1700,12,Moyen,0,5,Garant,0
GH003660,Greater Accra,37,F,Primaire,Transport,1480,1200,6,Premier,0,2,Épargne,1
GH003661,Greater Accra,34,F,Primaire,Restauration,1710,1000,12,Moyen,0,1,Aucune,0
GH003662,Eastern,32,F,Primaire,Restauration,630,1500,24,Bon,0,3,Épargne,0
GH003663,Western,38,M,Secondaire,Services,500,1200,12,Bon,0,2,Garant,0
GH003664,Central,25,M,Secondaire,Commerce,1780,3000,36,Moyen,1,2,Aucune,0
GH003665,Northern,31,F,Secondaire,Services,250,2600,36,Moyen,0,1,Bien immobilier,0
GH003666,Northern,56,F,Primaire,Agriculture,940,3100,18,Moyen,0,0,Bien immobilier,0
GH003667,Central,36,F,Aucun,Agriculture,220,5600,24,Moyen,0,2,Épargne,0
GH003668,Central,42,F,Secondaire,Services,1560,9700,12,Mauvais,1,4,Aucune,0
GH003669,Western,45,M,Aucun,Artisanat,540,2000,12,Excellent,0,7,Garant,0
GH003670,Northern,48,M,Primaire,Agriculture,1840,4900,36,Bon,0,2,Épargne,0
GH003671,Ashanti,52,F,Primaire,Restauration,990,1300,12,Moyen,1,0,Bien immobilier,0
GH003672,Ashanti,46,F,Secondaire,Commerce,250,5300,6,Bon,0,0,Garant,0
GH003673,Central,44,M,Secondaire,Artisanat,2080,4700,12,Premier,1,5,Garant,0
GH003674,Greater Accra,29,F,Primaire,Restauration,2300,4500,18,Moyen,1,4,Bien immobilier,0
GH003675,Greater Accra,42,F,Secondaire,Restauration,1350,2000,12,Bon,1,3,Garant,0
GH003676,Eastern,40,M,Secondaire,Transport,360,1000,12,Bon,1,7,Aucune,0
GH003677,Ashanti,40,M,Primaire,Artisanat,520,500,24,Moyen,0,2,Bien immobilier,0
GH003678,Greater Accra,62,M,Primaire,Transport,750,1700,12,Excellent,1,1,Épargne,0
GH003679,Volta,32,M,Secondaire,Restauration,380,7200,18,Bon,0,5,Garant,0
GH003680,Central,56,F,Secondaire,Restauration,2580,1400,12,Bon,0,1,Garant,0
GH003681,Eastern,52,M,Aucun,Transport,750,3700,12,Mauvais,0,7,Aucune,0
GH003682,Ashanti,43,M,Secondaire,Commerce,200,3900,6,Moyen,0,4,Aucune,0
GH003683,Eastern,63,M,Primaire,Commerce,870,1400,12,Bon,0,7,Bien immobilier,0
GH003684,Greater Accra,30,M,Secondaire,Transport,500,5900,18,Mauvais,0,7,Garant,1
GH003685,Central,36,F,Primaire,Commerce,630,500,18,Premier,0,0,Garant,0
GH003686,Volta,23,M,Primaire,Agriculture,500,600,12,Bon,0,3,Bien immobilier,0
GH003687,Central,44,F,Secondaire,Artisanat,1270,800,24,Excellent,1,2,Bien immobilier,0
GH003688,Central,49,M,Primaire,Commerce,1630,900,6,Moyen,0,6,Garant,0
GH003689,Greater Accra,28,F,Primaire,Restauration,830,2400,6,Bon,0,2,Épargne,0
GH003690,Volta,40,F,Secondaire,Agriculture,510,2300,24,Bon,1,6,Garant,0
GH003691,Volta,39,M,Secondaire,Artisanat,640,2600,12,Excellent,1,2,Épargne,0
GH003692,Western,38,F,Secondaire,Commerce,680,3100,18,Bon,0,1,Garant,0
GH003693,Northern,38,M,Primaire,Commerce,350,800,6,Bon,1,3,Épargne,0
GH003694,Northern,31,M,Secondaire,Artisanat,1060,600,6,Moyen,0,4,Aucune,1
GH003695,Central,56,M,Primaire,Commerce,960,2600,18,Excellent,0,1,Épargne,0
GH003696,Northern,61,M,Aucun,Transport,2280,1000,12,Moyen,1,0,Aucune,1
GH003697,Western,36,M,Primaire,Artisanat,1820,500,6,Moyen,0,3,Épargne,0
GH003698,Central,56,M,Aucun,Artisanat,380,4300,12,Excellent,1,5,Garant,0
GH003699,Western,58,M,Primaire,Restauration,1280,6300,12,Moyen,0,0,Épargne,0
GH003700,Ashanti,47,F,Primaire,Services,310,7300,24,Excellent,1,2,Garant,0
GH003701,Northern,60,M,Superieur,Artisanat,1160,2100,24,Moyen,1,5,Garant,0
GH003702,Volta,54,M,Superieur,Services,440,3200,18,Bon,0,6,Garant,0
GH003703,Ashanti,37,F,Secondaire,Pêche,290,6200,12,Bon,1,1,Garant,0
GH003704,Central,33,F,Secondaire,Commerce,830,1000,12,Bon,1,3,Épargne,0
GH003705,Volta,54,M,Secondaire,Services,200,4900,18,Excellent,1,5,Garant,0
GH003706,Eastern,63,M,Primaire,Restauration,200,2300,6,Excellent,0,7,Aucune,0
GH003707,Eastern,60,F,Secondaire,Services,580,4100,12,Mauvais,0,1,Garant,0
GH003708,Greater Accra,26,M,Primaire,Agriculture,710,2100,24,Moyen,1,3,Aucune,0
GH003709,Ashanti,60,F,Primaire,Services,490,5800,12,Premier,0,2,Épargne,0
GH003710,Ashanti,32,M,Aucun,Services,200,2200,18,Mauvais,0,3,Garant,0
GH003711,Eastern,37,M,Secondaire,Pêche,350,500,6,Mauvais,0,2,Garant,0
GH003712,Central,56,F,Aucun,Artisanat,910,6700,18,Bon,1,1,Garant,0
GH003713,Volta,32,F,Secondaire,Agriculture,1060,800,6,Excellent,0,1,Garant,0
GH003714,Volta,55,F,Superieur,Services,660,5600,24,Premier,1,5,Épargne,0
GH003715,Volta,50,M,Primaire,Agriculture,1680,1700,6,Excellent,0,1,Garant,0
GH003716,Greater Accra,21,M,Primaire,Agriculture,910,5200,24,Bon,0,2,Aucune,0
GH003717,Ashanti,35,F,Secondaire,Agriculture,370,5000,12,Mauvais,1,0,Épargne,0
GH003718,Greater Accra,28,M,Primaire,Restauration,530,2700,18,Bon,0,0,Aucune,1
GH003719,Ashanti,28,F,Superieur,Restauration,220,2900,24,Excellent,1,3,Bien immobilier,0
GH003720,Western,57,F,Superieur,Agriculture,610,2600,6,Bon,0,1,Bien immobilier,0
GH003721,Volta,30,M,Aucun,Pêche,1620,500,12,Premier,0,5,Épargne,0
GH003722,Western,41,M,Aucun,Commerce,1150,2000,24,Premier,1,0,Garant,0
GH003723,Greater Accra,52,F,Superieur,Transport,2040,700,12,Moyen,0,4,Épargne,0
GH003724,Volta,55,F,Superieur,Commerce,520,2100,18,Mauvais,0,1,Garant,0
GH003725,Volta,64,F,Primaire,Restauration,1950,600,6,Excellent,0,5,Garant,0
GH003726,Eastern,42,M,Aucun,Pêche,570,600,18,Bon,1,4,Épargne,0
GH003727,Eastern,64,F,Secondaire,Pêche,2160,7700,6,Bon,1,6,Épargne,0
GH003728,Ashanti,64,M,Primaire,Artisanat,650,4700,18,Excellent,1,5,Bien immobilier,0
GH003729,Northern,53,M,Superieur,Restauration,1170,1800,12,Bon,0,0,Garant,0
GH003730,Western,28,F,Secondaire,Pêche,2160,2100,12,Excellent,0,2,Épargne,0
GH003731,Western,43,F,Secondaire,Pêche,570,1400,12,Bon,0,4,Épargne,0
GH003732,Greater Accra,27,M,Primaire,Commerce,790,3000,18,Excellent,0,5,Aucune,0
GH003733,Volta,26,F,Secondaire,Pêche,1870,1000,12,Bon,0,7,Garant,1
GH003734,Northern,55,F,Primaire,Pêche,600,4400,12,Mauvais,1,4,Garant,0
GH003735,Greater Accra,37,M,Aucun,Services,230,1400,18,Excellent,1,7,Garant,0
GH003736,Eastern,22,F,Secondaire,Agriculture,3690,1200,12,Excellent,1,7,Bien immobilier,0
GH003737,Eastern,47,F,Primaire,Services,460,1800,24,Excellent,0,1,Garant,0
GH003738,Northern,25,F,Secondaire,Commerce,760,1100,18,Mauvais,0,6,Aucune,0
GH003739,Northern,63,F,Superieur,Commerce,1680,2400,18,Bon,0,3,Aucune,0
GH003740,Eastern,63,F,Primaire,Agriculture,410,1100,6,Bon,1,2,Bien immobilier,0
GH003741,Central,40,F,Primaire,Commerce,300,2800,18,Excellent,1,1,Bien immobilier,0
GH003742,Volta,47,M,Primaire,Artisanat,810,5400,6,Bon,1,5,Aucune,0
GH003743,Western,59,M,Primaire,Transport,200,900,24,Bon,1,1,Bien immobilier,0
GH003744,Western,20,F,Secondaire,Artisanat,530,1600,12,Bon,1,6,Garant,0
GH003745,Greater Accra,55,F,Secondaire,Restauration,810,2700,6,Bon,0,0,Bien immobilier,0
GH003746,Western,40,M,Superieur,Transport,540,1200,12,Mauvais,0,3,Garant,0
GH003747,Greater Accra,62,M,Secondaire,Commerce,200,2700,36,Excellent,1,5,Bien immobilier,0
GH003748,Northern,54,F,Primaire,Commerce,2380,3000,18,Moyen,1,3,Garant,0
GH003749,Northern,32,M,Primaire,Artisanat,720,4800,12,Excellent,1,2,Bien immobilier,0
GH003750,Central,29,F,Primaire,Restauration,2090,1000,36,Bon,0,2,Bien immobilier,1
GH003751,Volta,63,M,Primaire,Services,540,800,6,Excellent,0,3,Garant,1
GH003752,Northern,29,F,Primaire,Restauration,330,1400,18,Premier,0,4,Bien immobilier,0
GH003753,Volta,32,M,Primaire,Artisanat,820,800,18,Excellent,0,5,Bien immobilier,0
GH003754,Eastern,56,F,Superieur,Artisanat,560,3000,24,Bon,1,4,Bien immobilier,0
GH003755,Central,57,F,Aucun,Transport,260,600,12,Excellent,0,7,Bien immobilier,1
GH003756,Eastern,43,F,Secondaire,Agriculture,2160,14800,12,Bon,1,1,Aucune,0
GH003757,Eastern,21,M,Aucun,Restauration,400,5800,18,Bon,0,5,Épargne,0
GH003758,Greater Accra,41,M,Primaire,Restauration,200,1800,12,Excellent,0,3,Aucune,1
GH003759,Volta,36,M,Primaire,Agriculture,1920,3900,6,Mauvais,0,1,Épargne,0
GH003760,Eastern,55,F,Primaire,Artisanat,440,500,18,Moyen,0,4,Bien immobilier,0
GH003761,Volta,33,F,Primaire,Services,410,17500,18,Bon,1,6,Garant,0
GH003762,Central,29,M,Secondaire,Agriculture,200,1100,12,Moyen,0,6,Bien immobilier,0
GH003763,Ashanti,54,F,Secondaire,Agriculture,2680,1600,12,Bon,0,7,Garant,0
GH003764,Northern,44,F,Secondaire,Pêche,240,500,12,Moyen,1,6,Bien immobilier,0
GH003765,Greater Accra,22,F,Secondaire,Restauration,700,2800,18,Moyen,0,2,Garant,0
GH003766,Volta,57,M,Superieur,Artisanat,1380,700,18,Excellent,0,7,Aucune,0
GH003767,Northern,36,F,Secondaire,Pêche,930,2000,24,Mauvais,0,7,Aucune,0
GH003768,Eastern,31,F,Aucun,Transport,630,1100,18,Excellent,1,5,Garant,1
GH003769,Eastern,43,F,Superieur,Pêche,200,700,18,Excellent,1,3,Garant,0
GH003770,Western,48,M,Superieur,Services,350,900,12,Moyen,1,0,Bien immobilier,0
GH003771,Volta,62,F,Secondaire,Pêche,770,2200,6,Excellent,1,7,Garant,0
GH003772,Greater Accra,44,M,Secondaire,Artisanat,350,600,18,Excellent,0,1,Aucune,0
GH003773,Greater Accra,55,M,Primaire,Agriculture,780,900,6,Bon,0,5,Épargne,1
GH003774,Central,45,F,Secondaire,Artisanat,1150,3300,36,Mauvais,1,3,Garant,0
GH003775,Ashanti,57,F,Superieur,Restauration,1440,18800,24,Excellent,1,0,Garant,0
GH003776,Central,20,F,Secondaire,Transport,250,2800,12,Bon,1,1,Garant,1
GH003777,Central,39,M,Secondaire,Services,3860,800,12,Bon,0,4,Garant,0
GH003778,Central,47,F,Primaire,Transport,1230,1300,12,Bon,0,1,Épargne,0
GH003779,Ashanti,35,F,Primaire,Transport,660,1900,18,Moyen,0,2,Garant,0
GH003780,Central,36,F,Secondaire,Services,1590,1300,18,Bon,0,5,Bien immobilier,0
GH003781,Northern,59,M,Aucun,Restauration,4410,4100,6,Moyen,0,1,Garant,0
GH003782,Greater Accra,47,F,Secondaire,Agriculture,210,2200,24,Moyen,1,1,Bien immobilier,0
GH003783,Ashanti,31,M,Secondaire,Artisanat,560,4100,18,Bon,0,5,Aucune,1
GH003784,Eastern,46,F,Primaire,Agriculture,200,1400,6,Bon,0,5,Garant,0
GH003785,Western,61,F,Aucun,Agriculture,780,6000,12,Moyen,1,3,Garant,0
GH003786,Western,49,M,Secondaire,Artisanat,890,1600,12,Bon,0,3,Bien immobilier,1
GH003787,Volta,60,M,Aucun,Restauration,640,800,12,Mauvais,0,4,Garant,0
GH003788,Northern,53,F,Primaire,Artisanat,390,12800,12,Premier,1,2,Aucune,0
GH003789,Greater Accra,56,F,Secondaire,Transport,200,500,6,Moyen,1,7,Garant,0
GH003790,Western,25,M,Secondaire,Restauration,900,900,24,Premier,0,2,Aucune,0
GH003791,Northern,26,F,Superieur,Commerce,2130,1000,6,Bon,1,4,Bien immobilier,0
GH003792,Northern,51,F,Secondaire,Commerce,410,17300,12,Excellent,0,0,Garant,1
GH003793,Western,51,F,Primaire,Commerce,950,9200,12,Bon,1,1,Garant,0
GH003794,Western,44,M,Secondaire,Transport,200,6900,18,Excellent,0,3,Bien immobilier,0
GH003795,Northern,52,F,Secondaire,Services,960,1300,18,Bon,0,5,Garant,0
GH003796,Northern,26,F,Secondaire,Services,490,16100,24,Bon,0,5,Garant,0
GH003797,Eastern,31,F,Primaire,Pêche,360,2500,18,Bon,1,4,Bien immobilier,0
GH003798,Western,35,F,Primaire,Restauration,360,4400,18,Bon,1,5,Garant,0
GH003799,Central,35,F,Primaire,Restauration,490,2100,12,Bon,1,4,Bien immobilier,0
GH003800,Northern,62,M,Primaire,Artisanat,900,1700,18,Bon,0,3,Garant,0
GH003801,Greater Accra,55,M,Primaire,Restauration,230,1400,6,Excellent,1,3,Garant,0
GH003802,Greater Accra,32,M,Superieur,Artisanat,480,1500,18,Moyen,0,5,Bien immobilier,0
GH003803,Volta,26,M,Primaire,Pêche,640,3100,6,Bon,0,0,Garant,0
GH003804,Northern,55,F,Primaire,Artisanat,280,2500,24,Mauvais,0,7,Épargne,0
GH003805,Greater Accra,28,F,Primaire,Commerce,2800,1800,12,Mauvais,0,2,Garant,1
GH003806,Eastern,51,M,Secondaire,Artisanat,340,7000,12,Moyen,0,3,Épargne,0
GH003807,Volta,30,M,Superieur,Artisanat,390,500,18,Bon,1,4,Épargne,0
GH003808,Eastern,27,M,Secondaire,Artisanat,300,2900,18,Moyen,0,1,Épargne,0
GH003809,Northern,52,F,Secondaire,Restauration,2800,3400,12,Excellent,0,0,Aucune,0
GH003810,Volta,42,F,Superieur,Agriculture,1040,5100,12,Moyen,1,1,Bien immobilier,0
GH003811,Western,44,M,Superieur,Agriculture,310,1700,12,Bon,0,7,Bien immobilier,0
GH003812,Central,27,F,Primaire,Transport,1610,2200,6,Moyen,0,5,Bien immobilier,0
GH003813,Western,64,M,Primaire,Agriculture,780,4400,12,Moyen,0,1,Bien immobilier,0
GH003814,Greater Accra,41,M,Primaire,Transport,820,6900,6,Bon,0,5,Bien immobilier,0
GH003815,Volta,23,M,Primaire,Restauration,500,1400,24,Moyen,1,5,Bien immobilier,0
GH003816,Central,59,F,Secondaire,Commerce,370,2300,18,Excellent,1,2,Bien immobilier,0
GH003817,Greater Accra,22,M,Primaire,Agriculture,870,8200,12,Bon,0,6,Épargne,0
GH003818,Central,48,M,Secondaire,Agriculture,430,500,6,Bon,0,1,Bien immobilier,0
GH003819,Northern,60,M,Primaire,Services,2850,1000,12,Bon,0,4,Bien immobilier,0
GH003820,Ashanti,48,M,Primaire,Services,240,6800,12,Bon,0,4,Garant,0
GH003821,Eastern,53,F,Primaire,Pêche,2270,4800,18,Bon,0,3,Garant,0
GH003822,Volta,53,M,Secondaire,Services,610,2900,12,Bon,0,2,Garant,0
GH003823,Eastern,47,F,Secondaire,Transport,840,1200,24,Moyen,1,3,Garant,1
GH003824,Volta,32,M,Superieur,Transport,1300,800,6,Bon,0,7,Épargne,0
GH003825,Northern,34,M,Secondaire,Pêche,400,1100,12,Excellent,0,6,Garant,0
GH003826,Greater Accra,42,M,Primaire,Commerce,1330,7300,24,Excellent,0,1,Aucune,0
GH003827,Greater Accra,63,M,Primaire,Artisanat,200,1000,6,Bon,0,4,Garant,0
GH003828,Ashanti,45,M,Secondaire,Artisanat,370,2000,12,Mauvais,0,3,Bien immobilier,0
GH003829,Western,23,M,Secondaire,Pêche,320,900,12,Excellent,1,4,Garant,0
GH003830,Volta,45,F,Primaire,Pêche,240,3900,12,Bon,0,5,Garant,0
GH003831,Central,59,F,Primaire,Commerce,560,1100,12,Mauvais,0,3,Épargne,0
GH003832,Northern,28,F,Secondaire,Commerce,910,1700,24,Excellent,0,0,Garant,1
GH003833,Ashanti,24,M,Primaire,Restauration,1170,500,24,Bon,0,2,Garant,1
GH003834,Northern,51,F,Superieur,Artisanat,810,500,24,Premier,0,3,Bien immobilier,0
GH003835,Ashanti,39,M,Secondaire,Restauration,390,1800,12,Excellent,0,1,Épargne,0
GH003836,Greater Accra,30,F,Primaire,Agriculture,890,500,36,Moyen,0,7,Garant,0
GH003837,Greater Accra,34,F,Primaire,Transport,730,12000,18,Bon,0,7,Garant,0
GH003838,Western,51,F,Secondaire,Transport,1410,500,12,Excellent,1,4,Bien immobilier,0
GH003839,Volta,47,M,Secondaire,Commerce,1240,900,6,Excellent,0,4,Garant,0
GH003840,Volta,41,M,Secondaire,Artisanat,680,1800,18,Bon,1,2,Aucune,0
GH003841,Northern,60,M,Secondaire,Artisanat,320,1300,18,Moyen,1,5,Aucune,0
GH003842,Northern,36,M,Secondaire,Restauration,390,700,6,Excellent,1,2,Épargne,0
GH003843,Western,45,M,Primaire,Pêche,430,800,12,Moyen,0,0,Garant,0
GH003844,Greater Accra,63,M,Superieur,Pêche,520,700,36,Bon,1,5,Garant,0
GH003845,Eastern,26,M,Primaire,Commerce,820,1400,12,Bon,0,6,Garant,0
GH003846,Western,61,M,Aucun,Services,1180,10500,12,Moyen,0,7,Garant,0
GH003847,Ashanti,45,M,Primaire,Transport,640,1900,24,Excellent,1,6,Bien immobilier,0
GH003848,Greater Accra,44,F,Aucun,Pêche,670,5200,6,Bon,0,5,Garant,1
GH003849,Northern,29,M,Primaire,Agriculture,750,2900,24,Bon,0,3,Garant,0
GH003850,Northern,64,M,Secondaire,Artisanat,440,4900,18,Bon,1,0,Épargne,0
GH003851,Central,38,F,Aucun,Pêche,320,500,12,Bon,0,3,Bien immobilier,0
GH003852,Central,30,F,Superieur,Commerce,200,1400,6,Moyen,1,5,Garant,1
GH003853,Eastern,32,M,Secondaire,Agriculture,380,5900,6,Moyen,0,3,Épargne,0
GH003854,Northern,27,F,Primaire,Transport,970,1100,12,Moyen,1,2,Garant,0
GH003855,Greater Accra,59,M,Primaire,Transport,380,8800,18,Mauvais,1,2,Épargne,0
GH003856,Northern,23,M,Primaire,Restauration,550,6900,12,Premier,1,3,Épargne,0
GH003857,Northern,50,F,Primaire,Restauration,970,1200,18,Bon,1,5,Aucune,0
GH003858,Ashanti,47,M,Aucun,Agriculture,1010,1100,18,Bon,0,5,Garant,0
GH003859,Eastern,30,F,Aucun,Commerce,280,700,18,Moyen,0,5,Bien immobilier,0
GH003860,Ashanti,62,M,Primaire,Services,1480,1000,36,Excellent,1,5,Garant,0
GH003861,Volta,20,M,Aucun,Restauration,1640,600,18,Bon,1,2,Garant,0
GH003862,Central,57,F,Aucun,Artisanat,270,2700,24,Bon,0,5,Épargne,1
GH003863,Ashanti,43,M,Superieur,Transport,340,500,12,Premier,1,5,Aucune,0
GH003864,Central,50,F,Primaire,Transport,1720,3100,18,Premier,0,3,Épargne,0
GH003865,Volta,60,M,Secondaire,Artisanat,590,3200,18,Moyen,0,7,Aucune,0
GH003866,Western,45,F,Primaire,Transport,200,500,24,Bon,0,2,Épargne,0
GH003867,Volta,24,M,Aucun,Transport,220,7300,12,Bon,1,6,Garant,0
GH003868,Central,39,F,Secondaire,Transport,540,2900,12,Bon,1,6,Garant,0
GH003869,Northern,60,F,Aucun,Commerce,260,3600,12,Mauvais,1,1,Aucune,1
GH003870,Volta,30,M,Aucun,Commerce,480,900,12,Moyen,1,3,Épargne,0
GH003871,Central,52,M,Secondaire,Services,680,3200,12,Moyen,0,7,Bien immobilier,0
GH003872,Volta,57,F,Aucun,Artisanat,2140,5000,12,Excellent,0,5,Garant,0
GH003873,Northern,46,F,Primaire,Commerce,530,1700,24,Bon,1,4,Bien immobilier,0
GH003874,Eastern,53,F,Primaire,Agriculture,1570,11000,12,Bon,0,1,Aucune,0
GH003875,Northern,34,F,Primaire,Commerce,2090,1900,12,Excellent,1,0,Bien immobilier,0
GH003876,Volta,51,F,Aucun,Transport,2100,5000,24,Bon,0,5,Garant,0
GH003877,Northern,40,M,Superieur,Artisanat,840,2400,12,Excellent,0,2,Garant,0
GH003878,Northern,24,F,Secondaire,Services,200,3100,36,Premier,1,0,Épargne,0
GH003879,Eastern,25,F,Secondaire,Pêche,960,500,12,Moyen,1,4,Garant,0
GH003880,Greater Accra,57,F,Secondaire,Services,1540,2500,12,Moyen,0,2,Garant,1
GH003881,Volta,41,M,Secondaire,Commerce,620,900,6,Excellent,0,0,Épargne,0
GH003882,Greater Accra,37,F,Secondaire,Restauration,2690,800,36,Bon,1,7,Épargne,0
GH003883,Volta,33,F,Secondaire,Agriculture,1320,8700,24,Excellent,1,1,Bien immobilier,0
GH003884,Central,29,F,Primaire,Services,1050,1500,24,Bon,1,0,Garant,0
GH003885,Western,32,F,Primaire,Agriculture,1590,700,12,Mauvais,0,2,Épargne,0
GH003886,Greater Accra,50,F,Secondaire,Agriculture,870,1300,36,Excellent,0,1,Épargne,0
GH003887,Central,49,F,Superieur,Restauration,200,600,24,Excellent,0,4,Aucune,0
GH003888,Eastern,22,M,Aucun,Restauration,450,6600,12,Excellent,0,5,Épargne,0
GH003889,Greater Accra,49,M,Secondaire,Agriculture,1730,1000,18,Moyen,0,0,Aucune,0
GH003890,Greater Accra,25,F,Secondaire,Agriculture,350,2900,36,Mauvais,0,3,Aucune,1
GH003891,Northern,48,F,Aucun,Agriculture,560,6100,12,Moyen,1,2,Garant,0
GH003892,Volta,27,M,Superieur,Commerce,290,1200,6,Bon,0,3,Bien immobilier,0
GH003893,Northern,63,F,Secondaire,Transport,2770,2900,24,Excellent,1,3,Aucune,0
GH003894,Central,64,M,Secondaire,Restauration,2550,700,12,Moyen,1,0,Épargne,0
GH003895,Northern,62,M,Primaire,Artisanat,330,16300,36,Excellent,0,3,Épargne,0
GH003896,Central,63,F,Primaire,Services,750,4200,18,Bon,0,6,Aucune,0
GH003897,Ashanti,52,F,Aucun,Transport,390,1500,6,Bon,0,5,Épargne,0
GH003898,Volta,36,F,Primaire,Commerce,1090,900,12,Bon,1,1,Garant,0
GH003899,Ashanti,30,F,Primaire,Artisanat,1000,1600,18,Bon,1,5,Épargne,0
GH003900,Western,32,M,Secondaire,Commerce,1270,1300,6,Moyen,0,4,Épargne,0
GH003901,Volta,30,M,Secondaire,Commerce,870,10500,12,Excellent,1,6,Garant,0
GH003902,Greater Accra,50,F,Primaire,Artisanat,6960,600,12,Mauvais,0,4,Aucune,0
GH003903,Ashanti,47,F,Aucun,Agriculture,290,2000,18,Mauvais,0,3,Épargne,0
GH003904,Central,63,M,Secondaire,Transport,200,1800,36,Bon,1,2,Épargne,1
GH003905,Northern,25,F,Primaire,Artisanat,490,1600,18,Excellent,1,3,Bien immobilier,0
GH003906,Northern,60,F,Superieur,Pêche,200,1600,18,Bon,0,2,Épargne,1
GH003907,Greater Accra,35,F,Secondaire,Restauration,200,1600,12,Mauvais,0,5,Épargne,0
GH003908,Volta,23,F,Secondaire,Pêche,300,4000,18,Bon,0,6,Bien immobilier,1
GH003909,Ashanti,54,M,Aucun,Transport,320,3100,12,Mauvais,0,4,Garant,0
GH003910,Western,45,M,Secondaire,Commerce,310,2600,18,Moyen,1,1,Bien immobilier,0
GH003911,Western,31,F,Primaire,Artisanat,1010,500,24,Premier,1,2,Garant,0
GH003912,Western,30,F,Secondaire,Agriculture,440,2400,18,Mauvais,0,4,Bien immobilier,0
GH003913,Western,56,M,Primaire,Transport,580,500,36,Excellent,1,0,Aucune,0
GH003914,Northern,44,F,Secondaire,Agriculture,1360,3200,24,Bon,1,3,Épargne,0
GH003915,Northern,37,F,Aucun,Services,360,6800,6,Excellent,0,5,Bien immobilier,0
GH003916,Northern,38,M,Primaire,Services,540,800,12,Excellent,0,6,Garant,0
GH003917,Volta,42,F,Aucun,Pêche,890,1400,24,Moyen,0,2,Épargne,0
GH003918,Central,57,M,Aucun,Services,200,1100,24,Premier,1,1,Garant,0
GH003919,Western,37,M,Secondaire,Pêche,200,5500,12,Premier,1,7,Épargne,0
GH003920,Eastern,45,F,Superieur,Commerce,880,2000,18,Bon,0,3,Garant,0
GH003921,Northern,25,M,Secondaire,Restauration,990,8600,12,Excellent,1,5,Épargne,0
GH003922,Western,23,M,Primaire,Commerce,3470,2600,6,Bon,0,5,Garant,0
GH003923,Ashanti,63,F,Aucun,Transport,750,2200,24,Excellent,1,5,Épargne,0
GH003924,Volta,48,F,Aucun,Agriculture,1280,1900,24,Bon,0,4,Épargne,0
GH003925,Greater Accra,53,F,Primaire,Transport,570,3800,12,Mauvais,0,5,Garant,0
GH003926,Northern,36,M,Superieur,Services,840,500,6,Mauvais,1,7,Épargne,0
GH003927,Northern,62,M,Primaire,Artisanat,2520,2000,24,Mauvais,0,6,Garant,0
GH003928,Ashanti,62,F,Secondaire,Pêche,200,1700,12,Bon,1,6,Garant,0
GH003929,Greater Accra,35,M,Secondaire,Agriculture,930,3500,6,Bon,1,7,Garant,0
GH003930,Central,21,F,Secondaire,Services,3670,1500,12,Moyen,1,6,Épargne,0
GH003931,Northern,53,M,Superieur,Commerce,830,700,12,Excellent,1,7,Bien immobilier,0
GH003932,Greater Accra,27,F,Primaire,Restauration,2490,1800,18,Mauvais,0,4,Garant,0
GH003933,Eastern,32,M,Primaire,Artisanat,400,700,12,Excellent,1,6,Aucune,0
GH003934,Northern,61,M,Superieur,Restauration,650,500,6,Moyen,1,4,Garant,0
GH003935,Western,27,F,Secondaire,Commerce,680,3500,24,Moyen,0,2,Garant,0
GH003936,Volta,49,F,Primaire,Commerce,200,3000,36,Bon,0,5,Garant,0
GH003937,Ashanti,51,F,Primaire,Agriculture,260,2800,6,Moyen,1,0,Garant,0
GH003938,Greater Accra,55,F,Secondaire,Services,280,5800,12,Excellent,0,0,Aucune,0
GH003939,Ashanti,49,F,Aucun,Artisanat,1280,1000,18,Bon,1,4,Bien immobilier,0
GH003940,Western,20,M,Superieur,Transport,1340,500,12,Moyen,0,3,Bien immobilier,1
GH003941,Central,62,M,Aucun,Commerce,860,1700,12,Moyen,0,6,Aucune,1
GH003942,Volta,58,M,Secondaire,Agriculture,1290,1300,12,Premier,1,1,Épargne,0
GH003943,Western,36,F,Secondaire,Commerce,580,800,24,Excellent,0,3,Garant,0
GH003944,Central,39,F,Secondaire,Agriculture,1740,1700,36,Bon,1,2,Garant,0
GH003945,Ashanti,43,F,Primaire,Restauration,670,1000,24,Mauvais,0,0,Garant,0
GH003946,Central,41,F,Superieur,Agriculture,700,500,18,Bon,1,7,Garant,0
GH003947,Northern,48,F,Secondaire,Transport,540,1200,18,Mauvais,1,1,Épargne,0
GH003948,Central,41,F,Secondaire,Restauration,1150,700,12,Bon,0,4,Garant,1
GH003949,Central,63,F,Aucun,Pêche,470,2200,12,Moyen,0,7,Garant,0
GH003950,Northern,28,M,Aucun,Commerce,1450,1000,18,Mauvais,0,4,Aucune,0
GH003951,Central,56,M,Aucun,Pêche,270,4900,18,Mauvais,0,2,Bien immobilier,0
GH003952,Northern,29,F,Aucun,Artisanat,280,7700,6,Mauvais,1,2,Épargne,1
GH003953,Northern,55,F,Secondaire,Pêche,1150,3300,12,Excellent,0,5,Épargne,0
GH003954,Volta,56,M,Primaire,Services,620,500,36,Bon,1,6,Garant,0
GH003955,Central,47,F,Secondaire,Agriculture,460,7000,12,Excellent,0,2,Épargne,0
GH003956,Northern,47,F,Primaire,Agriculture,1360,7500,12,Excellent,0,2,Épargne,0
GH003957,Greater Accra,61,F,Primaire,Artisanat,410,1800,12,Bon,0,4,Bien immobilier,0
GH003958,Central,62,F,Superieur,Artisanat,570,5900,12,Premier,0,4,Garant,0
GH003959,Central,40,F,Superieur,Commerce,2040,1100,6,Bon,0,2,Épargne,0
GH003960,Western,43,M,Superieur,Services,2280,500,12,Mauvais,0,4,Épargne,0
GH003961,Western,61,M,Secondaire,Agriculture,2340,900,18,Premier,1,2,Garant,0
GH003962,Volta,59,F,Secondaire,Services,530,8600,12,Excellent,1,1,Bien immobilier,0
GH003963,Volta,21,F,Superieur,Services,1780,500,18,Excellent,0,7,Épargne,0
GH003964,Volta,27,M,Secondaire,Artisanat,310,1800,6,Bon,1,7,Garant,1
GH003965,Western,46,F,Superieur,Services,320,1900,6,Moyen,1,2,Garant,0
GH003966,Central,41,M,Aucun,Transport,200,1100,24,Excellent,1,5,Garant,1
GH003967,Western,56,F,Superieur,Services,2540,1200,18,Moyen,0,2,Épargne,0
GH003968,Greater Accra,46,F,Secondaire,Pêche,330,1900,18,Excellent,1,7,Épargne,0
GH003969,Ashanti,48,M,Aucun,Services,600,1100,6,Excellent,0,1,Garant,0
GH003970,Western,22,M,Primaire,Agriculture,320,500,12,Bon,0,0,Bien immobilier,0
GH003971,Northern,63,F,Superieur,Services,1160,2200,24,Bon,0,7,Garant,0
GH003972,Western,32,M,Secondaire,Transport,490,4800,6,Mauvais,1,3,Aucune,1
GH003973,Greater Accra,64,M,Superieur,Services,230,4000,24,Premier,0,2,Épargne,0
GH003974,Northern,29,F,Aucun,Artisanat,950,900,18,Mauvais,0,1,Bien immobilier,0
GH003975,Northern,55,M,Primaire,Services,210,600,18,Excellent,1,1,Garant,0
GH003976,Northern,28,F,Primaire,Commerce,340,1400,18,Moyen,1,4,Épargne,0
GH003977,Northern,46,M,Secondaire,Services,200,7400,12,Bon,0,5,Aucune,0
GH003978,Eastern,53,F,Secondaire,Transport,210,3200,12,Excellent,1,2,Épargne,1
GH003979,Eastern,20,M,Secondaire,Restauration,770,3400,18,Bon,1,5,Épargne,0
GH003980,Northern,51,F,Aucun,Services,200,4000,24,Bon,0,1,Aucune,1
GH003981,Northern,44,F,Aucun,Agriculture,200,2600,6,Bon,0,5,Épargne,0
GH003982,Northern,48,M,Aucun,Services,660,2000,12,Excellent,0,0,Aucune,0
GH003983,Greater Accra,26,F,Superieur,Agriculture,430,3300,12,Premier,1,0,Épargne,0
GH003984,Western,22,M,Primaire,Services,3270,1100,18,Moyen,1,3,Aucune,0
GH003985,Ashanti,39,F,Primaire,Agriculture,2880,500,6,Bon,0,7,Épargne,0
GH003986,Volta,39,F,Primaire,Agriculture,330,3500,24,Premier,0,4,Épargne,0
GH003987,Northern,49,F,Secondaire,Restauration,1040,5500,12,Premier,1,5,Épargne,0
GH003988,Volta,54,F,Aucun,Restauration,1210,700,24,Mauvais,1,4,Épargne,0
GH003989,Western,54,M,Aucun,Transport,410,3800,24,Moyen,0,4,Épargne,0
GH003990,Greater Accra,58,M,Secondaire,Transport,200,8200,12,Bon,0,2,Épargne,0
GH003991,Volta,46,M,Superieur,Commerce,660,1800,6,Bon,1,5,Garant,0
GH003992,Greater Accra,45,F,Secondaire,Agriculture,580,900,24,Bon,0,0,Garant,1
GH003993,Northern,33,F,Primaire,Artisanat,470,2000,12,Premier,1,6,Garant,0
GH003994,Volta,36,M,Secondaire,Services,950,1100,6,Moyen,1,7,Garant,0
GH003995,Central,37,M,Superieur,Pêche,360,1000,24,Bon,1,2,Bien immobilier,0
GH003996,Greater Accra,64,M,Secondaire,Agriculture,260,2700,12,Moyen,0,1,Épargne,0
GH003997,Central,48,M,Primaire,Transport,730,500,12,Bon,1,3,Bien immobilier,0
GH003998,Volta,39,M,Primaire,Restauration,910,500,12,Mauvais,0,7,Bien immobilier,0
GH003999,Volta,46,F,Superieur,Commerce,260,1800,24,Excellent,1,5,Garant,0
GH004000,Greater Accra,37,F,Secondaire,Agriculture,1400,1800,6,Moyen,0,3,Garant,0
GH004001,Central,23,F,Secondaire,Services,200,2500,12,Bon,0,7,Garant,0
GH004002,Central,20,F,Primaire,Commerce,420,9800,12,Excellent,0,2,Aucune,0
GH004003,Northern,20,F,Secondaire,Artisanat,540,2000,24,Moyen,1,7,Garant,0
GH004004,Northern,45,F,Primaire,Artisanat,400,3100,18,Bon,1,5,Aucune,0
GH004005,Volta,64,F,Primaire,Artisanat,420,800,12,Moyen,1,3,Épargne,0
GH004006,Western,39,M,Superieur,Artisanat,2970,3600,18,Excellent,0,2,Aucune,0
GH004007,Central,42,M,Primaire,Pêche,340,1100,12,Premier,0,4,Bien immobilier,0
GH004008,Eastern,29,F,Primaire,Commerce,4690,1900,18,Mauvais,0,7,Bien immobilier,0
GH004009,Greater Accra,30,F,Superieur,Agriculture,940,1600,36,Bon,0,1,Garant,0
GH004010,Northern,60,F,Primaire,Pêche,720,4600,12,Moyen,1,4,Bien immobilier,0
GH004011,Ashanti,60,F,Secondaire,Agriculture,970,600,36,Excellent,0,3,Bien immobilier,0
GH004012,Volta,24,M,Secondaire,Restauration,5030,500,18,Moyen,0,1,Bien immobilier,0
GH004013,Greater Accra,20,F,Superieur,Services,300,1500,6,Excellent,1,6,Garant,0
GH004014,Western,36,F,Secondaire,Transport,270,2800,18,Bon,1,0,Aucune,0
GH004015,Western,41,F,Secondaire,Pêche,360,2100,12,Premier,1,2,Épargne,0
GH004016,Central,53,F,Primaire,Transport,680,5500,12,Excellent,1,6,Aucune,0
GH004017,Western,64,F,Primaire,Pêche,200,2700,18,Bon,0,6,Garant,1
GH004018,Northern,60,M,Superieur,Transport,680,1100,24,Excellent,1,1,Épargne,0
GH004019,Western,48,M,Aucun,Services,2580,500,12,Moyen,0,5,Garant,0
GH004020,Greater Accra,23,F,Secondaire,Transport,750,1500,24,Bon,0,2,Aucune,0
GH004021,Volta,24,F,Primaire,Restauration,530,4600,24,Bon,0,6,Garant,0
GH004022,Eastern,30,M,Primaire,Transport,410,1300,6,Bon,0,1,Épargne,0
GH004023,Eastern,40,F,Primaire,Pêche,1360,1900,24,Excellent,0,3,Épargne,0
GH004024,Volta,54,F,Aucun,Transport,340,2600,12,Premier,0,4,Garant,0
GH004025,Volta,31,M,Superieur,Commerce,2910,700,6,Premier,1,5,Garant,0
GH004026,Central,45,M,Superieur,Services,3120,3200,36,Mauvais,1,3,Bien immobilier,0
GH004027,Volta,38,M,Secondaire,Transport,820,7900,12,Excellent,1,5,Épargne,1
GH004028,Western,64,M,Secondaire,Artisanat,660,1500,18,Excellent,1,5,Garant,0
GH004029,Western,26,M,Secondaire,Services,1520,700,18,Moyen,1,0,Bien immobilier,0
GH004030,Eastern,26,M,Secondaire,Services,1600,1700,12,Premier,0,5,Garant,0
GH004031,Volta,45,M,Secondaire,Transport,350,500,18,Moyen,0,3,Garant,0
GH004032,Central,59,F,Primaire,Agriculture,440,2400,6,Bon,0,1,Épargne,0
GH004033,Western,24,F,Primaire,Restauration,230,2700,12,Mauvais,1,0,Épargne,0
GH004034,Central,40,F,Secondaire,Artisanat,920,8200,24,Excellent,1,1,Aucune,0
GH004035,Northern,33,F,Superieur,Pêche,1130,1500,36,Mauvais,0,6,Garant,1
GH004036,Greater Accra,23,F,Secondaire,Commerce,230,2600,12,Premier,0,4,Garant,0
GH004037,Northern,42,F,Superieur,Transport,460,800,12,Premier,0,5,Garant,0
GH004038,Western,61,F,Secondaire,Transport,230,1300,12,Excellent,0,2,Épargne,0
GH004039,Western,39,M,Secondaire,Pêche,320,500,24,Bon,1,6,Garant,0
GH004040,Western,34,F,Superieur,Restauration,1030,1500,6,Bon,0,4,Garant,0
GH004041,Eastern,64,F,Primaire,Pêche,370,1400,6,Excellent,1,4,Bien immobilier,0
GH004042,Eastern,48,M,Primaire,Commerce,520,2400,24,Bon,1,5,Bien immobilier,1
GH004043,Western,27,M,Secondaire,Services,200,1000,12,Moyen,0,7,Épargne,0
GH004044,Western,60,F,Aucun,Transport,770,1900,6,Bon,1,4,Épargne,0
GH004045,Greater Accra,38,M,Primaire,Services,640,1300,6,Bon,1,1,Aucune,0
GH004046,Greater Accra,58,M,Secondaire,Pêche,370,1300,24,Excellent,1,6,Bien immobilier,0
GH004047,Central,47,F,Primaire,Services,570,1900,12,Premier,1,2,Épargne,0
GH004048,Volta,46,F,Superieur,Pêche,770,1900,12,Mauvais,0,1,Garant,0
GH004049,Central,23,F,Superieur,Transport,350,3600,24,Moyen,1,0,Garant,0
GH004050,Eastern,34,F,Secondaire,Pêche,200,1600,24,Excellent,0,5,Garant,0
GH004051,Ashanti,54,F,Secondaire,Transport,2820,1300,6,Moyen,1,1,Garant,0
GH004052,Greater Accra,56,M,Secondaire,Pêche,400,1500,18,Excellent,0,4,Bien immobilier,0
GH004053,Central,20,F,Primaire,Services,620,1000,12,Moyen,1,3,Aucune,1
GH004054,Volta,22,F,Primaire,Commerce,1490,1300,12,Moyen,0,7,Bien immobilier,0
GH004055,Volta,43,F,Secondaire,Agriculture,11200,11200,12,Mauvais,0,3,Bien immobilier,0
GH004056,Greater Accra,46,M,Secondaire,Artisanat,250,800,12,Bon,1,1,Épargne,0
GH004057,Greater Accra,59,F,Primaire,Restauration,950,1400,18,Excellent,1,4,Garant,0
GH004058,Northern,55,F,Secondaire,Services,380,1300,12,Premier,1,7,Épargne,0
GH004059,Ashanti,53,F,Secondaire,Agriculture,430,1400,12,Premier,0,4,Bien immobilier,0
GH004060,Greater Accra,48,F,Primaire,Commerce,370,1300,6,Bon,1,3,Bien immobilier,0
GH004061,Northern,43,M,Secondaire,Restauration,270,2300,36,Excellent,1,2,Épargne,0
GH004062,Volta,43,F,Primaire,Restauration,640,500,12,Bon,0,2,Bien immobilier,0
GH004063,Ashanti,61,F,Primaire,Transport,200,4600,18,Bon,1,4,Épargne,0
GH004064,Volta,23,F,Secondaire,Transport,1420,3200,6,Mauvais,0,7,Bien immobilier,0
GH004065,Northern,22,F,Superieur,Services,700,600,18,Moyen,1,0,Épargne,0
GH004066,Volta,53,M,Primaire,Pêche,930,500,6,Excellent,0,0,Épargne,0
GH004067,Northern,42,M,Superieur,Artisanat,460,800,12,Moyen,1,0,Garant,0
GH004068,Ashanti,42,F,Primaire,Transport,500,1500,18,Excellent,1,5,Épargne,0
GH004069,Greater Accra,64,M,Aucun,Artisanat,840,18400,12,Excellent,1,7,Épargne,1
GH004070,Greater Accra,24,M,Aucun,Commerce,260,2900,12,Bon,1,7,Garant,0
GH004071,Central,50,M,Primaire,Transport,500,500,6,Excellent,1,0,Aucune,0
GH004072,Greater Accra,60,F,Primaire,Agriculture,330,1000,12,Mauvais,0,6,Garant,0
GH004073,Volta,25,F,Superieur,Pêche,330,1700,18,Bon,0,0,Épargne,0
GH004074,Greater Accra,56,F,Primaire,Artisanat,200,2300,6,Bon,0,6,Garant,0
GH004075,Greater Accra,29,F,Primaire,Pêche,1940,600,6,Bon,0,3,Épargne,0
GH004076,Central,59,F,Secondaire,Agriculture,380,1600,12,Premier,0,7,Bien immobilier,0
GH004077,Ashanti,26,M,Primaire,Restauration,1690,900,6,Premier,1,4,Épargne,0
GH004078,Central,58,F,Secondaire,Agriculture,1560,700,6,Mauvais,0,1,Aucune,0
GH004079,Volta,57,M,Primaire,Restauration,240,2300,12,Bon,1,3,Garant,0
GH004080,Volta,40,F,Primaire,Agriculture,280,3600,6,Excellent,0,7,Épargne,0
GH004081,Greater Accra,39,F,Secondaire,Pêche,5160,3900,24,Bon,0,3,Aucune,0
GH004082,Western,22,F,Aucun,Agriculture,2700,3000,6,Bon,0,5,Épargne,0
GH004083,Greater Accra,41,F,Primaire,Transport,650,1200,24,Excellent,0,7,Épargne,0
GH004084,Central,23,F,Primaire,Artisanat,820,3400,24,Excellent,0,4,Garant,0
GH004085,Northern,47,F,Primaire,Artisanat,400,2400,6,Bon,1,2,Garant,0
GH004086,Northern,31,M,Secondaire,Commerce,940,2000,6,Moyen,0,3,Épargne,0
GH004087,Central,57,F,Primaire,Services,370,1000,6,Moyen,0,3,Épargne,0
GH004088,Eastern,55,M,Secondaire,Transport,200,1200,18,Moyen,0,5,Épargne,0
GH004089,Volta,60,F,Secondaire,Artisanat,230,1900,18,Bon,0,6,Garant,0
GH004090,Northern,24,M,Primaire,Artisanat,680,16300,18,Bon,1,6,Bien immobilier,0
GH004091,Western,32,M,Superieur,Restauration,270,2400,12,Bon,0,1,Garant,0
GH004092,Central,42,F,Superieur,Transport,630,1000,12,Premier,0,0,Bien immobilier,0
GH004093,Northern,49,M,Secondaire,Pêche,280,900,24,Excellent,0,3,Épargne,0
GH004094,Northern,56,M,Aucun,Pêche,360,1200,12,Bon,1,6,Épargne,0
GH004095,Ashanti,44,F,Primaire,Restauration,1320,12800,36,Bon,0,6,Aucune,0
GH004096,Greater Accra,46,F,Primaire,Artisanat,810,1300,12,Excellent,0,0,Garant,0
GH004097,Northern,33,M,Primaire,Agriculture,660,4100,12,Bon,1,4,Garant,0
GH004098,Northern,55,F,Primaire,Restauration,1340,1300,24,Moyen,1,3,Garant,0
GH004099,Ashanti,58,F,Secondaire,Pêche,980,2300,18,Bon,0,1,Aucune,0
GH004100,Volta,35,F,Aucun,Commerce,2120,3700,18,Excellent,1,1,Bien immobilier,0
GH004101,Central,41,F,Superieur,Pêche,460,1100,12,Bon,1,4,Garant,0
GH004102,Central,40,M,Primaire,Agriculture,470,1000,24,Excellent,0,0,Garant,0
GH004103,Ashanti,40,M,Secondaire,Pêche,230,8000,24,Bon,1,2,Garant,0
GH004104,Ashanti,27,M,Superieur,Restauration,470,4400,12,Bon,1,4,Aucune,1
GH004105,Eastern,35,M,Primaire,Commerce,1440,3700,12,Mauvais,0,2,Garant,0
GH004106,Greater Accra,50,M,Superieur,Pêche,1880,3700,18,Excellent,1,1,Garant,0
GH004107,Ashanti,61,M,Primaire,Restauration,1430,2700,36,Bon,0,1,Bien immobilier,0
GH004108,Greater Accra,29,F,Superieur,Services,200,11100,18,Bon,1,6,Épargne,1
GH004109,Northern,51,F,Superieur,Restauration,1580,1900,36,Moyen,1,3,Épargne,0
GH004110,Western,53,F,Primaire,Services,200,3000,12,Moyen,0,1,Aucune,0
GH004111,Central,28,M,Secondaire,Restauration,1360,500,24,Moyen,0,7,Épargne,1
GH004112,Ashanti,36,M,Primaire,Commerce,500,900,6,Moyen,0,6,Garant,0
GH004113,Western,30,F,Primaire,Restauration,1170,600,12,Excellent,0,7,Épargne,0
GH004114,Central,51,M,Aucun,Commerce,230,5700,12,Premier,1,6,Garant,0
GH004115,Eastern,29,F,Primaire,Transport,1700,500,18,Bon,1,6,Épargne,0
GH004116,Central,41,F,Secondaire,Services,210,1300,12,Excellent,0,0,Garant,0
GH004117,Ashanti,36,F,Primaire,Agriculture,390,500,24,Moyen,1,1,Garant,0
GH004118,Western,23,M,Secondaire,Agriculture,300,900,24,Moyen,0,5,Épargne,0
GH004119,Western,44,M,Primaire,Agriculture,200,1200,18,Excellent,0,6,Garant,0
GH004120,Western,40,F,Superieur,Transport,720,6300,6,Premier,1,3,Bien immobilier,0
GH004121,Central,56,M,Aucun,Restauration,2820,2600,6,Bon,0,4,Garant,0
GH004122,Greater Accra,57,M,Aucun,Commerce,5620,900,12,Bon,0,7,Épargne,0
GH004123,Volta,20,F,Secondaire,Transport,720,4700,18,Bon,1,5,Garant,0
GH004124,Greater Accra,44,M,Superieur,Agriculture,1630,1800,6,Excellent,0,3,Épargne,0
GH004125,Central,55,F,Secondaire,Artisanat,800,1900,18,Premier,1,4,Bien immobilier,0
GH004126,Ashanti,36,M,Primaire,Agriculture,990,600,12,Moyen,0,3,Épargne,0
GH004127,Central,60,M,Primaire,Restauration,510,700,18,Bon,0,1,Garant,0
GH004128,Greater Accra,43,M,Aucun,Services,780,900,12,Moyen,0,2,Garant,0
GH004129,Central,21,M,Secondaire,Transport,1020,1900,18,Mauvais,1,5,Épargne,0
GH004130,Western,59,M,Primaire,Artisanat,420,1900,12,Moyen,1,0,Aucune,0
GH004131,Ashanti,34,M,Primaire,Transport,630,7300,12,Excellent,1,2,Épargne,0
GH004132,Volta,51,M,Secondaire,Pêche,630,2600,24,Moyen,0,0,Épargne,0
GH004133,Ashanti,58,M,Secondaire,Artisanat,1290,500,12,Bon,0,1,Bien immobilier,0
GH004134,Eastern,25,F,Secondaire,Pêche,280,2300,36,Premier,0,7,Bien immobilier,1
GH004135,Volta,20,F,Primaire,Artisanat,640,500,6,Moyen,0,5,Épargne,0
GH004136,Central,42,M,Secondaire,Commerce,3070,800,12,Bon,0,7,Bien immobilier,0
GH004137,Northern,58,M,Aucun,Artisanat,1690,900,12,Excellent,0,6,Épargne,1
GH004138,Northern,36,F,Aucun,Agriculture,1960,1000,36,Bon,0,3,Aucune,0
GH004139,Volta,53,F,Secondaire,Services,680,500,36,Moyen,1,3,Épargne,0
GH004140,Volta,60,F,Secondaire,Pêche,860,2200,12,Excellent,1,6,Épargne,0
GH004141,Volta,48,M,Secondaire,Pêche,1480,500,12,Moyen,0,4,Épargne,0
GH004142,Northern,28,M,Primaire,Transport,2320,2500,18,Mauvais,0,2,Bien immobilier,0
GH004143,Western,32,F,Superieur,Agriculture,200,13500,24,Excellent,1,0,Épargne,0
GH004144,Northern,25,F,Aucun,Commerce,230,500,18,Moyen,1,6,Garant,0
GH004145,Central,25,M,Superieur,Artisanat,1900,1400,24,Excellent,1,3,Garant,0
GH004146,Eastern,39,F,Primaire,Commerce,530,500,6,Excellent,0,1,Épargne,0
GH004147,Eastern,22,M,Aucun,Agriculture,390,1400,18,Excellent,1,3,Épargne,0
GH004148,Central,36,M,Primaire,Services,240,3200,18,Moyen,1,4,Garant,1
GH004149,Northern,31,F,Primaire,Artisanat,430,3500,12,Premier,0,5,Garant,0
GH004150,Central,64,M,Primaire,Agriculture,220,1900,18,Moyen,1,3,Épargne,0
GH004151,Volta,20,F,Superieur,Pêche,3540,4000,24,Bon,1,7,Épargne,0
GH004152,Volta,36,F,Primaire,Pêche,650,17900,24,Excellent,0,1,Garant,1
GH004153,Central,22,F,Secondaire,Pêche,640,8400,12,Moyen,0,3,Garant,1
GH004154,Volta,45,M,Superieur,Restauration,1060,1100,12,Excellent,1,0,Aucune,0
GH004155,Greater Accra,34,M,Secondaire,Restauration,1440,500,12,Moyen,0,6,Épargne,0
GH004156,Eastern,55,M,Primaire,Pêche,1420,1300,12,Excellent,0,0,Garant,0
GH004157,Ashanti,51,F,Superieur,Services,1570,800,36,Bon,1,3,Bien immobilier,0
GH004158,Northern,51,F,Primaire,Restauration,400,2700,12,Bon,0,1,Garant,0
GH004159,Northern,23,M,Secondaire,Services,520,600,18,Moyen,0,5,Épargne,0
GH004160,Greater Accra,37,F,Secondaire,Restauration,1230,1700,12,Bon,0,1,Bien immobilier,0
GH004161,Western,38,F,Aucun,Transport,440,3800,18,Bon,0,3,Garant,0
GH004162,Ashanti,62,M,Secondaire,Agriculture,660,1700,6,Bon,1,1,Garant,0
GH004163,Ashanti,54,F,Primaire,Transport,920,800,12,Bon,0,0,Épargne,0
GH004164,Ashanti,59,F,Primaire,Services,1250,5200,12,Premier,0,0,Garant,0
GH004165,Volta,33,F,Primaire,Artisanat,200,500,18,Bon,0,7,Épargne,0
GH004166,Eastern,52,F,Superieur,Pêche,1180,1300,18,Excellent,0,0,Garant,0
GH004167,Western,33,M,Superieur,Transport,550,1700,6,Bon,1,4,Bien immobilier,0
GH004168,Greater Accra,53,F,Primaire,Transport,1170,1800,12,Excellent,0,5,Garant,0
GH004169,Volta,23,F,Aucun,Restauration,1240,2100,18,Bon,0,2,Garant,0
GH004170,Western,43,M,Primaire,Agriculture,2410,3100,24,Excellent,0,0,Épargne,0
GH004171,Northern,48,F,Secondaire,Agriculture,1960,1800,12,Mauvais,1,3,Bien immobilier,0
GH004172,Greater Accra,38,M,Superieur,Transport,1950,1300,12,Bon,0,5,Épargne,0
GH004173,Volta,25,F,Superieur,Artisanat,2110,1300,6,Moyen,1,4,Épargne,0
GH004174,Eastern,52,F,Secondaire,Services,840,1000,12,Premier,0,7,Épargne,0
GH004175,Northern,59,F,Secondaire,Agriculture,680,3700,6,Premier,0,3,Aucune,0
GH004176,Western,38,F,Aucun,Commerce,1340,1000,18,Bon,0,1,Aucune,0
GH004177,Ashanti,20,M,Aucun,Commerce,1190,3900,24,Premier,0,7,Garant,0
GH004178,Western,24,M,Secondaire,Pêche,520,1800,6,Moyen,0,2,Épargne,0
GH004179,Northern,46,F,Secondaire,Transport,920,1100,18,Excellent,0,6,Aucune,0
GH004180,Volta,35,F,Secondaire,Artisanat,650,3200,18,Mauvais,0,4,Garant,0
GH004181,Volta,25,M,Primaire,Transport,340,900,24,Bon,0,6,Bien immobilier,0
GH004182,Eastern,59,F,Aucun,Commerce,1870,3200,18,Excellent,1,1,Épargne,0
GH004183,Eastern,32,M,Primaire,Services,700,2200,24,Moyen,0,1,Garant,0
GH004184,Eastern,54,F,Superieur,Artisanat,3430,1100,18,Moyen,0,0,Bien immobilier,0
GH004185,Greater Accra,38,F,Secondaire,Services,200,2900,24,Mauvais,0,6,Bien immobilier,0
GH004186,Western,31,F,Aucun,Pêche,430,3000,12,Mauvais,1,3,Épargne,0
GH004187,Ashanti,35,F,Superieur,Agriculture,680,5100,12,Bon,0,7,Bien immobilier,0
GH004188,Volta,62,M,Primaire,Agriculture,1650,4300,24,Bon,0,6,Bien immobilier,0
GH004189,Ashanti,29,F,Primaire,Agriculture,920,2800,18,Moyen,0,1,Bien immobilier,0
GH004190,Central,44,F,Primaire,Commerce,850,700,6,Bon,1,5,Aucune,0
GH004191,Eastern,39,F,Secondaire,Services,270,16400,24,Excellent,1,1,Garant,0
GH004192,Northern,50,F,Secondaire,Artisanat,260,500,12,Excellent,1,1,Épargne,0
GH004193,Ashanti,23,M,Secondaire,Commerce,860,4200,12,Excellent,0,2,Épargne,0
GH004194,Eastern,63,F,Secondaire,Restauration,220,2700,18,Bon,1,4,Garant,0
GH004195,Ashanti,42,F,Aucun,Artisanat,430,600,18,Excellent,1,6,Épargne,0
GH004196,Western,21,F,Primaire,Pêche,990,1600,12,Excellent,0,6,Bien immobilier,0
GH004197,Central,41,F,Secondaire,Services,300,1700,12,Bon,1,5,Garant,0
GH004198,Eastern,56,F,Secondaire,Commerce,2400,5900,36,Excellent,1,5,Bien immobilier,0
GH004199,Greater Accra,27,M,Primaire,Agriculture,1770,1000,36,Excellent,0,5,Épargne,0
GH004200,Greater Accra,26,F,Primaire,Agriculture,200,1400,6,Premier,1,0,Aucune,0
GH004201,Ashanti,33,M,Aucun,Agriculture,320,500,12,Moyen,0,4,Bien immobilier,0
GH004202,Volta,22,F,Primaire,Commerce,200,8600,6,Bon,0,1,Garant,0
GH004203,Western,35,M,Aucun,Services,360,700,24,Mauvais,0,5,Bien immobilier,0
GH004204,Northern,38,M,Primaire,Commerce,1230,2400,24,Bon,0,2,Aucune,0
GH004205,Volta,37,M,Secondaire,Agriculture,480,1700,12,Bon,1,6,Garant,0
GH004206,Eastern,35,M,Primaire,Agriculture,960,1700,24,Bon,1,6,Aucune,0
GH004207,Central,27,M,Secondaire,Agriculture,200,3700,18,Moyen,0,1,Garant,0
GH004208,Western,52,F,Secondaire,Restauration,1260,8100,12,Bon,1,6,Épargne,0
GH004209,Ashanti,31,M,Aucun,Commerce,430,2300,12,Excellent,1,3,Aucune,0
GH004210,Western,30,F,Secondaire,Agriculture,670,3300,12,Moyen,0,4,Garant,0
GH004211,Central,24,M,Primaire,Pêche,620,2400,12,Moyen,0,6,Garant,0
GH004212,Western,46,M,Secondaire,Agriculture,240,4500,18,Bon,1,0,Épargne,0
GH004213,Eastern,31,M,Aucun,Services,260,1200,12,Moyen,1,2,Épargne,0
GH004214,Ashanti,36,M,Primaire,Commerce,1440,4800,12,Bon,1,4,Garant,0
GH004215,Central,25,M,Secondaire,Pêche,920,4900,6,Moyen,0,1,Épargne,1
GH004216,Ashanti,52,F,Aucun,Services,1540,4800,18,Bon,0,7,Aucune,0
GH004217,Northern,24,M,Primaire,Transport,860,1000,36,Excellent,1,0,Bien immobilier,0
GH004218,Eastern,47,F,Primaire,Transport,750,1600,24,Mauvais,1,2,Garant,0
GH004219,Central,33,M,Primaire,Transport,200,2200,18,Mauvais,1,5,Garant,0
GH004220,Northern,24,F,Superieur,Services,540,500,18,Premier,0,7,Bien immobilier,0
GH004221,Northern,52,M,Primaire,Commerce,650,7600,12,Bon,0,1,Épargne,0
GH004222,Northern,60,F,Primaire,Commerce,3170,1800,12,Moyen,0,1,Bien immobilier,0
GH004223,Central,38,M,Primaire,Services,1150,2300,12,Mauvais,0,4,Garant,0
GH004224,Ashanti,41,M,Primaire,Commerce,2270,1100,6,Excellent,0,7,Épargne,0
GH004225,Western,24,F,Secondaire,Artisanat,1070,500,18,Premier,1,1,Aucune,0
GH004226,Western,21,F,Primaire,Services,380,1000,12,Bon,0,6,Garant,0
GH004227,Northern,49,M,Secondaire,Pêche,730,2200,18,Excellent,0,1,Garant,0
GH004228,Greater Accra,58,M,Secondaire,Restauration,800,3300,12,Excellent,1,2,Aucune,0
GH004229,Greater Accra,23,F,Aucun,Restauration,310,2100,12,Bon,0,1,Épargne,0
GH004230,Central,52,M,Secondaire,Artisanat,490,2500,36,Excellent,0,3,Garant,0
GH004231,Ashanti,32,F,Secondaire,Commerce,560,1300,6,Excellent,0,7,Garant,0
GH004232,Central,39,F,Primaire,Restauration,2400,2800,12,Moyen,1,3,Bien immobilier,0
GH004233,Ashanti,26,F,Aucun,Pêche,200,6900,6,Bon,0,0,Aucune,0
GH004234,Eastern,34,M,Primaire,Services,1750,3400,6,Mauvais,1,5,Garant,0
GH004235,Greater Accra,42,F,Primaire,Agriculture,310,3700,18,Bon,1,3,Aucune,0
GH004236,Central,33,M,Primaire,Services,220,2400,18,Bon,1,6,Aucune,1
GH004237,Volta,42,M,Secondaire,Pêche,1710,500,12,Excellent,0,6,Épargne,0
GH004238,Eastern,38,F,Secondaire,Commerce,1190,700,24,Bon,1,5,Garant,0
GH004239,Western,48,F,Superieur,Pêche,1810,2700,18,Bon,1,3,Garant,0
GH004240,Greater Accra,39,M,Secondaire,Transport,1260,1800,12,Bon,1,4,Aucune,0
GH004241,Ashanti,48,M,Secondaire,Commerce,3460,2700,12,Bon,1,3,Épargne,0
GH004242,Northern,43,F,Secondaire,Pêche,1040,8200,18,Mauvais,1,1,Bien immobilier,0
GH004243,Western,37,M,Superieur,Artisanat,590,3500,18,Excellent,0,4,Bien immobilier,0
GH004244,Western,29,F,Primaire,Services,880,5600,6,Bon,0,6,Bien immobilier,0
GH004245,Eastern,60,F,Primaire,Pêche,1800,2000,12,Excellent,0,3,Épargne,0
GH004246,Volta,27,F,Aucun,Services,360,900,12,Excellent,0,7,Bien immobilier,0
GH004247,Central,45,M,Primaire,Transport,390,1700,12,Bon,1,6,Épargne,0
GH004248,Northern,48,F,Aucun,Restauration,520,900,12,Bon,0,1,Bien immobilier,0
GH004249,Central,29,F,Primaire,Agriculture,200,7400,36,Bon,0,0,Épargne,0
GH004250,Eastern,36,M,Primaire,Artisanat,740,3700,18,Mauvais,0,6,Épargne,0
GH004251,Western,21,F,Superieur,Pêche,200,2900,18,Mauvais,1,4,Épargne,0
GH004252,Greater Accra,25,M,Superieur,Commerce,690,5500,12,Bon,1,1,Bien immobilier,0
GH004253,Western,24,M,Secondaire,Artisanat,1330,500,6,Bon,1,4,Garant,0
GH004254,Eastern,47,F,Primaire,Restauration,450,3100,6,Mauvais,1,0,Bien immobilier,0
GH004255,Western,60,F,Superieur,Agriculture,2540,600,18,Moyen,1,7,Bien immobilier,0
GH004256,Northern,24,M,Superieur,Transport,210,1800,12,Moyen,1,6,Épargne,0
GH004257,Western,37,F,Superieur,Agriculture,1730,1400,12,Excellent,0,0,Aucune,0
GH004258,Western,45,F,Secondaire,Pêche,1140,3300,6,Moyen,1,4,Garant,0
GH004259,Western,39,F,Primaire,Transport,200,2200,24,Mauvais,1,6,Aucune,0
GH004260,Greater Accra,60,M,Aucun,Restauration,5820,6100,18,Moyen,1,6,Épargne,0
GH004261,Ashanti,46,M,Superieur,Restauration,630,1100,6,Moyen,0,1,Épargne,0
GH004262,Ashanti,31,M,Aucun,Agriculture,330,3400,18,Moyen,1,2,Aucune,0
GH004263,Central,26,F,Primaire,Agriculture,220,2100,18,Bon,1,4,Épargne,0
GH004264,Ashanti,22,M,Primaire,Restauration,560,500,12,Mauvais,1,7,Bien immobilier,0
GH004265,Ashanti,29,M,Aucun,Services,600,800,12,Moyen,1,5,Garant,0
GH004266,Ashanti,53,F,Superieur,Agriculture,720,1600,24,Premier,0,6,Bien immobilier,1
GH004267,Volta,44,F,Primaire,Commerce,520,4900,12,Premier,0,2,Garant,0
GH004268,Western,54,F,Aucun,Agriculture,1100,2700,24,Bon,0,6,Bien immobilier,0
GH004269,Volta,35,F,Superieur,Commerce,490,600,6,Excellent,1,5,Bien immobilier,0
GH004270,Western,21,F,Primaire,Transport,200,1600,12,Excellent,0,1,Épargne,0
GH004271,Northern,43,F,Superieur,Agriculture,590,11100,12,Premier,1,6,Bien immobilier,0
GH004272,Greater Accra,29,F,Primaire,Artisanat,200,2000,18,Bon,1,5,Aucune,1
GH004273,Volta,57,F,Secondaire,Artisanat,880,1300,36,Bon,1,3,Garant,0
GH004274,Western,41,F,Primaire,Services,300,2800,12,Bon,0,4,Épargne,0
GH004275,Western,45,M,Secondaire,Services,760,3600,6,Bon,0,7,Garant,0
GH004276,Ashanti,62,M,Primaire,Transport,1900,1200,12,Bon,1,0,Garant,0
GH004277,Greater Accra,58,F,Superieur,Transport,310,2800,24,Moyen,1,5,Garant,0
GH004278,Greater Accra,46,F,Aucun,Services,1550,1300,18,Bon,0,6,Épargne,0
GH004279,Ashanti,48,F,Primaire,Artisanat,470,3500,12,Moyen,1,5,Aucune,0
GH004280,Volta,57,F,Superieur,Transport,2700,2100,36,Moyen,0,7,Aucune,0
GH004281,Ashanti,39,F,Primaire,Commerce,500,2800,18,Bon,0,3,Bien immobilier,0
GH004282,Greater Accra,46,M,Secondaire,Services,340,900,12,Bon,0,1,Aucune,0
GH004283,Eastern,60,F,Secondaire,Commerce,1150,900,18,Mauvais,0,6,Garant,1
GH004284,Ashanti,39,M,Aucun,Pêche,470,4200,12,Bon,0,6,Aucune,0
GH004285,Ashanti,63,M,Aucun,Pêche,340,1700,24,Bon,1,0,Épargne,0
GH004286,Greater Accra,38,F,Superieur,Agriculture,450,2300,12,Moyen,0,7,Garant,0
GH004287,Volta,39,F,Primaire,Commerce,640,1400,24,Premier,0,4,Épargne,0
GH004288,Eastern,54,F,Primaire,Services,1950,4100,24,Bon,0,1,Garant,0
GH004289,Northern,21,M,Secondaire,Artisanat,200,1000,18,Moyen,1,4,Garant,0
GH004290,Eastern,49,F,Primaire,Artisanat,680,1600,12,Bon,0,6,Épargne,0
GH004291,Central,53,M,Secondaire,Services,1100,3700,36,Excellent,1,3,Garant,0
GH004292,Eastern,41,F,Primaire,Artisanat,780,5200,12,Excellent,0,6,Garant,0
GH004293,Ashanti,22,F,Superieur,Agriculture,1900,1100,24,Excellent,0,4,Garant,0
GH004294,Western,25,F,Primaire,Commerce,630,10500,12,Excellent,0,5,Aucune,0
GH004295,Greater Accra,34,M,Primaire,Transport,570,2400,36,Bon,1,0,Garant,1
GH004296,Northern,46,M,Secondaire,Agriculture,1070,700,24,Excellent,0,6,Épargne,0
GH004297,Ashanti,29,F,Primaire,Transport,720,2500,24,Mauvais,0,7,Aucune,0
GH004298,Northern,28,F,Primaire,Restauration,490,1300,12,Premier,0,4,Garant,0
GH004299,Greater Accra,52,F,Secondaire,Restauration,1010,2700,12,Bon,1,3,Épargne,0
GH004300,Northern,51,F,Secondaire,Pêche,390,1700,6,Bon,1,3,Bien immobilier,0
GH004301,Eastern,25,F,Primaire,Transport,410,1900,6,Bon,1,0,Aucune,0
GH004302,Greater Accra,60,F,Primaire,Commerce,440,800,12,Moyen,0,2,Garant,0
GH004303,Ashanti,55,M,Secondaire,Transport,1960,4400,36,Moyen,1,5,Épargne,0
GH004304,Western,21,M,Primaire,Transport,200,600,18,Bon,0,2,Épargne,0
GH004305,Ashanti,48,F,Superieur,Artisanat,910,700,12,Bon,1,4,Épargne,0
GH004306,Volta,23,M,Primaire,Commerce,680,2500,36,Moyen,1,3,Aucune,0
GH004307,Central,20,M,Secondaire,Services,200,7700,18,Bon,1,6,Épargne,0
GH004308,Greater Accra,38,M,Primaire,Transport,850,1300,24,Moyen,1,1,Épargne,0
GH004309,Ashanti,45,M,Primaire,Transport,970,3400,24,Premier,0,7,Garant,0
GH004310,Eastern,44,F,Primaire,Transport,1070,4800,18,Moyen,0,1,Épargne,0
GH004311,Eastern,29,M,Primaire,Pêche,200,3800,12,Bon,0,3,Bien immobilier,0
GH004312,Volta,34,M,Aucun,Services,1980,1400,36,Moyen,1,1,Garant,0
GH004313,Northern,41,F,Primaire,Artisanat,370,700,12,Bon,0,5,Aucune,0
GH004314,Ashanti,40,F,Superieur,Agriculture,1150,500,18,Moyen,0,0,Bien immobilier,0
GH004315,Northern,41,F,Aucun,Artisanat,1200,1400,24,Mauvais,0,4,Aucune,0
GH004316,Central,55,M,Superieur,Transport,330,5200,12,Excellent,1,3,Épargne,0
GH004317,Greater Accra,53,M,Aucun,Transport,1130,700,18,Excellent,0,4,Épargne,0
GH004318,Central,49,M,Secondaire,Services,490,3400,12,Bon,0,0,Bien immobilier,0
GH004319,Western,44,M,Superieur,Restauration,200,800,12,Excellent,0,1,Épargne,0
GH004320,Volta,64,M,Superieur,Agriculture,1690,2000,6,Moyen,0,3,Épargne,0
GH004321,Northern,47,F,Aucun,Transport,360,3400,24,Moyen,0,5,Bien immobilier,0
GH004322,Ashanti,20,F,Secondaire,Services,340,1000,6,Bon,0,0,Bien immobilier,0
GH004323,Northern,64,F,Aucun,Artisanat,480,2100,24,Bon,0,0,Garant,1
GH004324,Central,23,F,Primaire,Services,830,1200,18,Bon,0,6,Garant,0
GH004325,Volta,26,F,Secondaire,Agriculture,640,3400,18,Excellent,1,5,Garant,1
GH004326,Western,28,F,Primaire,Restauration,1030,2200,24,Moyen,1,4,Bien immobilier,0
GH004327,Central,55,F,Primaire,Restauration,230,1900,12,Bon,0,7,Bien immobilier,0
GH004328,Western,38,F,Aucun,Commerce,370,7400,12,Moyen,0,3,Épargne,0
GH004329,Volta,20,M,Aucun,Transport,610,3300,6,Moyen,0,4,Épargne,0
GH004330,Eastern,29,M,Aucun,Services,3040,1000,18,Moyen,0,4,Garant,0
GH004331,Eastern,55,F,Superieur,Restauration,610,1700,18,Excellent,0,0,Garant,1
GH004332,Ashanti,28,M,Aucun,Restauration,1580,1700,12,Moyen,1,7,Aucune,0
GH004333,Central,64,F,Secondaire,Restauration,690,1900,18,Moyen,1,4,Bien immobilier,0
GH004334,Eastern,61,F,Secondaire,Transport,450,17500,12,Moyen,1,1,Épargne,1
GH004335,Northern,51,F,Secondaire,Services,550,2500,24,Bon,0,6,Épargne,0
GH004336,Volta,51,M,Secondaire,Pêche,580,500,18,Excellent,0,6,Bien immobilier,0
GH004337,Greater Accra,25,F,Secondaire,Services,1080,1100,24,Mauvais,1,6,Garant,0
GH004338,Volta,57,F,Primaire,Services,2000,500,12,Bon,0,1,Bien immobilier,0
GH004339,Northern,36,F,Primaire,Services,890,1300,24,Bon,0,0,Garant,0
GH004340,Eastern,29,M,Superieur,Restauration,1720,500,12,Bon,0,6,Bien immobilier,0
GH004341,Eastern,46,F,Superieur,Services,310,800,18,Bon,1,7,Aucune,0
GH004342,Central,54,F,Secondaire,Commerce,480,500,12,Excellent,1,4,Bien immobilier,0
GH004343,Western,40,F,Primaire,Agriculture,370,2600,12,Bon,0,7,Épargne,0
GH004344,Greater Accra,44,F,Primaire,Pêche,860,1800,24,Excellent,1,6,Bien immobilier,0
GH004345,Greater Accra,47,F,Primaire,Agriculture,500,2400,12,Bon,1,1,Bien immobilier,1
GH004346,Western,34,M,Secondaire,Agriculture,1190,1600,6,Premier,0,2,Garant,0
GH004347,Central,23,F,Secondaire,Services,320,500,24,Bon,0,2,Garant,0
GH004348,Eastern,48,M,Secondaire,Services,690,2900,18,Moyen,1,4,Garant,0
GH004349,Western,28,F,Secondaire,Commerce,1150,10200,12,Bon,0,0,Épargne,0
GH004350,Volta,46,M,Aucun,Services,200,2600,12,Mauvais,0,6,Aucune,0
GH004351,Volta,45,F,Secondaire,Pêche,3630,1200,12,Bon,1,1,Épargne,0
GH004352,Volta,38,F,Primaire,Transport,530,500,18,Bon,0,3,Épargne,0
GH004353,Greater Accra,47,F,Secondaire,Artisanat,200,800,24,Moyen,1,3,Aucune,0
GH004354,Greater Accra,36,F,Aucun,Restauration,750,2700,12,Bon,0,1,Aucune,0
GH004355,Volta,62,F,Aucun,Agriculture,680,4700,18,Bon,1,4,Garant,1
GH004356,Volta,60,M,Aucun,Agriculture,620,2300,24,Excellent,1,6,Épargne,0
GH004357,Volta,61,F,Superieur,Commerce,1470,3700,24,Excellent,0,2,Épargne,0
GH004358,Eastern,39,F,Secondaire,Transport,1210,3400,12,Moyen,0,2,Garant,0
GH004359,Eastern,64,F,Primaire,Commerce,840,2900,12,Premier,0,7,Garant,0
GH004360,Ashanti,59,F,Secondaire,Commerce,950,1000,18,Excellent,0,1,Bien immobilier,0
GH004361,Northern,58,M,Secondaire,Pêche,610,2100,24,Bon,1,5,Garant,0
GH004362,Western,42,F,Secondaire,Services,2750,800,18,Excellent,1,6,Bien immobilier,0
GH004363,Eastern,51,F,Primaire,Transport,200,1800,18,Bon,1,2,Garant,0
GH004364,Ashanti,52,M,Aucun,Services,740,2400,36,Bon,1,1,Garant,0
GH004365,Central,24,M,Primaire,Services,700,8200,12,Moyen,1,7,Aucune,0
GH004366,Volta,62,F,Aucun,Restauration,1270,600,24,Excellent,1,0,Garant,0
GH004367,Greater Accra,53,M,Secondaire,Pêche,340,2800,24,Moyen,1,2,Épargne,0
GH004368,Western,59,F,Primaire,Commerce,200,6900,24,Excellent,0,5,Bien immobilier,0
GH004369,Northern,30,F,Primaire,Services,750,3600,36,Moyen,1,7,Garant,0
GH004370,Central,22,F,Primaire,Commerce,830,3800,12,Moyen,1,4,Bien immobilier,0
GH004371,Western,52,F,Aucun,Transport,2190,3100,12,Bon,0,5,Aucune,0
GH004372,Western,30,F,Superieur,Transport,240,5800,12,Moyen,1,2,Épargne,0
GH004373,Eastern,35,M,Superieur,Services,1680,700,24,Excellent,0,1,Aucune,0
GH004374,Ashanti,37,F,Aucun,Agriculture,4420,500,24,Excellent,0,3,Épargne,0
GH004375,Western,49,F,Secondaire,Pêche,490,1800,12,Excellent,0,2,Épargne,0
GH004376,Northern,29,M,Primaire,Services,240,500,6,Bon,0,5,Épargne,0
GH004377,Central,37,F,Secondaire,Pêche,480,5500,12,Excellent,0,1,Garant,0
GH004378,Northern,57,F,Primaire,Transport,670,5400,12,Bon,1,2,Garant,0
GH004379,Western,38,M,Aucun,Restauration,1040,1200,6,Excellent,1,2,Bien immobilier,0
GH004380,Northern,55,F,Superieur,Pêche,410,1300,18,Excellent,1,7,Bien immobilier,0
GH004381,Northern,32,F,Superieur,Transport,2310,1700,12,Premier,1,2,Épargne,0
GH004382,Volta,22,F,Primaire,Restauration,270,1900,18,Moyen,0,3,Épargne,0
GH004383,Ashanti,29,F,Superieur,Artisanat,200,2000,6,Excellent,0,1,Aucune,0
GH004384,Greater Accra,57,F,Secondaire,Transport,1610,3000,24,Moyen,1,6,Garant,0
GH004385,Western,20,F,Primaire,Restauration,200,1500,18,Moyen,1,7,Bien immobilier,0
GH004386,Central,46,M,Primaire,Commerce,560,4200,12,Excellent,1,5,Bien immobilier,1
GH004387,Volta,27,M,Aucun,Artisanat,8060,2700,18,Bon,0,0,Bien immobilier,0
GH004388,Volta,61,F,Secondaire,Services,660,1000,12,Premier,0,5,Garant,0
GH004389,Greater Accra,36,F,Superieur,Agriculture,270,6000,36,Moyen,1,6,Garant,0
GH004390,Northern,28,F,Secondaire,Agriculture,640,500,18,Moyen,1,7,Garant,0
GH004391,Greater Accra,25,M,Secondaire,Agriculture,640,1700,18,Bon,0,4,Garant,0
GH004392,Eastern,62,M,Secondaire,Commerce,760,4300,12,Moyen,0,7,Épargne,0
GH004393,Eastern,44,F,Primaire,Services,1130,900,6,Bon,0,3,Aucune,0
GH004394,Western,58,F,Primaire,Transport,290,2400,18,Moyen,0,4,Bien immobilier,0
GH004395,Volta,47,F,Primaire,Agriculture,2570,2900,6,Moyen,0,4,Garant,1
GH004396,Central,52,F,Secondaire,Restauration,810,800,18,Excellent,1,7,Bien immobilier,0
GH004397,Eastern,56,M,Superieur,Transport,1190,1700,12,Moyen,1,6,Épargne,0
GH004398,Northern,28,M,Primaire,Commerce,400,1600,12,Moyen,1,0,Épargne,1
GH004399,Ashanti,37,M,Primaire,Pêche,1860,1100,6,Excellent,1,2,Bien immobilier,0
GH004400,Ashanti,40,F,Secondaire,Commerce,540,14400,36,Bon,1,0,Épargne,0
GH004401,Northern,21,M,Aucun,Services,830,900,36,Mauvais,0,7,Épargne,0
GH004402,Greater Accra,62,F,Secondaire,Commerce,320,4500,6,Premier,0,4,Garant,0
GH004403,Northern,57,F,Aucun,Pêche,300,1300,12,Moyen,0,3,Garant,0
GH004404,Greater Accra,59,F,Secondaire,Services,1150,700,12,Excellent,1,4,Bien immobilier,0
GH004405,Greater Accra,55,F,Secondaire,Restauration,470,2000,12,Bon,1,4,Bien immobilier,0
GH004406,Ashanti,62,F,Primaire,Artisanat,340,3200,24,Excellent,0,0,Garant,0
GH004407,Eastern,56,F,Secondaire,Pêche,400,4100,18,Moyen,0,1,Garant,0
GH004408,Northern,34,F,Primaire,Commerce,1160,7400,36,Moyen,0,4,Garant,0
GH004409,Eastern,47,F,Primaire,Agriculture,400,25600,24,Mauvais,1,1,Aucune,1
GH004410,Western,37,F,Primaire,Pêche,610,2300,18,Mauvais,0,6,Épargne,0
GH004411,Central,53,F,Superieur,Pêche,670,1000,18,Excellent,1,2,Bien immobilier,0
GH004412,Ashanti,41,F,Aucun,Artisanat,200,2700,24,Excellent,0,4,Garant,0
GH004413,Volta,30,M,Primaire,Services,210,1400,18,Premier,1,6,Garant,0
GH004414,Greater Accra,32,F,Secondaire,Commerce,870,4200,12,Mauvais,0,0,Garant,0
GH004415,Central,23,F,Primaire,Agriculture,370,600,18,Bon,0,5,Garant,0
GH004416,Greater Accra,41,F,Aucun,Agriculture,1550,15200,12,Bon,0,2,Garant,1
GH004417,Central,26,F,Primaire,Artisanat,1440,3900,36,Bon,1,3,Épargne,1
GH004418,Central,62,F,Secondaire,Transport,1180,500,12,Bon,0,4,Bien immobilier,1
GH004419,Eastern,43,M,Superieur,Agriculture,2850,1000,6,Bon,1,0,Bien immobilier,0
GH004420,Volta,23,F,Aucun,Restauration,620,3800,12,Bon,0,6,Épargne,1
GH004421,Western,47,M,Secondaire,Pêche,1120,5200,24,Moyen,1,6,Épargne,0
GH004422,Western,34,M,Aucun,Pêche,420,600,36,Excellent,0,6,Garant,0
GH004423,Greater Accra,20,F,Secondaire,Agriculture,4730,3400,18,Premier,0,4,Bien immobilier,1
GH004424,Ashanti,22,M,Aucun,Agriculture,3250,500,6,Bon,0,7,Bien immobilier,1
GH004425,Western,33,M,Aucun,Agriculture,670,1700,6,Bon,0,0,Bien immobilier,0
GH004426,Ashanti,57,M,Secondaire,Pêche,910,4900,12,Bon,0,0,Garant,0
GH004427,Greater Accra,20,M,Aucun,Agriculture,1970,1100,36,Bon,0,1,Garant,0
GH004428,Ashanti,57,F,Primaire,Restauration,590,500,24,Excellent,1,4,Garant,0
GH004429,Central,57,M,Superieur,Restauration,390,2100,24,Bon,1,0,Bien immobilier,0
GH004430,Central,40,F,Superieur,Pêche,1340,1000,18,Excellent,0,0,Garant,0
GH004431,Greater Accra,48,M,Primaire,Transport,710,3200,24,Bon,1,7,Garant,0
GH004432,Ashanti,24,F,Secondaire,Commerce,770,800,12,Excellent,1,2,Garant,0
GH004433,Volta,29,M,Secondaire,Services,340,900,6,Excellent,1,4,Épargne,0
GH004434,Volta,47,M,Primaire,Commerce,200,500,24,Premier,1,5,Bien immobilier,0
GH004435,Ashanti,40,M,Superieur,Commerce,800,2100,12,Moyen,0,5,Aucune,0
GH004436,Greater Accra,26,F,Secondaire,Restauration,1370,1600,18,Excellent,0,2,Garant,0
GH004437,Volta,22,F,Secondaire,Services,560,600,18,Premier,0,1,Aucune,0
GH004438,Western,64,F,Primaire,Artisanat,2100,2200,12,Excellent,1,1,Épargne,0
GH004439,Eastern,39,F,Primaire,Services,380,4600,12,Excellent,1,7,Épargne,0
GH004440,Western,38,F,Primaire,Commerce,290,1500,12,Excellent,1,0,Épargne,0
GH004441,Northern,54,F,Primaire,Artisanat,630,2300,18,Moyen,1,0,Épargne,0
GH004442,Eastern,23,M,Aucun,Pêche,620,2300,6,Bon,0,0,Garant,0
GH004443,Ashanti,24,F,Aucun,Services,1230,600,12,Excellent,1,4,Garant,0
GH004444,Eastern,20,M,Primaire,Restauration,360,11500,18,Excellent,0,4,Épargne,0
GH004445,Volta,23,F,Primaire,Transport,1990,1200,12,Bon,0,5,Bien immobilier,0
GH004446,Eastern,31,M,Primaire,Commerce,3210,3300,6,Moyen,0,3,Épargne,0
GH004447,Ashanti,46,F,Primaire,Restauration,640,3600,12,Mauvais,0,0,Aucune,0
GH004448,Central,61,F,Primaire,Pêche,1810,1600,12,Bon,1,5,Bien immobilier,0
GH004449,Eastern,42,M,Secondaire,Restauration,290,3100,18,Moyen,0,2,Épargne,0
GH004450,Volta,44,F,Primaire,Agriculture,1570,2300,36,Moyen,1,5,Épargne,0
GH004451,Volta,40,F,Superieur,Commerce,1540,500,6,Moyen,1,3,Garant,0
GH004452,Greater Accra,43,M,Secondaire,Restauration,1330,1300,24,Bon,0,4,Aucune,1
GH004453,Western,44,F,Secondaire,Transport,660,1000,12,Excellent,0,4,Bien immobilier,0
GH004454,Ashanti,64,F,Superieur,Restauration,200,1200,18,Moyen,0,0,Bien immobilier,1
GH004455,Ashanti,51,M,Primaire,Restauration,400,600,24,Moyen,0,7,Épargne,0
GH004456,Eastern,51,F,Primaire,Pêche,400,5000,18,Excellent,0,2,Épargne,0
GH004457,Central,24,M,Primaire,Commerce,300,7600,6,Bon,0,2,Épargne,0
GH004458,Central,55,M,Primaire,Transport,730,4400,6,Bon,0,5,Épargne,0
GH004459,Western,61,F,Aucun,Commerce,480,5700,18,Excellent,0,1,Aucune,0
GH004460,Western,61,F,Secondaire,Agriculture,340,1300,12,Excellent,0,0,Garant,0
GH004461,Volta,58,F,Aucun,Agriculture,290,1000,18,Excellent,1,4,Garant,0
GH004462,Central,35,F,Superieur,Services,380,900,12,Bon,1,0,Garant,0
GH004463,Northern,52,M,Secondaire,Restauration,1630,3200,12,Bon,0,5,Bien immobilier,0
GH004464,Central,40,F,Secondaire,Commerce,390,2200,18,Bon,1,0,Bien immobilier,1
GH004465,Central,28,M,Primaire,Services,440,1700,18,Excellent,0,1,Garant,0
GH004466,Eastern,25,F,Secondaire,Services,460,5800,18,Bon,0,1,Garant,0
GH004467,Volta,64,M,Primaire,Commerce,870,2600,12,Excellent,0,3,Garant,0
GH004468,Greater Accra,54,M,Primaire,Restauration,960,800,12,Bon,1,0,Garant,0
GH004469,Western,58,F,Secondaire,Artisanat,200,1000,12,Bon,0,4,Aucune,0
GH004470,Northern,41,F,Primaire,Commerce,1510,3300,24,Moyen,0,5,Garant,0
GH004471,Northern,60,F,Primaire,Restauration,2100,4600,18,Moyen,1,5,Épargne,1
GH004472,Ashanti,24,M,Secondaire,Restauration,290,3000,36,Excellent,1,1,Bien immobilier,0
GH004473,Central,61,F,Aucun,Services,310,10000,6,Bon,0,3,Épargne,0
GH004474,Central,42,M,Secondaire,Artisanat,460,7900,36,Bon,0,3,Garant,0
GH004475,Greater Accra,36,F,Secondaire,Agriculture,360,2700,18,Moyen,1,5,Épargne,0
GH004476,Volta,31,M,Primaire,Transport,800,900,24,Bon,0,3,Bien immobilier,0
GH004477,Central,42,M,Secondaire,Restauration,200,600,12,Moyen,0,7,Aucune,0
GH004478,Western,35,F,Superieur,Commerce,270,1300,12,Moyen,1,6,Épargne,0
GH004479,Northern,22,M,Primaire,Agriculture,2280,3600,18,Moyen,1,4,Épargne,1
GH004480,Central,49,F,Primaire,Agriculture,320,9400,18,Premier,0,5,Bien immobilier,0
GH004481,Greater Accra,41,F,Secondaire,Agriculture,1800,2600,12,Premier,1,6,Aucune,0
GH004482,Eastern,28,F,Secondaire,Restauration,880,5200,12,Bon,1,6,Garant,1
GH004483,Western,48,F,Secondaire,Commerce,200,1400,18,Mauvais,0,7,Garant,0
GH004484,Eastern,56,F,Primaire,Transport,1110,3200,24,Excellent,0,1,Garant,0
GH004485,Ashanti,42,M,Aucun,Artisanat,610,3800,12,Excellent,0,7,Aucune,0
GH004486,Greater Accra,32,M,Superieur,Pêche,460,500,12,Bon,1,2,Épargne,1
GH004487,Ashanti,51,F,Primaire,Pêche,810,1200,24,Premier,1,6,Épargne,0
GH004488,Ashanti,42,M,Secondaire,Agriculture,970,4300,18,Moyen,0,6,Bien immobilier,0
GH004489,Northern,64,M,Secondaire,Services,1170,2300,12,Bon,1,4,Épargne,0
GH004490,Ashanti,36,M,Primaire,Pêche,1710,600,6,Moyen,1,5,Épargne,0
GH004491,Ashanti,59,F,Secondaire,Services,920,500,18,Excellent,0,0,Aucune,0
GH004492,Greater Accra,40,F,Aucun,Pêche,220,1300,12,Bon,1,2,Épargne,0
GH004493,Eastern,21,F,Superieur,Restauration,460,1700,6,Excellent,1,6,Garant,1
GH004494,Central,56,M,Aucun,Artisanat,7010,800,18,Excellent,0,6,Garant,0
GH004495,Ashanti,25,M,Primaire,Pêche,1190,2100,12,Excellent,1,4,Bien immobilier,1
GH004496,Northern,63,M,Secondaire,Services,4430,2900,12,Moyen,0,7,Aucune,0
GH004497,Volta,37,M,Secondaire,Transport,2030,3300,12,Bon,0,1,Garant,0
GH004498,Central,49,M,Aucun,Transport,810,500,18,Excellent,1,3,Garant,0
GH004499,Northern,41,F,Primaire,Artisanat,850,600,12,Bon,1,7,Bien immobilier,0
GH004500,Central,52,F,Primaire,Pêche,650,1400,6,Moyen,1,6,Garant,0
GH004501,Ashanti,49,M,Primaire,Transport,200,3000,12,Premier,0,4,Bien immobilier,0
GH004502,Western,36,F,Secondaire,Agriculture,670,2800,6,Mauvais,0,7,Bien immobilier,0
GH004503,Volta,62,F,Aucun,Agriculture,1750,2800,18,Excellent,0,0,Bien immobilier,0
GH004504,Central,51,F,Secondaire,Transport,410,1300,36,Excellent,1,0,Épargne,0
GH004505,Western,61,M,Secondaire,Artisanat,920,1300,18,Excellent,0,0,Garant,0
GH004506,Eastern,33,F,Superieur,Services,1310,900,12,Bon,1,5,Garant,0
GH004507,Central,29,F,Secondaire,Artisanat,320,3600,12,Moyen,0,7,Bien immobilier,0
GH004508,Greater Accra,55,M,Primaire,Artisanat,460,800,12,Excellent,0,6,Garant,0
GH004509,Northern,53,F,Primaire,Artisanat,290,3900,12,Premier,0,2,Épargne,0
GH004510,Volta,28,M,Superieur,Commerce,340,2200,12,Moyen,1,5,Bien immobilier,0
GH004511,Eastern,61,F,Superieur,Agriculture,240,1700,6,Bon,0,3,Épargne,0
GH004512,Eastern,47,F,Primaire,Pêche,320,1000,24,Bon,0,6,Garant,1
GH004513,Volta,30,F,Superieur,Commerce,2070,500,24,Bon,0,4,Garant,0
GH004514,Western,33,F,Secondaire,Artisanat,320,1000,18,Bon,1,2,Bien immobilier,0
GH004515,Ashanti,58,F,Superieur,Pêche,740,1300,6,Mauvais,1,7,Bien immobilier,0
GH004516,Northern,38,M,Secondaire,Agriculture,440,500,24,Excellent,1,4,Épargne,0
GH004517,Greater Accra,34,M,Superieur,Artisanat,1710,1500,6,Moyen,0,1,Garant,0
GH004518,Volta,47,M,Superieur,Restauration,1900,4200,6,Excellent,0,6,Aucune,0
GH004519,Volta,43,F,Aucun,Artisanat,1330,3000,12,Bon,0,6,Garant,0
GH004520,Greater Accra,27,M,Superieur,Pêche,850,1200,12,Moyen,1,1,Bien immobilier,0
GH004521,Western,62,F,Primaire,Agriculture,550,1900,12,Excellent,0,7,Garant,0
GH004522,Western,28,M,Primaire,Services,260,1100,12,Excellent,1,4,Aucune,0
GH004523,Eastern,52,F,Secondaire,Artisanat,3150,2100,6,Excellent,0,2,Aucune,0
GH004524,Volta,52,F,Secondaire,Agriculture,360,7200,24,Bon,1,7,Aucune,0
GH004525,Western,38,M,Superieur,Commerce,1130,4300,12,Moyen,0,0,Garant,1
GH004526,Ashanti,22,F,Primaire,Restauration,1550,2900,12,Premier,0,2,Épargne,0
GH004527,Eastern,29,F,Primaire,Transport,430,1200,12,Bon,1,7,Aucune,0
GH004528,Eastern,59,M,Aucun,Transport,1530,3600,6,Excellent,0,7,Aucune,0
GH004529,Eastern,61,F,Primaire,Commerce,1230,500,18,Bon,1,5,Bien immobilier,0
GH004530,Greater Accra,20,F,Secondaire,Transport,2650,1400,12,Excellent,1,2,Garant,0
GH004531,Northern,48,F,Primaire,Restauration,460,3100,18,Excellent,0,4,Aucune,0
GH004532,Northern,53,M,Primaire,Services,240,3500,18,Bon,0,2,Aucune,0
GH004533,Greater Accra,32,F,Primaire,Commerce,440,3300,24,Mauvais,0,1,Garant,0
GH004534,Eastern,20,F,Secondaire,Agriculture,790,2400,12,Mauvais,0,4,Garant,0
GH004535,Ashanti,53,F,Aucun,Services,700,1500,12,Excellent,0,7,Garant,1
GH004536,Central,48,F,Secondaire,Agriculture,490,2900,36,Excellent,0,5,Garant,0
GH004537,Eastern,32,F,Primaire,Commerce,200,800,18,Bon,1,4,Épargne,0
GH004538,Western,48,M,Aucun,Services,970,800,36,Bon,0,4,Épargne,0
GH004539,Volta,58,M,Superieur,Pêche,3220,1900,24,Moyen,0,2,Garant,0
GH004540,Volta,43,M,Primaire,Commerce,960,2100,18,Bon,0,3,Épargne,0
GH004541,Northern,45,F,Secondaire,Artisanat,1080,500,12,Excellent,1,5,Garant,0
GH004542,Volta,36,M,Secondaire,Pêche,1050,2700,18,Bon,0,7,Épargne,1
GH004543,Central,26,M,Secondaire,Agriculture,910,3600,18,Premier,0,5,Garant,0
GH004544,Greater Accra,32,M,Secondaire,Commerce,1400,1700,18,Bon,0,6,Garant,0
GH004545,Greater Accra,24,F,Secondaire,Services,910,15300,18,Moyen,1,0,Garant,0
GH004546,Central,45,F,Secondaire,Pêche,520,1000,18,Bon,0,6,Garant,0
GH004547,Northern,22,F,Primaire,Services,350,1300,12,Moyen,1,5,Garant,1
GH004548,Northern,26,F,Primaire,Artisanat,550,1300,12,Excellent,0,7,Bien immobilier,0
GH004549,Western,58,F,Superieur,Restauration,860,1700,6,Moyen,1,0,Bien immobilier,1
GH004550,Greater Accra,20,M,Superieur,Agriculture,520,1300,24,Moyen,1,1,Bien immobilier,0
GH004551,Greater Accra,36,M,Primaire,Pêche,860,500,24,Excellent,1,4,Garant,0
GH004552,Eastern,62,M,Aucun,Transport,950,1100,18,Excellent,1,0,Garant,1
GH004553,Ashanti,44,F,Primaire,Pêche,1300,1700,12,Bon,0,2,Épargne,0
GH004554,Western,22,F,Secondaire,Services,1860,5500,6,Moyen,0,5,Garant,0
GH004555,Eastern,34,M,Primaire,Transport,710,13100,6,Moyen,1,7,Bien immobilier,0
GH004556,Volta,48,M,Secondaire,Pêche,230,6000,6,Moyen,0,6,Bien immobilier,0
GH004557,Ashanti,62,F,Superieur,Commerce,500,900,12,Moyen,0,2,Épargne,0
GH004558,Volta,51,M,Superieur,Agriculture,690,1000,12,Bon,1,2,Épargne,0
GH004559,Greater Accra,45,F,Aucun,Agriculture,200,1600,12,Bon,0,5,Épargne,0
GH004560,Ashanti,35,M,Superieur,Commerce,2020,9000,18,Excellent,0,1,Aucune,0
GH004561,Greater Accra,44,F,Secondaire,Commerce,750,1600,36,Excellent,1,4,Garant,0
GH004562,Northern,47,F,Aucun,Transport,900,500,12,Bon,1,0,Garant,0
GH004563,Eastern,28,F,Primaire,Transport,1980,1200,12,Moyen,1,4,Garant,0
GH004564,Greater Accra,20,M,Secondaire,Transport,400,3600,36,Mauvais,1,4,Épargne,0
GH004565,Ashanti,48,M,Superieur,Services,1050,3400,24,Moyen,0,2,Aucune,0
GH004566,Eastern,41,F,Primaire,Commerce,610,1500,12,Bon,1,7,Aucune,0
GH004567,Ashanti,35,F,Aucun,Services,570,3300,12,Bon,1,0,Garant,0
GH004568,Ashanti,60,F,Primaire,Services,360,500,12,Bon,0,1,Épargne,0
GH004569,Central,63,F,Superieur,Artisanat,2520,2000,12,Excellent,1,4,Aucune,0
GH004570,Greater Accra,60,M,Superieur,Pêche,490,3900,12,Bon,0,5,Bien immobilier,0
GH004571,Greater Accra,26,F,Primaire,Artisanat,1160,900,12,Excellent,0,3,Garant,0
GH004572,Ashanti,33,F,Primaire,Agriculture,200,900,18,Excellent,0,2,Épargne,0
GH004573,Volta,48,F,Superieur,Commerce,1710,500,12,Moyen,1,7,Bien immobilier,0
GH004574,Northern,38,F,Secondaire,Pêche,1540,7600,18,Excellent,0,3,Aucune,0
GH004575,Greater Accra,38,M,Superieur,Transport,720,900,12,Bon,0,6,Aucune,0
GH004576,Western,21,F,Superieur,Restauration,550,2200,18,Moyen,1,1,Aucune,0
GH004577,Northern,60,F,Primaire,Services,920,3100,18,Moyen,0,7,Bien immobilier,0
GH004578,Northern,64,M,Secondaire,Pêche,4150,7100,18,Excellent,0,6,Épargne,1
GH004579,Northern,34,M,Aucun,Restauration,200,1600,12,Excellent,0,1,Aucune,0
GH004580,Greater Accra,22,F,Secondaire,Pêche,1240,1100,12,Moyen,0,1,Bien immobilier,0
GH004581,Northern,30,M,Secondaire,Commerce,320,2100,12,Bon,0,1,Garant,0
GH004582,Northern,49,F,Superieur,Restauration,650,5700,18,Mauvais,1,6,Épargne,0
GH004583,Eastern,59,M,Superieur,Restauration,550,1600,6,Excellent,0,0,Bien immobilier,0
GH004584,Greater Accra,37,F,Aucun,Agriculture,470,800,12,Bon,1,6,Aucune,1
GH004585,Northern,21,M,Primaire,Pêche,660,500,6,Excellent,1,7,Bien immobilier,0
GH004586,Volta,51,M,Primaire,Artisanat,270,600,12,Bon,1,6,Garant,0
GH004587,Western,27,F,Superieur,Transport,1520,3900,18,Mauvais,1,6,Épargne,0
GH004588,Northern,41,F,Secondaire,Artisanat,200,1400,12,Moyen,1,3,Épargne,0
GH004589,Ashanti,25,M,Superieur,Agriculture,1020,1000,12,Moyen,1,2,Épargne,0
GH004590,Greater Accra,31,M,Secondaire,Agriculture,510,900,18,Excellent,1,6,Garant,0
GH004591,Eastern,59,F,Primaire,Agriculture,260,2000,18,Premier,0,3,Aucune,1
GH004592,Western,55,F,Aucun,Commerce,780,1500,12,Moyen,1,0,Garant,0
GH004593,Central,34,F,Primaire,Commerce,200,1400,12,Excellent,1,4,Garant,0
GH004594,Ashanti,47,F,Secondaire,Commerce,690,6100,18,Excellent,0,1,Garant,1
GH004595,Ashanti,64,M,Superieur,Commerce,210,7200,36,Excellent,1,4,Garant,0
GH004596,Ashanti,37,F,Primaire,Agriculture,960,500,12,Excellent,0,6,Épargne,0
GH004597,Western,21,F,Superieur,Agriculture,320,2400,18,Premier,0,7,Garant,1
GH004598,Greater Accra,32,F,Primaire,Services,460,900,24,Bon,0,1,Aucune,1
GH004599,Greater Accra,64,F,Primaire,Commerce,840,1400,12,Bon,0,2,Garant,0
GH004600,Northern,34,F,Secondaire,Commerce,360,2400,12,Bon,0,1,Bien immobilier,0
GH004601,Northern,39,F,Primaire,Restauration,640,1500,18,Bon,1,7,Garant,0
GH004602,Greater Accra,48,F,Superieur,Pêche,200,2200,6,Excellent,0,6,Bien immobilier,0
GH004603,Volta,61,F,Primaire,Restauration,1100,3300,12,Excellent,0,1,Garant,0
GH004604,Northern,48,F,Primaire,Pêche,2730,2400,12,Excellent,1,5,Garant,0
GH004605,Volta,22,F,Secondaire,Commerce,6210,1000,12,Bon,0,4,Garant,0
GH004606,Greater Accra,38,F,Superieur,Commerce,720,1000,12,Bon,1,5,Bien immobilier,0
GH004607,Ashanti,22,M,Secondaire,Transport,1250,500,18,Premier,1,4,Aucune,0
GH004608,Central,33,F,Primaire,Commerce,200,800,36,Bon,1,4,Garant,1
GH004609,Ashanti,59,F,Primaire,Restauration,2210,10600,12,Bon,0,7,Garant,0
GH004610,Volta,23,F,Aucun,Agriculture,1240,900,6,Premier,1,0,Garant,1
GH004611,Northern,30,M,Aucun,Pêche,450,600,18,Bon,0,1,Épargne,1
GH004612,Central,50,M,Superieur,Services,1790,2400,12,Bon,0,4,Épargne,0
GH004613,Central,62,M,Aucun,Transport,540,1600,18,Bon,1,0,Bien immobilier,0
GH004614,Greater Accra,51,M,Primaire,Restauration,460,1500,18,Moyen,1,5,Garant,0
GH004615,Eastern,46,M,Secondaire,Transport,970,6400,24,Bon,0,7,Bien immobilier,0
GH004616,Western,49,F,Superieur,Commerce,280,3000,6,Bon,1,7,Garant,0
GH004617,Eastern,62,F,Primaire,Agriculture,1510,1100,12,Bon,0,5,Garant,0
GH004618,Central,21,F,Primaire,Services,290,1200,12,Bon,0,2,Épargne,0
GH004619,Eastern,28,M,Primaire,Restauration,290,1200,12,Mauvais,1,2,Bien immobilier,0
GH004620,Northern,47,F,Primaire,Pêche,320,4000,24,Bon,1,1,Épargne,0
GH004621,Central,50,F,Primaire,Transport,1220,1400,24,Excellent,1,4,Aucune,0
GH004622,Ashanti,53,M,Secondaire,Transport,410,500,24,Bon,1,1,Épargne,0
GH004623,Northern,34,M,Aucun,Transport,230,1700,12,Premier,0,1,Épargne,0
GH004624,Ashanti,44,F,Primaire,Commerce,410,500,18,Moyen,0,6,Garant,0
GH004625,Northern,55,F,Primaire,Pêche,650,12900,12,Bon,1,6,Garant,0
GH004626,Greater Accra,27,F,Superieur,Transport,260,800,24,Premier,1,1,Bien immobilier,0
GH004627,Volta,28,M,Secondaire,Commerce,260,1600,12,Bon,0,0,Épargne,0
GH004628,Northern,56,F,Superieur,Commerce,3600,2300,6,Premier,1,7,Épargne,0
GH004629,Western,64,M,Primaire,Artisanat,330,1400,24,Excellent,1,1,Épargne,0
GH004630,Ashanti,58,F,Secondaire,Pêche,510,1400,18,Premier,1,5,Épargne,0
GH004631,Northern,51,F,Primaire,Services,500,2600,24,Excellent,0,7,Épargne,0
GH004632,Western,36,M,Primaire,Agriculture,470,7100,12,Moyen,1,2,Épargne,0
GH004633,Greater Accra,54,M,Secondaire,Commerce,1090,3600,24,Moyen,0,4,Épargne,0
GH004634,Northern,56,M,Secondaire,Agriculture,1420,6800,18,Moyen,0,6,Garant,0
GH004635,Volta,38,M,Superieur,Restauration,520,700,18,Moyen,0,3,Garant,1
GH004636,Western,63,M,Secondaire,Commerce,250,2400,18,Bon,0,7,Aucune,0
GH004637,Volta,48,F,Aucun,Transport,1840,2100,18,Excellent,0,3,Aucune,0
GH004638,Northern,26,F,Primaire,Commerce,620,2500,12,Bon,0,3,Aucune,1
GH004639,Ashanti,47,F,Primaire,Transport,2660,6200,6,Moyen,1,4,Épargne,1
GH004640,Ashanti,28,F,Aucun,Commerce,200,1500,12,Moyen,0,1,Épargne,0
GH004641,Eastern,47,F,Secondaire,Transport,780,1300,18,Excellent,1,5,Garant,0
GH004642,Eastern,25,F,Secondaire,Agriculture,3090,2900,12,Bon,1,7,Aucune,0
GH004643,Northern,48,M,Superieur,Artisanat,500,500,12,Bon,0,4,Garant,0
GH004644,Eastern,36,F,Secondaire,Services,560,1500,18,Moyen,0,7,Épargne,0
GH004645,Northern,35,M,Secondaire,Pêche,840,1600,12,Mauvais,1,4,Garant,0
GH004646,Northern,42,M,Aucun,Commerce,430,800,12,Excellent,0,5,Bien immobilier,0
GH004647,Volta,50,F,Aucun,Pêche,520,4700,24,Premier,0,0,Garant,0
GH004648,Western,22,F,Secondaire,Transport,510,700,12,Premier,1,5,Garant,0
GH004649,Ashanti,40,F,Superieur,Pêche,400,1600,12,Excellent,0,4,Garant,1
GH004650,Greater Accra,45,F,Primaire,Transport,1780,2400,12,Bon,1,6,Épargne,0
GH004651,Central,55,M,Secondaire,Pêche,960,6100,12,Bon,1,0,Garant,0
GH004652,Ashanti,61,F,Secondaire,Transport,810,1800,12,Bon,1,7,Garant,0
GH004653,Eastern,56,M,Superieur,Agriculture,1270,4200,24,Moyen,0,6,Garant,0
GH004654,Northern,41,M,Primaire,Transport,540,3400,18,Bon,0,6,Garant,0
GH004655,Eastern,61,M,Secondaire,Pêche,360,2000,12,Bon,1,6,Garant,0
GH004656,Western,31,F,Primaire,Restauration,410,700,12,Excellent,1,6,Garant,0
GH004657,Eastern,61,M,Secondaire,Services,670,500,12,Excellent,1,6,Aucune,0
GH004658,Western,32,F,Primaire,Transport,290,2000,6,Moyen,1,6,Épargne,0
GH004659,Greater Accra,30,F,Primaire,Agriculture,450,1100,24,Excellent,1,2,Épargne,0
GH004660,Northern,35,F,Secondaire,Agriculture,440,4100,12,Mauvais,1,0,Garant,0
GH004661,Eastern,27,F,Aucun,Restauration,3640,3500,18,Bon,0,3,Épargne,0
GH004662,Western,59,F,Secondaire,Artisanat,200,1500,18,Bon,1,0,Épargne,0
GH004663,Eastern,59,F,Secondaire,Artisanat,580,600,24,Mauvais,0,6,Bien immobilier,0
GH004664,Western,64,F,Superieur,Transport,2650,2900,12,Excellent,0,6,Garant,0
GH004665,Volta,21,M,Primaire,Commerce,730,700,12,Excellent,1,2,Bien immobilier,0
GH004666,Northern,49,M,Aucun,Artisanat,1220,900,6,Premier,1,4,Bien immobilier,0
GH004667,Northern,49,F,Primaire,Services,720,700,24,Bon,0,7,Bien immobilier,0
GH004668,Ashanti,31,F,Aucun,Commerce,390,1600,12,Excellent,1,3,Garant,0
GH004669,Western,29,F,Secondaire,Services,200,5200,12,Excellent,0,0,Bien immobilier,0
GH004670,Central,63,F,Aucun,Pêche,780,1800,18,Mauvais,0,5,Aucune,1
GH004671,Greater Accra,30,F,Primaire,Commerce,360,1200,12,Bon,1,1,Garant,0
GH004672,Ashanti,34,M,Aucun,Artisanat,350,500,6,Excellent,0,7,Épargne,0
GH004673,Greater Accra,35,M,Aucun,Commerce,450,3000,12,Mauvais,1,5,Garant,1
GH004674,Ashanti,36,F,Superieur,Agriculture,2690,900,12,Bon,0,4,Bien immobilier,0
GH004675,Eastern,45,M,Superieur,Services,4550,2000,36,Premier,1,3,Garant,0
GH004676,Western,21,F,Secondaire,Artisanat,790,1300,12,Bon,1,3,Épargne,0
GH004677,Eastern,31,F,Primaire,Services,460,3800,18,Bon,0,0,Bien immobilier,0
GH004678,Greater Accra,45,M,Superieur,Commerce,260,1600,24,Excellent,1,4,Garant,0
GH004679,Northern,42,M,Superieur,Artisanat,970,1700,12,Bon,1,4,Épargne,0
GH004680,Greater Accra,37,F,Superieur,Services,2770,2800,12,Excellent,0,6,Garant,0
GH004681,Ashanti,51,F,Secondaire,Restauration,550,12000,12,Bon,0,1,Garant,0
GH004682,Greater Accra,57,M,Aucun,Artisanat,200,4000,24,Bon,1,1,Garant,0
GH004683,Western,22,F,Aucun,Services,1140,1700,24,Bon,0,3,Épargne,0
GH004684,Greater Accra,57,F,Superieur,Restauration,1460,1800,12,Premier,1,5,Aucune,0
GH004685,Eastern,22,M,Superieur,Commerce,200,1100,12,Excellent,0,7,Épargne,0
GH004686,Northern,49,M,Primaire,Restauration,770,800,24,Bon,0,3,Garant,0
GH004687,Western,20,M,Primaire,Artisanat,950,1100,12,Moyen,1,2,Garant,0
GH004688,Greater Accra,49,F,Secondaire,Agriculture,630,900,18,Moyen,0,3,Bien immobilier,0
GH004689,Central,64,F,Secondaire,Restauration,350,3300,18,Moyen,0,6,Garant,0
GH004690,Central,51,F,Secondaire,Artisanat,1500,700,18,Moyen,0,1,Garant,0
GH004691,Northern,47,F,Secondaire,Agriculture,480,6000,24,Premier,1,6,Aucune,0
GH004692,Eastern,40,M,Primaire,Pêche,200,3600,24,Moyen,0,0,Épargne,0
GH004693,Ashanti,32,M,Primaire,Transport,200,1800,24,Mauvais,0,2,Épargne,0
GH004694,Ashanti,46,M,Secondaire,Restauration,1820,1800,24,Bon,1,3,Épargne,0
GH004695,Northern,55,M,Secondaire,Restauration,1090,1100,6,Moyen,1,1,Garant,0
GH004696,Greater Accra,26,F,Aucun,Commerce,710,2300,6,Bon,1,7,Garant,0
GH004697,Western,41,F,Primaire,Pêche,470,4800,24,Bon,0,5,Bien immobilier,1
GH004698,Northern,29,M,Secondaire,Commerce,440,1000,6,Bon,0,7,Épargne,0
GH004699,Ashanti,58,M,Primaire,Commerce,280,500,18,Bon,1,2,Bien immobilier,1
GH004700,Central,34,M,Secondaire,Artisanat,470,3400,24,Bon,0,7,Garant,0
GH004701,Ashanti,34,F,Secondaire,Services,200,2400,12,Bon,0,0,Aucune,0
GH004702,Central,23,F,Secondaire,Commerce,370,700,12,Excellent,0,0,Bien immobilier,0
GH004703,Ashanti,51,F,Secondaire,Services,520,900,12,Bon,0,5,Garant,0
GH004704,Eastern,42,M,Primaire,Restauration,1080,800,6,Premier,1,1,Garant,0
GH004705,Northern,25,F,Secondaire,Commerce,640,900,18,Bon,0,6,Épargne,0
GH004706,Western,43,M,Aucun,Agriculture,1260,1400,6,Excellent,0,7,Garant,1
GH004707,Northern,39,F,Secondaire,Restauration,1960,1400,24,Bon,0,4,Garant,0
GH004708,Volta,56,F,Secondaire,Transport,1550,1000,12,Mauvais,0,6,Épargne,0
GH004709,Greater Accra,39,F,Primaire,Artisanat,970,900,18,Premier,0,5,Aucune,0
GH004710,Central,31,F,Primaire,Commerce,670,1500,6,Mauvais,1,6,Garant,0
GH004711,Ashanti,52,F,Aucun,Agriculture,300,2100,12,Bon,0,1,Bien immobilier,1
GH004712,Greater Accra,47,M,Secondaire,Transport,1200,1400,12,Bon,0,1,Aucune,0
GH004713,Central,27,M,Aucun,Services,2550,5100,6,Premier,0,6,Bien immobilier,0
GH004714,Northern,20,F,Secondaire,Agriculture,870,2900,18,Bon,0,7,Garant,0
GH004715,Central,56,M,Secondaire,Restauration,3080,500,24,Excellent,1,6,Garant,0
GH004716,Eastern,41,M,Secondaire,Commerce,200,2900,6,Bon,1,1,Garant,0
GH004717,Ashanti,25,F,Superieur,Agriculture,260,3100,12,Premier,1,4,Garant,0
GH004718,Volta,40,F,Primaire,Commerce,1320,1200,18,Bon,0,3,Bien immobilier,0
GH004719,Northern,51,F,Superieur,Restauration,820,500,24,Premier,0,3,Épargne,0
GH004720,Volta,54,M,Aucun,Pêche,1900,1800,12,Excellent,0,0,Garant,0
GH004721,Greater Accra,34,M,Aucun,Agriculture,660,1800,6,Moyen,1,3,Garant,0
GH004722,Ashanti,24,F,Primaire,Artisanat,330,700,6,Excellent,0,1,Aucune,0
GH004723,Northern,25,F,Secondaire,Services,560,500,12,Excellent,1,6,Garant,0
GH004724,Volta,44,F,Aucun,Commerce,200,1700,6,Moyen,0,5,Épargne,0
GH004725,Ashanti,59,F,Secondaire,Transport,270,1500,12,Bon,0,3,Bien immobilier,1
GH004726,Western,48,F,Primaire,Restauration,1450,1200,12,Moyen,1,4,Garant,0
GH004727,Central,26,M,Superieur,Restauration,1340,1700,12,Premier,0,7,Aucune,0
GH004728,Volta,59,M,Secondaire,Transport,890,700,6,Excellent,0,5,Garant,0
GH004729,Central,32,M,Secondaire,Artisanat,200,1200,12,Excellent,0,7,Épargne,0
GH004730,Western,57,F,Superieur,Pêche,500,2900,6,Moyen,1,3,Aucune,0
GH004731,Western,37,M,Secondaire,Commerce,250,1300,12,Mauvais,0,1,Épargne,0
GH004732,Ashanti,21,F,Primaire,Pêche,1700,500,12,Moyen,1,3,Épargne,0
GH004733,Central,27,F,Primaire,Services,420,1200,6,Bon,1,5,Garant,0
GH004734,Greater Accra,30,M,Secondaire,Restauration,280,700,24,Moyen,0,0,Bien immobilier,0
GH004735,Eastern,52,F,Primaire,Agriculture,680,2300,12,Excellent,0,3,Garant,0
GH004736,Northern,57,F,Aucun,Pêche,400,2400,18,Excellent,1,0,Bien immobilier,0
GH004737,Western,46,F,Primaire,Agriculture,2180,500,12,Bon,0,6,Épargne,0
GH004738,Greater Accra,39,F,Secondaire,Artisanat,370,3600,12,Mauvais,0,7,Épargne,0
GH004739,Greater Accra,31,M,Primaire,Restauration,220,700,18,Bon,0,2,Garant,0
GH004740,Ashanti,62,M,Aucun,Agriculture,200,7400,6,Bon,0,4,Bien immobilier,0
GH004741,Western,50,M,Primaire,Commerce,650,1700,6,Bon,1,0,Épargne,0
GH004742,Greater Accra,46,F,Secondaire,Restauration,420,600,12,Bon,1,5,Épargne,0
GH004743,Eastern,51,F,Secondaire,Artisanat,210,600,12,Mauvais,0,2,Bien immobilier,0
GH004744,Greater Accra,29,F,Secondaire,Commerce,1720,2500,12,Bon,1,2,Garant,0
GH004745,Eastern,22,M,Primaire,Restauration,1130,1300,18,Excellent,1,1,Épargne,1
GH004746,Volta,64,F,Superieur,Pêche,650,1700,6,Moyen,0,2,Bien immobilier,0
GH004747,Eastern,46,F,Primaire,Services,1980,7700,36,Moyen,0,4,Garant,0
GH004748,Eastern,54,F,Secondaire,Transport,1130,1000,12,Moyen,1,4,Bien immobilier,1
GH004749,Western,50,M,Superieur,Restauration,340,1900,12,Premier,0,4,Aucune,0
GH004750,Volta,34,F,Superieur,Commerce,290,6500,24,Bon,0,4,Garant,0
GH004751,Eastern,35,M,Secondaire,Agriculture,1280,2300,6,Bon,0,7,Bien immobilier,0
GH004752,Western,32,M,Superieur,Services,910,500,36,Moyen,0,1,Épargne,0
GH004753,Volta,54,M,Secondaire,Agriculture,760,2800,6,Bon,1,3,Aucune,0
GH004754,Greater Accra,30,M,Primaire,Restauration,340,600,6,Mauvais,0,7,Garant,0
GH004755,Volta,40,F,Primaire,Restauration,1080,6400,12,Moyen,0,6,Garant,0
GH004756,Eastern,30,M,Secondaire,Artisanat,360,900,12,Moyen,0,5,Garant,0
GH004757,Volta,49,F,Secondaire,Pêche,610,26200,12,Mauvais,1,7,Épargne,0
GH004758,Central,54,M,Primaire,Artisanat,2120,6800,6,Bon,0,7,Bien immobilier,0
GH004759,Greater Accra,41,M,Superieur,Transport,390,900,6,Moyen,1,5,Bien immobilier,0
GH004760,Northern,57,M,Primaire,Artisanat,200,1800,6,Moyen,0,0,Garant,0
GH004761,Volta,50,M,Primaire,Agriculture,290,3600,12,Mauvais,0,1,Aucune,0
GH004762,Volta,33,M,Aucun,Agriculture,1470,3700,24,Bon,0,5,Épargne,0
GH004763,Volta,43,F,Superieur,Commerce,820,2700,12,Bon,1,1,Garant,0
GH004764,Central,51,F,Secondaire,Transport,600,5600,18,Excellent,0,0,Aucune,0
GH004765,Central,55,M,Secondaire,Transport,440,1600,12,Mauvais,1,5,Épargne,0
GH004766,Ashanti,51,M,Secondaire,Artisanat,980,1300,6,Bon,0,0,Épargne,0
GH004767,Western,34,M,Secondaire,Services,340,1300,18,Bon,1,3,Épargne,0
GH004768,Ashanti,62,F,Superieur,Commerce,850,3900,24,Excellent,0,3,Bien immobilier,0
GH004769,Western,54,F,Primaire,Restauration,370,2500,24,Moyen,0,4,Garant,0
GH004770,Ashanti,22,F,Secondaire,Commerce,320,2300,12,Excellent,0,6,Épargne,0
GH004771,Greater Accra,35,M,Aucun,Agriculture,400,3700,12,Premier,0,5,Bien immobilier,0
GH004772,Central,24,M,Superieur,Artisanat,490,500,6,Mauvais,1,3,Garant,0
GH004773,Greater Accra,40,M,Superieur,Agriculture,640,2400,18,Excellent,0,3,Garant,0
GH004774,Western,29,F,Secondaire,Restauration,800,2200,12,Bon,1,0,Aucune,0
GH004775,Central,38,M,Primaire,Pêche,200,8100,24,Moyen,0,6,Aucune,0
GH004776,Central,44,F,Primaire,Services,350,500,18,Mauvais,1,6,Aucune,0
GH004777,Western,23,F,Primaire,Transport,490,7300,24,Moyen,1,2,Bien immobilier,1
GH004778,Greater Accra,48,F,Primaire,Artisanat,2220,1900,18,Premier,1,4,Épargne,0
GH004779,Central,38,M,Secondaire,Agriculture,280,2800,18,Bon,0,4,Bien immobilier,0
GH004780,Northern,62,F,Aucun,Pêche,760,8200,12,Excellent,1,1,Épargne,0
GH004781,Volta,21,M,Superieur,Restauration,2200,3000,12,Bon,0,3,Bien immobilier,0
GH004782,Greater Accra,29,F,Primaire,Pêche,230,2600,6,Moyen,0,3,Garant,0
GH004783,Greater Accra,62,M,Superieur,Agriculture,910,2200,18,Bon,1,0,Garant,0
GH004784,Greater Accra,44,M,Secondaire,Agriculture,350,1200,12,Excellent,0,3,Bien immobilier,0
GH004785,Central,39,M,Primaire,Restauration,440,1800,18,Mauvais,1,1,Garant,0
GH004786,Eastern,38,F,Primaire,Restauration,350,900,18,Moyen,1,0,Bien immobilier,0
GH004787,Volta,42,M,Superieur,Pêche,370,1700,18,Excellent,1,7,Épargne,0
GH004788,Ashanti,43,F,Secondaire,Pêche,5870,500,6,Mauvais,0,6,Épargne,0
GH004789,Western,30,M,Primaire,Transport,1310,2700,24,Excellent,1,4,Aucune,0
GH004790,Greater Accra,53,M,Aucun,Transport,1610,1600,6,Excellent,0,3,Aucune,0
GH004791,Central,47,F,Secondaire,Agriculture,990,1300,24,Bon,0,3,Bien immobilier,0
GH004792,Western,24,M,Primaire,Restauration,200,2200,12,Mauvais,1,1,Aucune,0
GH004793,Eastern,24,F,Primaire,Commerce,910,500,24,Moyen,1,5,Épargne,0
GH004794,Northern,40,F,Secondaire,Restauration,1570,10300,12,Bon,1,6,Garant,0
GH004795,Eastern,31,F,Secondaire,Artisanat,340,1600,18,Excellent,0,6,Garant,0
GH004796,Central,23,M,Primaire,Artisanat,1440,1600,12,Moyen,1,6,Garant,0
GH004797,Greater Accra,61,F,Superieur,Restauration,1170,800,18,Bon,1,1,Épargne,0
GH004798,Eastern,39,F,Secondaire,Pêche,2930,1800,12,Premier,0,7,Bien immobilier,0
GH004799,Volta,57,F,Superieur,Artisanat,480,6300,18,Moyen,0,0,Épargne,0
GH004800,Eastern,44,M,Primaire,Services,280,4600,12,Excellent,0,4,Garant,0
GH004801,Eastern,33,F,Primaire,Transport,500,3900,18,Moyen,0,5,Garant,0
GH004802,Volta,30,F,Aucun,Agriculture,2100,3000,12,Bon,0,5,Garant,0
GH004803,Northern,51,F,Primaire,Agriculture,200,1300,12,Premier,1,1,Bien immobilier,0
GH004804,Central,30,F,Superieur,Services,200,500,24,Excellent,0,1,Aucune,1
GH004805,Western,37,F,Superieur,Services,710,1500,24,Excellent,1,4,Aucune,1
GH004806,Ashanti,46,M,Secondaire,Agriculture,470,1500,18,Bon,1,2,Bien immobilier,1
GH004807,Central,37,M,Secondaire,Transport,670,4600,24,Excellent,0,0,Épargne,0
GH004808,Greater Accra,42,M,Secondaire,Restauration,1420,2400,12,Bon,0,5,Garant,0
GH004809,Central,30,M,Secondaire,Artisanat,430,7700,12,Bon,1,2,Épargne,0
GH004810,Central,40,F,Aucun,Pêche,200,5300,12,Bon,1,4,Épargne,0
GH004811,Northern,63,F,Secondaire,Transport,3410,1200,12,Bon,1,5,Épargne,0
GH004812,Ashanti,24,F,Secondaire,Transport,300,500,12,Mauvais,0,5,Garant,0
GH004813,Ashanti,42,F,Primaire,Agriculture,290,6300,18,Bon,1,7,Épargne,0
GH004814,Ashanti,60,M,Primaire,Services,1610,6100,12,Premier,1,3,Épargne,0
GH004815,Western,44,M,Primaire,Transport,490,500,12,Excellent,0,5,Garant,0
GH004816,Central,60,F,Secondaire,Transport,630,7000,18,Bon,0,0,Aucune,0
GH004817,Northern,29,F,Aucun,Pêche,980,2600,12,Moyen,1,7,Garant,0
GH004818,Greater Accra,41,F,Secondaire,Transport,1580,2100,12,Bon,0,4,Bien immobilier,0
GH004819,Ashanti,38,F,Primaire,Agriculture,510,7700,6,Bon,1,4,Épargne,1
GH004820,Volta,20,M,Primaire,Transport,2240,6100,36,Premier,1,7,Épargne,0
GH004821,Ashanti,26,F,Secondaire,Restauration,200,3200,12,Bon,1,5,Garant,0
GH004822,Volta,23,F,Secondaire,Agriculture,1220,2800,24,Bon,1,7,Épargne,0
GH004823,Central,20,M,Primaire,Restauration,340,3100,12,Moyen,0,0,Garant,1
GH004824,Greater Accra,34,M,Superieur,Services,1990,1300,12,Excellent,1,2,Garant,0
GH004825,Northern,59,F,Primaire,Artisanat,750,1700,12,Bon,0,3,Bien immobilier,0
GH004826,Ashanti,31,F,Superieur,Services,390,800,18,Excellent,0,2,Garant,0
GH004827,Central,41,M,Secondaire,Services,1130,1300,36,Excellent,1,1,Garant,0
GH004828,Eastern,41,F,Primaire,Artisanat,1360,1300,12,Excellent,0,7,Garant,0
GH004829,Northern,36,F,Secondaire,Pêche,1110,1000,6,Premier,0,2,Aucune,0
GH004830,Volta,48,F,Primaire,Transport,290,2000,12,Excellent,1,1,Épargne,0
GH004831,Western,33,F,Aucun,Agriculture,450,1400,12,Bon,0,0,Épargne,1
GH004832,Northern,39,F,Aucun,Artisanat,660,2800,24,Excellent,0,5,Épargne,0
GH004833,Central,52,F,Primaire,Transport,640,500,12,Bon,0,1,Épargne,0
GH004834,Ashanti,62,M,Secondaire,Commerce,1210,1600,6,Bon,0,4,Épargne,0
GH004835,Northern,34,F,Secondaire,Commerce,200,2000,24,Bon,0,5,Aucune,0
GH004836,Greater Accra,31,M,Superieur,Pêche,870,1400,12,Moyen,1,7,Bien immobilier,0
GH004837,Volta,59,M,Primaire,Transport,530,1500,18,Premier,0,5,Épargne,0
GH004838,Eastern,39,F,Secondaire,Services,340,500,18,Bon,0,6,Garant,1
GH004839,Greater Accra,49,M,Primaire,Artisanat,370,2500,6,Excellent,0,5,Garant,0
GH004840,Greater Accra,57,F,Secondaire,Restauration,560,3200,6,Mauvais,0,6,Garant,0
GH004841,Greater Accra,22,M,Superieur,Transport,200,2800,6,Premier,0,1,Bien immobilier,0
GH004842,Central,47,F,Aucun,Commerce,380,4600,36,Bon,0,7,Épargne,1
GH004843,Central,45,M,Superieur,Transport,330,2200,18,Bon,1,4,Bien immobilier,0
GH004844,Northern,49,M,Secondaire,Artisanat,1020,2800,6,Excellent,0,4,Aucune,0
GH004845,Volta,32,F,Secondaire,Restauration,350,2100,18,Bon,0,2,Aucune,0
GH004846,Western,32,M,Secondaire,Agriculture,560,3400,18,Bon,1,5,Bien immobilier,0
GH004847,Volta,21,F,Secondaire,Services,2280,500,6,Premier,0,5,Garant,0
GH004848,Eastern,56,F,Superieur,Transport,1470,800,12,Excellent,0,3,Garant,0
GH004849,Northern,57,F,Secondaire,Artisanat,1370,7500,18,Bon,1,5,Épargne,0
GH004850,Greater Accra,21,M,Primaire,Agriculture,450,500,12,Moyen,0,2,Garant,0
GH004851,Northern,55,M,Secondaire,Commerce,1030,1600,24,Bon,0,6,Bien immobilier,0
GH004852,Volta,45,F,Primaire,Agriculture,550,5200,18,Bon,1,7,Bien immobilier,0
GH004853,Ashanti,30,F,Superieur,Commerce,570,1700,6,Premier,1,6,Aucune,0
GH004854,Northern,27,F,Superieur,Pêche,920,1300,24,Bon,1,6,Garant,0
GH004855,Volta,63,M,Secondaire,Pêche,410,2000,6,Premier,1,7,Garant,0
GH004856,Northern,59,F,Secondaire,Commerce,2200,1300,24,Excellent,0,2,Garant,0
GH004857,Volta,62,M,Superieur,Restauration,590,1900,12,Excellent,1,6,Bien immobilier,0
GH004858,Greater Accra,41,F,Primaire,Pêche,1090,1000,18,Premier,1,4,Épargne,0
GH004859,Northern,39,F,Secondaire,Services,2130,4900,18,Excellent,1,3,Aucune,0
GH004860,Eastern,27,M,Primaire,Restauration,1520,6500,12,Moyen,1,4,Bien immobilier,0
GH004861,Greater Accra,48,F,Secondaire,Restauration,220,1600,12,Bon,0,5,Épargne,0
GH004862,Central,59,F,Primaire,Restauration,950,500,12,Bon,0,3,Épargne,0
GH004863,Central,45,F,Secondaire,Artisanat,1310,1100,18,Moyen,1,1,Épargne,0
GH004864,Northern,49,F,Primaire,Transport,1360,1500,12,Moyen,1,6,Bien immobilier,0
GH004865,Northern,36,F,Aucun,Services,270,2800,36,Premier,1,4,Garant,0
GH004866,Eastern,39,F,Aucun,Artisanat,390,700,18,Bon,0,2,Bien immobilier,0
GH004867,Volta,35,M,Aucun,Transport,1470,900,12,Moyen,0,4,Garant,0
GH004868,Volta,62,M,Aucun,Transport,360,2900,18,Bon,0,0,Épargne,0
GH004869,Western,26,M,Secondaire,Restauration,520,4200,12,Moyen,1,0,Épargne,1
GH004870,Greater Accra,35,M,Secondaire,Commerce,2350,1000,24,Excellent,0,0,Épargne,0
GH004871,Eastern,64,F,Aucun,Transport,640,500,12,Bon,1,2,Garant,0
GH004872,Northern,46,M,Secondaire,Pêche,370,34700,12,Excellent,1,2,Garant,0
GH004873,Northern,42,F,Secondaire,Agriculture,330,3700,6,Bon,1,6,Garant,0
GH004874,Northern,43,M,Aucun,Artisanat,870,1400,36,Moyen,1,0,Garant,0
GH004875,Northern,28,F,Primaire,Artisanat,230,4000,12,Excellent,1,5,Bien immobilier,1
GH004876,Ashanti,54,F,Secondaire,Services,550,1600,12,Moyen,1,6,Garant,0
GH004877,Northern,39,M,Aucun,Agriculture,870,3900,12,Bon,0,2,Garant,0
GH004878,Northern,56,F,Aucun,Restauration,1880,2100,12,Excellent,1,7,Épargne,0
GH004879,Ashanti,61,F,Superieur,Services,1130,2000,12,Bon,0,5,Garant,0
GH004880,Western,36,F,Secondaire,Services,380,1600,18,Mauvais,0,2,Épargne,0
GH004881,Volta,50,F,Primaire,Transport,1710,500,6,Premier,1,2,Épargne,0
GH004882,Central,27,F,Secondaire,Services,520,10300,12,Bon,0,7,Bien immobilier,1
GH004883,Northern,34,F,Secondaire,Agriculture,250,800,12,Excellent,1,0,Épargne,0
GH004884,Volta,50,M,Secondaire,Restauration,580,500,12,Excellent,0,1,Garant,0
GH004885,Northern,49,F,Primaire,Services,2100,1500,12,Moyen,1,5,Épargne,0
GH004886,Eastern,39,F,Primaire,Artisanat,760,800,18,Moyen,1,7,Épargne,0
GH004887,Greater Accra,58,F,Secondaire,Services,670,1700,6,Bon,1,5,Aucune,0
GH004888,Eastern,31,M,Aucun,Agriculture,2460,3400,12,Bon,0,6,Aucune,0
GH004889,Northern,36,F,Superieur,Transport,210,4400,12,Mauvais,0,1,Aucune,1
GH004890,Western,61,F,Primaire,Commerce,240,3800,12,Bon,1,3,Bien immobilier,0
GH004891,Eastern,49,M,Primaire,Pêche,200,1400,12,Moyen,1,4,Garant,0
GH004892,Western,48,F,Superieur,Pêche,900,1900,18,Bon,0,7,Épargne,0
GH004893,Western,38,F,Aucun,Pêche,760,2600,18,Moyen,1,1,Épargne,0
GH004894,Northern,30,F,Aucun,Agriculture,2290,500,12,Bon,0,7,Garant,0
GH004895,Western,53,M,Secondaire,Services,810,3000,12,Bon,0,3,Garant,0
GH004896,Eastern,26,M,Primaire,Services,480,500,18,Bon,1,1,Garant,1
GH004897,Ashanti,63,F,Secondaire,Transport,670,11300,36,Bon,0,0,Garant,0
GH004898,Greater Accra,53,F,Aucun,Restauration,730,1300,12,Bon,0,6,Garant,0
GH004899,Western,39,M,Primaire,Transport,200,1500,6,Bon,1,3,Garant,0
GH004900,Volta,57,M,Primaire,Transport,5820,900,12,Premier,1,0,Aucune,0
GH004901,Northern,43,M,Secondaire,Services,1010,1000,12,Premier,1,0,Garant,0
GH004902,Central,29,F,Primaire,Services,790,14000,12,Bon,0,3,Épargne,0
GH004903,Western,51,F,Primaire,Artisanat,1090,4200,24,Excellent,1,5,Épargne,0
GH004904,Volta,34,F,Secondaire,Pêche,1170,500,12,Excellent,1,5,Épargne,1
GH004905,Eastern,56,F,Superieur,Agriculture,590,7000,12,Mauvais,1,3,Épargne,0
GH004906,Western,39,F,Secondaire,Pêche,400,5300,36,Premier,0,1,Garant,0
GH004907,Central,22,F,Primaire,Transport,1070,1400,6,Excellent,0,1,Bien immobilier,0
GH004908,Volta,56,M,Secondaire,Restauration,910,2400,6,Moyen,1,4,Garant,0
GH004909,Ashanti,59,F,Secondaire,Services,350,1800,12,Moyen,0,6,Garant,0
GH004910,Eastern,27,F,Superieur,Commerce,2070,10700,6,Bon,0,6,Épargne,1
GH004911,Eastern,59,F,Superieur,Services,840,900,18,Bon,0,1,Épargne,0
GH004912,Northern,63,M,Superieur,Commerce,1190,2100,12,Moyen,0,5,Bien immobilier,0
GH004913,Eastern,42,M,Secondaire,Services,2030,1200,18,Excellent,0,3,Épargne,0
GH004914,Central,59,M,Aucun,Transport,680,500,18,Excellent,1,1,Bien immobilier,0
GH004915,Volta,30,F,Secondaire,Artisanat,860,13000,12,Excellent,1,3,Garant,0
GH004916,Eastern,27,M,Secondaire,Commerce,1270,600,12,Premier,0,6,Garant,0
GH004917,Ashanti,48,M,Superieur,Commerce,370,2200,12,Bon,1,4,Épargne,0
GH004918,Greater Accra,49,F,Superieur,Services,690,500,24,Bon,0,3,Bien immobilier,0
GH004919,Greater Accra,29,F,Secondaire,Agriculture,740,1300,6,Moyen,0,4,Garant,0
GH004920,Western,58,M,Secondaire,Services,310,2600,12,Premier,0,6,Garant,0
GH004921,Greater Accra,47,M,Aucun,Agriculture,4250,900,24,Excellent,0,4,Garant,0
GH004922,Central,55,M,Secondaire,Artisanat,220,3100,12,Excellent,0,6,Épargne,0
GH004923,Greater Accra,32,F,Primaire,Transport,240,1400,6,Bon,1,4,Aucune,0
GH004924,Central,51,F,Superieur,Services,1900,5100,18,Premier,1,0,Garant,0
GH004925,Central,55,M,Superieur,Artisanat,1180,6200,12,Bon,0,5,Épargne,0
GH004926,Western,56,F,Secondaire,Transport,290,1100,12,Moyen,0,6,Épargne,0
GH004927,Greater Accra,45,M,Aucun,Agriculture,1080,1900,24,Excellent,0,7,Bien immobilier,0
GH004928,Western,41,M,Primaire,Services,2150,2100,12,Bon,1,2,Épargne,0
GH004929,Eastern,23,F,Secondaire,Commerce,650,3200,12,Excellent,0,5,Garant,0
GH004930,Ashanti,50,M,Aucun,Transport,5320,1800,12,Bon,1,3,Épargne,0
GH004931,Volta,37,F,Primaire,Restauration,200,2100,18,Bon,0,5,Aucune,0
GH004932,Greater Accra,57,F,Superieur,Commerce,1160,1500,18,Bon,0,6,Épargne,0
GH004933,Eastern,43,M,Aucun,Commerce,1690,2000,12,Moyen,1,6,Aucune,0
GH004934,Northern,42,F,Aucun,Restauration,1360,5800,12,Premier,0,1,Garant,0
GH004935,Volta,41,F,Secondaire,Artisanat,560,3200,18,Bon,1,7,Bien immobilier,0
GH004936,Volta,21,F,Superieur,Agriculture,530,3400,12,Moyen,1,2,Bien immobilier,0
GH004937,Volta,50,F,Secondaire,Artisanat,950,3500,12,Mauvais,1,5,Garant,0
GH004938,Eastern,30,F,Superieur,Artisanat,1280,1600,12,Excellent,1,2,Épargne,1
GH004939,Western,47,M,Secondaire,Services,1080,2400,12,Bon,1,5,Bien immobilier,0
GH004940,Western,51,F,Primaire,Services,1530,700,12,Moyen,0,6,Aucune,0
GH004941,Volta,24,M,Superieur,Artisanat,290,5700,24,Bon,1,6,Aucune,0
GH004942,Volta,57,M,Primaire,Agriculture,550,500,12,Excellent,1,0,Garant,0
GH004943,Ashanti,29,F,Primaire,Artisanat,310,1700,12,Bon,0,3,Garant,0
GH004944,Ashanti,59,M,Primaire,Services,490,5000,12,Bon,0,6,Bien immobilier,0
GH004945,Volta,43,M,Secondaire,Artisanat,1500,500,12,Excellent,0,3,Bien immobilier,0
GH004946,Ashanti,54,F,Superieur,Pêche,730,2600,6,Bon,0,1,Garant,0
GH004947,Volta,63,F,Primaire,Commerce,5350,1000,6,Moyen,0,0,Épargne,0
GH004948,Ashanti,42,M,Primaire,Services,780,1300,12,Bon,0,5,Bien immobilier,0
GH004949,Volta,36,M,Superieur,Pêche,700,4200,12,Excellent,1,7,Garant,0
GH004950,Western,20,M,Aucun,Agriculture,720,2200,12,Bon,0,5,Épargne,0
GH004951,Central,50,M,Secondaire,Transport,400,500,36,Premier,1,5,Garant,0
GH004952,Western,50,F,Primaire,Transport,640,800,12,Bon,1,5,Épargne,0
GH004953,Central,61,F,Primaire,Restauration,1640,4300,18,Bon,0,7,Bien immobilier,0
GH004954,Western,61,F,Primaire,Transport,730,2700,12,Excellent,0,2,Garant,0
GH004955,Northern,53,F,Primaire,Restauration,350,8700,12,Bon,1,5,Garant,0
GH004956,Western,28,F,Secondaire,Transport,320,8200,18,Bon,1,3,Bien immobilier,0
GH004957,Ashanti,41,F,Superieur,Pêche,460,1300,6,Premier,1,0,Aucune,0
GH004958,Central,32,F,Primaire,Pêche,710,17200,6,Moyen,1,4,Bien immobilier,0
GH004959,Eastern,44,F,Secondaire,Pêche,1730,1800,6,Bon,1,3,Épargne,0
GH004960,Northern,37,F,Secondaire,Commerce,230,800,12,Bon,0,5,Garant,0
GH004961,Eastern,31,M,Primaire,Agriculture,510,1000,12,Excellent,0,2,Épargne,0
GH004962,Northern,59,F,Secondaire,Services,750,500,18,Excellent,0,4,Garant,0
GH004963,Eastern,36,F,Secondaire,Transport,200,7700,12,Moyen,1,6,Garant,0
GH004964,Ashanti,34,M,Aucun,Transport,340,7600,12,Bon,0,7,Garant,1
GH004965,Eastern,61,F,Primaire,Transport,390,700,24,Excellent,1,4,Aucune,0
GH004966,Volta,34,F,Superieur,Artisanat,350,1500,12,Bon,0,5,Aucune,0
GH004967,Western,34,F,Secondaire,Pêche,780,2000,18,Bon,0,4,Aucune,0
GH004968,Ashanti,58,F,Primaire,Commerce,580,800,24,Moyen,1,5,Garant,0
GH004969,Volta,32,F,Primaire,Restauration,430,500,12,Bon,1,2,Épargne,0
GH004970,Eastern,36,M,Primaire,Services,940,1500,6,Moyen,0,0,Épargne,0
GH004971,Ashanti,51,F,Primaire,Services,2640,1400,36,Moyen,1,3,Épargne,0
GH004972,Western,28,M,Primaire,Restauration,2470,1300,12,Excellent,0,0,Bien immobilier,0
GH004973,Ashanti,59,F,Aucun,Restauration,200,2200,12,Premier,1,5,Garant,0
GH004974,Eastern,39,M,Primaire,Pêche,1060,6500,12,Excellent,1,2,Garant,0
GH004975,Ashanti,45,M,Secondaire,Restauration,580,1400,12,Bon,0,7,Épargne,0
GH004976,Northern,46,M,Aucun,Restauration,750,2100,36,Mauvais,1,1,Aucune,0
GH004977,Greater Accra,40,F,Aucun,Restauration,480,3500,6,Excellent,1,5,Garant,0
GH004978,Eastern,37,M,Aucun,Artisanat,730,3000,12,Bon,0,3,Bien immobilier,0
GH004979,Western,32,M,Primaire,Restauration,750,1000,12,Mauvais,1,3,Bien immobilier,0
GH004980,Central,35,M,Primaire,Commerce,420,2000,12,Moyen,1,6,Bien immobilier,1
GH004981,Ashanti,28,M,Secondaire,Pêche,320,3000,12,Bon,1,5,Épargne,0
GH004982,Northern,31,M,Primaire,Transport,460,700,36,Moyen,1,1,Aucune,0
GH004983,Ashanti,63,M,Primaire,Artisanat,800,5600,24,Mauvais,0,6,Garant,0
GH004984,Eastern,57,F,Secondaire,Artisanat,1070,6600,12,Bon,0,4,Épargne,0
GH004985,Northern,38,M,Secondaire,Pêche,1320,900,18,Bon,0,3,Épargne,0
GH004986,Eastern,26,M,Aucun,Restauration,450,2200,6,Premier,1,6,Garant,0
GH004987,Greater Accra,54,F,Primaire,Transport,830,3200,12,Premier,1,3,Aucune,0
GH004988,Western,37,F,Superieur,Transport,1440,1100,12,Bon,0,6,Épargne,0
GH004989,Northern,35,F,Superieur,Restauration,1690,2800,18,Excellent,0,6,Garant,1
GH004990,Northern,58,M,Primaire,Agriculture,630,2100,12,Moyen,0,5,Aucune,0
GH004991,Ashanti,23,M,Primaire,Restauration,560,500,18,Bon,0,3,Garant,0
GH004992,Ashanti,44,M,Primaire,Services,780,2700,12,Moyen,0,2,Aucune,0
GH004993,Central,51,F,Primaire,Transport,270,700,24,Bon,1,1,Épargne,0
GH004994,Volta,59,F,Primaire,Commerce,570,4200,12,Moyen,0,6,Garant,0
GH004995,Northern,32,M,Secondaire,Restauration,1210,1000,24,Bon,1,3,Bien immobilier,0
GH004996,Ashanti,64,F,Primaire,Pêche,1110,1600,18,Premier,1,6,Garant,0
GH004997,Ashanti,36,F,Aucun,Restauration,540,6200,36,Excellent,1,5,Épargne,0
GH004998,Volta,56,M,Secondaire,Pêche,790,2800,18,Excellent,0,1,Garant,0
GH004999,Greater Accra,25,F,Superieur,Artisanat,340,700,18,Moyen,1,4,Bien immobilier,0
