id_transaction,date,ville,type_transaction,montant_xof,operateur,genre_client,age_client,zone,statut_compte
TX0004039,2022-11-13,Saint-Louis,Transfert,32700.0,Orange Money,F,21.0,Rural,Actif
TX0003815,2022-11-12,Thiès,Retrait,966200.0,Wave,F,58.0,Rural,Actif
TX0000848,2022-10-02,Kaolack,Retrait,43500.0,Wave,F,56.0,Urbain,Actif
TX0004863,2022-07-03,DIOURBEL,Dépôt,5300.0,Orange Money,M,32.0,Rural,Actif
TX0000079,2022-03-05,Dakar,Retrait,10800.0,Orange Money,F,35.0,Urbain,Actif
TX0002480,2022-05-31,Thiès,Retrait,285800.0,Wave,M,30.0,Urbain,Suspendu
TX0003539,2022-02-04,Dakar,Dépôt,85400.0,Free Money,M,48.0,Periurbain,Actif
TX0002498,2023-06-21,Thiès,Transfert,6100.0,Free Money,M,41.0,Periurbain,Actif
TX0004593,2022-06-20,Dakar,Dépôt,140400.0,Wizall,M,64.0,Periurbain,Actif
TX0004302,2023-02-18,Thiès,Dépôt,25700.0,Free Money,M,43.0,Rural,Actif
TX0000764,2022-01-19,Thiès,Paiement,323900.0,Wave,F,47.0,Urbain,Actif
TX0000033,2023-06-04,Thiès,Dépôt,75300.0,Orange Money,F,41.0,Urbain,Actif
TX0002373,2022-08-24,Dakar,Retrait,141400.0,Free Money,M,61.0,Periurbain,Actif
TX0002970,2022-07-28,Diourbel,Retrait,26300.0,Orange Money,F,61.0,Rural,Actif
TX0001773,2023-06-07,Diourbel,Dépôt,35900.0,Wave,M,43.0,Urbain,Actif
TX0000683,2023-01-01,Diourbel,Transfert,272100.0,Orange Money,M,48.0,Periurbain,Inactif
TX0003779,2023-05-07,Saint-Louis,Paiement,336300.0,Orange Money,M,54.0,Periurbain,Actif
TX0000254,2022-04-03,Thiès,Retrait,223400.0,Free Money,,22.0,Urbain,Actif
TX0002722,2023-03-03,Ziguinchor,Transfert,25200.0,Free Money,F,40.0,Urbain,Actif
TX0003755,2022-04-15,DIOURBEL,Dépôt,11000.0,Free Money,F,38.0,Urbain,Actif
TX0004535,2022-11-18,Kaolack,Paiement,9300.0,Orange Money,M,25.0,Urbain,Actif
TX0003733,2022-10-02,Kaolack,Retrait,24600.0,Wave,M,37.0,Periurbain,Actif
TX0001777,2022-08-28,Dakar,Dépôt,6100.0,Free Money,M,18.0,Urbain,Actif
TX0003005,2023-04-01,Diourbel,Transfert,175900.0,Wizall,,30.0,Urbain,Actif
TX0003653,2022-04-04,Tambacounda,Dépôt,27100.0,Wizall,F,18.0,Urbain,Actif
TX0004558,2023-05-25,Dakar,Recharge,1210500.0,Free Money,F,37.0,Urbain,Actif
TX0000497,2022-02-12,Tambacounda,Dépôt,109100.0,Orange Money,M,44.0,Rural,Actif
TX0004994,2022-02-07,Saint-Louis,Paiement,18300.0,Orange Money,F,37.0,Rural,Actif
TX0000996,2023-05-17,Dakar,Retrait,194700.0,Orange Money,,26.0,Rural,Actif
TX0003742,2023-02-19,Thiès,Dépôt,197400.0,Orange Money,M,35.0,Urbain,Actif
TX0000240,2023-05-30,Ziguinchor,Transfert,21700.0,Orange Money,M,29.0,Rural,Actif
TX0004547,2022-12-22,Diourbel,Paiement,25100.0,Wave,F,45.0,Periurbain,Actif
TX0002181,2022-04-27,Dakar,Retrait,77100.0,Wave,F,46.0,Periurbain,Suspendu
TX0000333,2022-03-05,Dakar,Recharge,53000.0,Wave,M,18.0,Rural,Inactif
TX0002895,2023-04-25,Ziguinchor,Dépôt,7200.0,Orange Money,F,27.0,Periurbain,Actif
TX0002942,2022-06-12,Ziguinchor,Transfert,74300.0,Wizall,M,55.0,Urbain,Actif
TX0001272,2023-03-03,Kaolack,Dépôt,92300.0,Orange Money,M,18.0,Periurbain,Actif
TX0003862,2022-07-24,Thiès,Dépôt,49400.0,Orange Money,M,51.0,Periurbain,Actif
TX0001919,2022-08-14,Ziguinchor,Paiement,261400.0,Orange Money,M,40.0,Urbain,Actif
TX0000555,2022-08-09,Saint-Louis,Dépôt,218000.0,Orange Money,M,57.0,Urbain,Actif
TX0001965,2022-11-18,Diourbel,Dépôt,1800.0,Free Money,M,56.0,Periurbain,Suspendu
TX0000624,2022-12-05,Dakar,Recharge,166500.0,Orange Money,M,23.0,Periurbain,Actif
TX0003127,2022-02-14,Saint-Louis,Retrait,4900.0,Wizall,M,51.0,Rural,Suspendu
TX0000491,2022-12-06,Thiès,Retrait,30500.0,Wave,F,63.0,Rural,Actif
TX0000023,2022-07-20,Ziguinchor,Transfert,92600.0,Orange Money,M,47.0,Periurbain,Actif
TX0004792,2022-02-02,Saint-Louis,Dépôt,9100.0,Wave,F,18.0,Rural,Actif
TX0000501,2022-10-21,Kaolack,Dépôt,135400.0,Orange Money,F,60.0,Urbain,Actif
TX0001405,2022-09-17,Kaolack,Dépôt,4300.0,Wave,F,49.0,Urbain,Actif
TX0001921,2022-01-02,Diourbel,Retrait,7000.0,Orange Money,F,53.0,Urbain,Suspendu
TX0000239,2022-04-07,Ziguinchor,Dépôt,32500.0,Orange Money,F,55.0,Urbain,Actif
TX0004641,2022-06-21,Ziguinchor,Paiement,127500.0,Wave,F,36.0,Urbain,Inactif
TX0004011,2022-08-03,Dakar,Recharge,11300.0,Wizall,M,39.0,Rural,Actif
TX0002098,2023-03-13,Kaolack,Retrait,188100.0,Free Money,F,31.0,Periurbain,Actif
TX0002226,2022-06-14,Ziguinchor,Retrait,49300.0,Wave,F,51.0,Urbain,Actif
TX0001870,2023-03-24,Thiès,Dépôt,77900.0,Wizall,M,,Urbain,Inactif
TX0001338,2022-02-09,Dakar,Dépôt,27700.0,Wave,F,21.0,Urbain,Actif
TX0003323,2022-11-16,Diourbel,Paiement,27200.0,Orange Money,M,43.0,Rural,Actif
TX0002394,2023-05-02,Dakar,Recharge,137200.0,Orange Money,M,32.0,Periurbain,Actif
TX0002414,2022-10-04,Dakar,Retrait,786200.0,Orange Money,,18.0,Rural,Actif
TX0004538,2022-02-14,Kaolack,Dépôt,40700.0,Wave,M,34.0,Urbain,Actif
TX0000429,2022-03-06,Tambacounda,Paiement,31100.0,Wizall,M,51.0,Urbain,Inactif
TX0004254,2022-03-30,Tambacounda,Retrait,129600.0,Orange Money,,37.0,Periurbain,Inactif
TX0003704,2023-06-03,Saint-Louis,Retrait,6300.0,Orange Money,M,29.0,Rural,Inactif
TX0004096,2022-01-08,Dakar,Paiement,54100.0,Wave,M,45.0,Urbain,Actif
TX0000422,2022-02-19,Tambacounda,Transfert,29300.0,Orange Money,F,27.0,Urbain,Actif
TX0003727,2022-02-20,Dakar,Transfert,57000.0,Wizall,F,63.0,Periurbain,Actif
TX0000803,2022-11-28,Kaolack,Transfert,42500.0,Wizall,M,37.0,Rural,Actif
TX0004168,2022-06-22,Thiès,Transfert,18800.0,Wave,F,61.0,Periurbain,Actif
TX0001751,2022-04-28,Saint-Louis,Transfert,17000.0,Orange Money,F,52.0,Periurbain,Actif
TX0001813,2022-01-12,Kaolack,Retrait,17100.0,Orange Money,F,20.0,Periurbain,Actif
TX0002077,2022-09-04,Diourbel,Transfert,190400.0,Free Money,M,47.0,Urbain,Actif
TX0001554,2022-05-05,Saint-Louis,Paiement,51300.0,Wave,M,36.0,Urbain,Actif
TX0004237,2023-02-24,Thiès,Paiement,44200.0,Wave,M,33.0,Rural,Actif
TX0001417,2022-03-08,Kaolack,Transfert,43100.0,Free Money,,35.0,Periurbain,Actif
TX0002916,2023-02-10,Diourbel,Paiement,28500.0,Wave,,27.0,Urbain,Actif
TX0003630,2023-02-15,Thiès,Dépôt,27800.0,Free Money,M,19.0,Periurbain,Actif
TX0004001,2023-03-17,Kaolack,Transfert,102100.0,Orange Money,F,30.0,Urbain,Actif
TX0002951,2023-01-17,Kaolack,Dépôt,102700.0,Orange Money,,40.0,Periurbain,Actif
TX0002053,2023-06-02,Thiès,Recharge,73600.0,Wave,M,41.0,Periurbain,Actif
TX0001879,2022-11-06,Thiès,Retrait,82600.0,Orange Money,M,44.0,Rural,Actif
TX0003802,2023-03-24,Dakar,Retrait,95100.0,Orange Money,F,40.0,Periurbain,Actif
TX0000733,2022-10-14,Tambacounda,Dépôt,18900.0,Orange Money,F,28.0,Periurbain,Actif
TX0000927,2022-10-24,Tambacounda,Dépôt,32000.0,Orange Money,M,35.0,Periurbain,Actif
TX0003132,2023-05-26,Kaolack,Dépôt,144100.0,Wave,,59.0,Urbain,Inactif
TX0000065,2022-10-24,Diourbel,Paiement,28100.0,Free Money,F,41.0,Periurbain,Actif
TX0003097,2022-02-25,Ziguinchor,Dépôt,23400.0,Orange Money,F,55.0,Urbain,Actif
TX0002847,2022-05-18,Diourbel,Retrait,136600.0,Wizall,F,29.0,Urbain,Inactif
TX0002317,2022-08-04,Saint-Louis,Dépôt,40200.0,Free Money,,44.0,Urbain,Actif
TX0001322,2023-04-22,Tambacounda,Retrait,250000.0,Free Money,M,32.0,Urbain,Suspendu
TX0001532,2023-01-27,Ziguinchor,Recharge,48800.0,Orange Money,M,24.0,Rural,Actif
TX0000952,2022-04-06,Dakar,Dépôt,16700.0,Orange Money,F,37.0,Periurbain,Actif
TX0004353,2023-06-08,KAOLACK,Transfert,205500.0,Wave,F,57.0,Urbain,Actif
TX0004043,2022-12-05,Tambacounda,Dépôt,21800.0,Orange Money,M,23.0,Urbain,Actif
TX0003666,2023-04-05,Tambacounda,Dépôt,38200.0,Orange Money,,35.0,Rural,Actif
TX0001168,2022-01-04,Saint-Louis,Retrait,33600.0,Wizall,F,,Periurbain,Actif
TX0000416,2022-06-10,Tambacounda,Dépôt,121800.0,Orange Money,M,19.0,Periurbain,Actif
TX0001732,2022-10-16,Kaolack,Dépôt,12300.0,Free Money,M,34.0,Urbain,Suspendu
TX0003181,2022-06-08,ZIGUINCHOR,Retrait,56800.0,Orange Money,F,56.0,Urbain,Actif
TX0002182,2022-01-19,Saint-Louis,Retrait,375600.0,Wave,M,49.0,Urbain,Suspendu
TX0001632,2022-12-30,Diourbel,Dépôt,18500.0,Orange Money,M,59.0,Urbain,Inactif
TX0003427,2022-12-08,Kaolack,Paiement,32600.0,Orange Money,M,36.0,Periurbain,Inactif
TX0000084,2022-06-20,Thiès,Paiement,23400.0,Orange Money,F,53.0,Urbain,Actif
TX0002059,2022-10-26,Ziguinchor,Transfert,28100.0,Orange Money,F,20.0,Urbain,Actif
TX0004533,2022-06-17,Kaolack,Paiement,30000.0,Wizall,M,32.0,Rural,Suspendu
TX0001432,2022-09-25,Thiès,Retrait,100500.0,Orange Money,M,19.0,Rural,Actif
TX0004870,2022-07-29,Ziguinchor,Dépôt,66300.0,Wizall,M,64.0,Rural,Actif
TX0004654,2022-07-29,Tambacounda,Retrait,35500.0,Wave,M,40.0,Urbain,Actif
TX0001183,2023-05-25,Tambacounda,Retrait,26400.0,Free Money,M,36.0,Periurbain,Actif
TX0002575,2022-12-17,Tambacounda,Paiement,71200.0,Free Money,F,55.0,Urbain,Actif
TX0003400,2022-02-06,Ziguinchor,Transfert,166400.0,Orange Money,M,34.0,Periurbain,Actif
TX0004361,2022-11-27,Dakar,Recharge,70700.0,Orange Money,M,27.0,Periurbain,Actif
TX0002822,2022-12-13,Saint-Louis,Paiement,4700.0,Free Money,M,25.0,Periurbain,Inactif
TX0000393,2023-03-01,Thiès,Retrait,27600.0,Orange Money,M,25.0,Periurbain,Actif
TX0000106,2022-08-13,Dakar,Dépôt,52800.0,Orange Money,F,58.0,Rural,Inactif
TX0002705,2023-03-18,Tambacounda,Retrait,19500.0,Wave,M,44.0,Urbain,Actif
TX0003161,2022-01-12,Saint-Louis,Dépôt,41900.0,Wave,F,33.0,Periurbain,Actif
TX0002067,2022-05-22,Dakar,Recharge,21900.0,Free Money,F,35.0,Urbain,Actif
TX0003286,2022-08-01,Kaolack,Dépôt,72600.0,Orange Money,M,49.0,Urbain,Actif
TX0002103,2023-01-16,Diourbel,Dépôt,36300.0,Wave,F,23.0,Periurbain,Suspendu
TX0001840,2022-07-23,Dakar,Dépôt,103700.0,Free Money,M,58.0,Urbain,Actif
TX0003897,2023-04-01,SAINT-LOUIS,Recharge,38800.0,Free Money,F,55.0,Urbain,Actif
TX0002527,2023-06-08,Dakar,Dépôt,27000.0,Orange Money,F,34.0,Periurbain,Inactif
TX0003443,2023-06-29,Thiès,Paiement,87300.0,Free Money,M,56.0,Periurbain,Actif
TX0001344,2023-02-11,Thiès,Dépôt,13900.0,Orange Money,M,25.0,Urbain,Inactif
TX0003967,2022-01-23,Thiès,Dépôt,153200.0,Orange Money,M,24.0,Periurbain,Actif
TX0001419,2023-05-26,Thiès,Retrait,68700.0,Free Money,F,40.0,Urbain,Actif
TX0001483,2022-01-04,Thiès,Dépôt,131500.0,Orange Money,M,47.0,Rural,Actif
TX0000468,2022-05-03,Tambacounda,Dépôt,26800.0,Orange Money,F,28.0,Periurbain,Suspendu
TX0000008,2022-11-25,Kaolack,Transfert,111100.0,Free Money,F,18.0,Periurbain,Actif
TX0001666,2022-04-25,Saint-Louis,Paiement,176000.0,Wave,,,Rural,Actif
TX0000889,2022-05-14,Diourbel,Retrait,14400.0,Orange Money,M,59.0,Urbain,Actif
TX0004239,2022-07-01,Diourbel,Dépôt,85500.0,Free Money,M,23.0,Urbain,Actif
TX0002380,2023-03-26,Diourbel,Transfert,37600.0,Free Money,F,28.0,Periurbain,Actif
TX0000157,2023-02-21,Dakar,Retrait,65300.0,Orange Money,M,42.0,Periurbain,Actif
TX0003285,2022-02-11,Dakar,Recharge,56300.0,Orange Money,F,41.0,Urbain,Actif
TX0002319,2022-08-13,Dakar,Recharge,151400.0,Free Money,M,60.0,Periurbain,Suspendu
TX0001491,2022-07-24,Ziguinchor,Retrait,39600.0,Orange Money,M,47.0,Urbain,Actif
TX0003488,2022-01-18,Saint-Louis,Recharge,62800.0,Orange Money,M,52.0,Periurbain,Actif
TX0002164,2022-09-15,Saint-Louis,Paiement,989900.0,Orange Money,M,56.0,Urbain,Actif
TX0000681,2022-05-22,Tambacounda,Paiement,151200.0,Orange Money,F,61.0,Rural,Actif
TX0004793,2022-06-12,Dakar,Retrait,27900.0,Free Money,F,34.0,Urbain,Actif
TX0002115,2022-03-25,Diourbel,Paiement,205000.0,Free Money,F,,Periurbain,Actif
TX0004139,2022-11-01,Diourbel,Retrait,234600.0,Free Money,M,36.0,Rural,Inactif
TX0004627,2022-10-01,DAKAR,Dépôt,7600.0,Wizall,F,19.0,Urbain,Actif
TX0002715,2022-06-13,Diourbel,Paiement,378300.0,Wave,M,43.0,Urbain,Actif
TX0002598,2022-06-05,Saint-Louis,Dépôt,83800.0,Orange Money,F,53.0,Periurbain,Actif
TX0004259,2022-08-08,Ziguinchor,Dépôt,264100.0,Wizall,F,19.0,Rural,Actif
TX0001501,2022-09-20,Tambacounda,Retrait,31300.0,Wave,M,,Periurbain,Actif
TX0002642,2023-03-04,Tambacounda,Transfert,405600.0,Wave,F,38.0,Urbain,Actif
TX0002789,2023-06-29,Tambacounda,Transfert,20700.0,Wizall,F,35.0,Periurbain,Actif
TX0000029,2022-01-26,Tambacounda,Transfert,16000.0,Orange Money,F,47.0,Urbain,Actif
TX0002138,2022-04-13,Diourbel,Paiement,384000.0,Free Money,M,,Periurbain,Actif
TX0003877,2023-04-26,Kaolack,Recharge,79300.0,Free Money,M,24.0,Urbain,Actif
TX0002788,2023-06-05,Tambacounda,Transfert,450400.0,Wave,M,43.0,Periurbain,Actif
TX0003830,2022-07-28,Thiès,Transfert,42300.0,Wave,M,25.0,Periurbain,Actif
TX0001972,2022-05-30,Saint-Louis,Dépôt,45200.0,Wave,F,22.0,Urbain,Actif
TX0004133,2022-12-13,Diourbel,Retrait,72000.0,Free Money,F,,Urbain,Actif
TX0001424,2023-06-24,Saint-Louis,Dépôt,307400.0,Wizall,M,23.0,Rural,Actif
TX0003289,2022-04-22,Diourbel,Retrait,453600.0,Orange Money,F,,Periurbain,Inactif
TX0001893,2022-04-22,Tambacounda,Transfert,36200.0,Wave,M,,Periurbain,Inactif
TX0003773,2023-02-05,Ziguinchor,Transfert,133400.0,Orange Money,F,44.0,Urbain,Actif
TX0003134,2022-04-20,Ziguinchor,Paiement,156500.0,Free Money,F,37.0,Periurbain,Actif
TX0000228,2023-05-03,Tambacounda,Retrait,9400.0,Orange Money,M,20.0,Urbain,Actif
TX0000248,2023-06-12,Ziguinchor,Dépôt,96300.0,Wave,M,30.0,Urbain,Actif
TX0002329,2022-01-28,Saint-Louis,Paiement,145800.0,Free Money,,27.0,Urbain,Actif
TX0000151,2022-05-12,Thiès,Paiement,78100.0,Orange Money,M,,Periurbain,Actif
TX0004597,2022-05-08,Thiès,Retrait,130000.0,Orange Money,M,51.0,Urbain,Actif
TX0001899,2023-03-05,Tambacounda,Dépôt,14200.0,Free Money,M,64.0,Urbain,Actif
TX0000655,2022-03-11,Thiès,Paiement,282000.0,Orange Money,M,62.0,Urbain,Actif
TX0000856,2022-01-20,ZIGUINCHOR,Dépôt,5100.0,Orange Money,F,44.0,Periurbain,Inactif
TX0000227,2022-08-04,Kaolack,Transfert,25500.0,Wave,F,33.0,Rural,Actif
TX0004599,2022-05-28,Saint-Louis,Paiement,11700.0,Orange Money,M,54.0,Periurbain,Suspendu
TX0001438,2022-04-21,Kaolack,Transfert,29600.0,Orange Money,F,53.0,Rural,Suspendu
TX0003386,2022-05-14,Diourbel,Retrait,11500.0,Orange Money,F,53.0,Urbain,Actif
TX0000179,2022-03-17,Saint-Louis,Paiement,50800.0,Free Money,M,40.0,Urbain,Actif
TX0004264,2022-12-27,Thiès,Dépôt,124800.0,Free Money,M,63.0,Urbain,Actif
TX0002267,2023-01-20,Kaolack,Retrait,27100.0,Free Money,F,55.0,Periurbain,Actif
TX0004220,2022-06-18,Saint-Louis,Transfert,154600.0,Wave,M,37.0,Periurbain,Inactif
TX0001199,2022-03-13,Saint-Louis,Paiement,114000.0,Orange Money,M,30.0,Rural,Actif
TX0000561,2022-04-27,Thiès,Dépôt,98300.0,Wave,F,27.0,Urbain,Inactif
TX0004808,2022-05-16,Thiès,Retrait,172300.0,Free Money,M,43.0,Periurbain,Actif
TX0000472,2022-01-24,Thiès,Recharge,76200.0,Wave,,27.0,Urbain,Actif
TX0000168,2022-01-23,Saint-Louis,Dépôt,236900.0,Orange Money,F,,Periurbain,Actif
TX0001295,2022-04-20,Dakar,Transfert,253500.0,Wave,F,32.0,Periurbain,Actif
TX0004451,2022-11-13,Ziguinchor,Retrait,39500.0,Wave,M,29.0,Urbain,Actif
TX0000776,2022-05-06,Dakar,Retrait,142500.0,Free Money,M,56.0,Periurbain,Actif
TX0002591,2023-03-16,Saint-Louis,Retrait,270100.0,Wave,F,59.0,Rural,Actif
TX0000553,2022-11-03,Diourbel,Transfert,448100.0,Wizall,M,26.0,Urbain,Actif
TX0001010,2022-05-02,Dakar,Retrait,154500.0,Free Money,M,50.0,Rural,Actif
TX0004951,2022-01-29,Kaolack,Paiement,16500.0,Wave,M,22.0,Rural,Actif
TX0001702,2022-06-20,Ziguinchor,Retrait,149100.0,Wizall,,64.0,Urbain,Actif
TX0003827,2022-09-21,Saint-Louis,Transfert,242800.0,Orange Money,M,47.0,Urbain,Actif
TX0000486,2022-01-25,Dakar,Retrait,67700.0,Orange Money,F,24.0,Urbain,Actif
TX0002667,2022-12-23,Ziguinchor,Transfert,76400.0,Orange Money,M,36.0,Rural,Actif
TX0000296,2023-02-26,Thiès,Dépôt,342500.0,Orange Money,M,31.0,Periurbain,Inactif
TX0001209,2023-06-30,Ziguinchor,Recharge,21500.0,Orange Money,M,42.0,Periurbain,Actif
TX0004730,2022-03-07,Thiès,Retrait,55200.0,Wave,F,45.0,Rural,Actif
TX0004396,2022-06-12,Kaolack,Paiement,71600.0,Orange Money,M,51.0,Urbain,Actif
TX0002351,2023-05-15,Thiès,Retrait,101100.0,Orange Money,M,,Urbain,Actif
TX0000071,2022-04-19,Tambacounda,Dépôt,76000.0,Free Money,F,52.0,Periurbain,Actif
TX0001129,2022-05-23,Kaolack,Transfert,46000.0,Wizall,F,23.0,Urbain,Actif
TX0000199,2023-03-03,Ziguinchor,Dépôt,427600.0,Orange Money,M,,Urbain,Actif
TX0001815,2023-06-14,Kaolack,Transfert,40200.0,Wave,F,59.0,Periurbain,Actif
TX0000279,2023-03-12,DIOURBEL,Transfert,165000.0,Wave,F,25.0,Periurbain,Suspendu
TX0001034,2022-02-12,Ziguinchor,Recharge,313100.0,Orange Money,F,52.0,Rural,Actif
TX0000893,2022-08-06,Tambacounda,Paiement,66900.0,Orange Money,F,42.0,Urbain,Actif
TX0001448,2023-06-01,THIÈS,Dépôt,25900.0,Orange Money,M,54.0,Urbain,Actif
TX0000705,2023-06-26,THIÈS,Dépôt,57400.0,Wave,M,57.0,Rural,Actif
TX0001436,2022-06-18,Diourbel,Retrait,124300.0,Orange Money,M,64.0,Rural,Actif
TX0002592,2022-10-30,TAMBACOUNDA,Paiement,26300.0,Wave,M,33.0,Periurbain,Actif
TX0004437,2023-03-04,Tambacounda,Transfert,79000.0,Orange Money,M,62.0,Urbain,Actif
TX0001869,2023-02-02,Diourbel,Transfert,337800.0,Orange Money,,58.0,Periurbain,Actif
TX0003319,2023-02-27,Tambacounda,Dépôt,60700.0,Wave,,57.0,Urbain,Actif
TX0001391,2022-02-10,Thiès,Recharge,250700.0,Orange Money,M,41.0,Rural,Actif
TX0003102,2023-05-16,Thiès,Dépôt,156000.0,Free Money,M,58.0,Urbain,Actif
TX0001323,2022-04-30,Diourbel,Dépôt,22400.0,Orange Money,M,51.0,Periurbain,Actif
TX0002330,2022-05-21,Thiès,Retrait,53600.0,Wave,,60.0,Rural,Actif
TX0001117,2023-04-25,Ziguinchor,Retrait,36000.0,Free Money,M,59.0,Periurbain,Actif
TX0001197,2023-06-14,Tambacounda,Dépôt,27200.0,Orange Money,M,23.0,Periurbain,Actif
TX0003942,2022-02-16,Saint-Louis,Retrait,71000.0,Wave,M,41.0,Urbain,Actif
TX0002603,2022-06-23,Kaolack,Dépôt,38400.0,Orange Money,M,28.0,Urbain,Actif
TX0001616,2023-06-28,DIOURBEL,Dépôt,57800.0,Orange Money,M,28.0,Urbain,Actif
TX0000373,2023-01-09,Ziguinchor,Retrait,200200.0,Orange Money,M,37.0,Rural,Actif
TX0004347,2022-10-31,Ziguinchor,Transfert,6100.0,Orange Money,,51.0,Periurbain,Actif
TX0000315,2023-01-16,Dakar,Dépôt,330800.0,Orange Money,M,,Urbain,Actif
TX0002826,2023-02-03,Saint-Louis,Dépôt,434000.0,Wave,M,31.0,Urbain,Actif
TX0004769,2022-07-09,Dakar,Retrait,34800.0,Orange Money,M,59.0,Urbain,Actif
TX0000080,2023-04-18,Diourbel,Retrait,6500.0,Orange Money,M,62.0,Urbain,Actif
TX0004506,2023-02-06,Saint-Louis,Paiement,23300.0,Wave,M,26.0,Rural,Actif
TX0004222,2023-05-07,Tambacounda,Dépôt,7200.0,Wave,F,53.0,Rural,Actif
TX0004620,2023-04-14,Saint-Louis,Retrait,182300.0,Orange Money,F,37.0,Rural,Actif
TX0004500,2022-11-24,Dakar,Transfert,45100.0,Free Money,M,47.0,Rural,Actif
TX0001471,2023-02-08,Kaolack,Retrait,171300.0,Wave,M,31.0,Periurbain,Actif
TX0001268,2022-11-25,Tambacounda,Transfert,68100.0,Orange Money,M,30.0,Periurbain,Actif
TX0002377,2023-03-08,Thiès,Retrait,52700.0,Orange Money,M,44.0,Rural,Actif
TX0002627,2023-01-11,Dakar,Retrait,281100.0,Orange Money,F,57.0,Periurbain,Actif
TX0001873,2023-04-05,Dakar,Dépôt,136100.0,Orange Money,M,23.0,Periurbain,Actif
TX0002924,2022-07-22,Diourbel,Transfert,222700.0,Free Money,F,55.0,Periurbain,Actif
TX0003166,2023-05-23,Thiès,Dépôt,3500.0,Orange Money,F,58.0,Periurbain,Actif
TX0002100,2023-05-16,Tambacounda,Recharge,841100.0,Orange Money,F,57.0,Urbain,Actif
TX0003063,2022-12-08,Saint-Louis,Dépôt,152100.0,Orange Money,F,35.0,Periurbain,Actif
TX0003402,2023-07-01,Kaolack,Dépôt,34800.0,Orange Money,F,34.0,Periurbain,Actif
TX0001736,2022-09-04,Thiès,Dépôt,92200.0,Wave,M,31.0,Urbain,Actif
TX0003370,2022-04-30,Diourbel,Transfert,78300.0,Wizall,M,61.0,Periurbain,Actif
TX0000505,2022-03-30,Saint-Louis,Paiement,67500.0,Orange Money,F,54.0,Urbain,Actif
TX0003927,2022-12-27,Dakar,Retrait,142900.0,Orange Money,M,26.0,Rural,Actif
TX0002940,2022-05-26,Dakar,Retrait,25000.0,Orange Money,M,39.0,Rural,Actif
TX0004787,2023-05-11,Saint-Louis,Retrait,45300.0,Wave,M,36.0,Rural,Actif
TX0000586,2022-02-11,Ziguinchor,Retrait,56200.0,Orange Money,M,21.0,Rural,Actif
TX0004195,2022-04-13,Tambacounda,Transfert,123600.0,Orange Money,M,45.0,Urbain,Actif
TX0002526,2022-04-26,Thiès,Dépôt,113200.0,Orange Money,F,55.0,Rural,Actif
TX0002130,2022-03-30,Tambacounda,Dépôt,74800.0,Free Money,F,58.0,Rural,Actif
TX0002157,2022-07-10,Diourbel,Dépôt,25300.0,Wizall,F,22.0,Urbain,Actif
TX0002623,2023-05-13,Thiès,Dépôt,139900.0,Orange Money,M,18.0,Urbain,Actif
TX0001175,2022-10-23,Dakar,Recharge,29500.0,Orange Money,M,57.0,Urbain,Actif
TX0001029,2023-03-30,Thiès,Dépôt,54300.0,Wave,F,37.0,Urbain,Actif
TX0002939,2022-01-24,Dakar,Retrait,56800.0,Wizall,M,62.0,Periurbain,Actif
TX0003378,2022-02-18,Ziguinchor,Transfert,128300.0,Wizall,,47.0,Rural,Actif
TX0001590,2023-01-14,Dakar,Transfert,290300.0,Wave,F,40.0,Periurbain,Actif
TX0003414,2023-03-05,Ziguinchor,Dépôt,86500.0,Wave,F,57.0,Urbain,Actif
TX0000485,2023-05-08,Tambacounda,Retrait,21700.0,Free Money,F,30.0,Urbain,Inactif
TX0004923,2023-04-27,Saint-Louis,Retrait,275500.0,Wizall,M,33.0,Periurbain,Inactif
TX0004086,2022-03-13,ZIGUINCHOR,Transfert,8500.0,Orange Money,M,35.0,Periurbain,Actif
TX0000088,2023-05-01,THIÈS,Dépôt,168500.0,Wave,M,27.0,Periurbain,Actif
TX0001697,2022-03-15,Ziguinchor,Recharge,79100.0,Wave,M,45.0,Rural,Actif
TX0004857,2023-05-29,Saint-Louis,Transfert,249000.0,Orange Money,F,18.0,Urbain,Suspendu
TX0000653,2023-02-12,Diourbel,Retrait,72400.0,Wave,M,28.0,Periurbain,Actif
TX0004216,2022-01-23,Saint-Louis,Retrait,101000.0,Wave,M,26.0,Periurbain,Actif
TX0003899,2023-04-08,Tambacounda,Retrait,35000.0,Orange Money,M,18.0,Rural,Actif
TX0002142,2023-01-24,Saint-Louis,Transfert,53400.0,Free Money,M,60.0,Urbain,Actif
TX0001149,2023-04-20,Kaolack,Retrait,25700.0,Wave,M,34.0,Urbain,Actif
TX0003678,2023-03-15,Dakar,Dépôt,22900.0,Orange Money,F,30.0,Urbain,Actif
TX0000144,2022-06-05,Thiès,Recharge,168000.0,Free Money,F,57.0,Rural,Actif
TX0000670,2022-04-05,Kaolack,Dépôt,337800.0,Free Money,M,57.0,Urbain,Actif
TX0003509,2022-02-04,Kaolack,Dépôt,105900.0,Orange Money,M,59.0,Urbain,Actif
TX0004977,2022-04-23,Kaolack,Transfert,161300.0,Wave,F,25.0,Rural,Actif
TX0002596,2022-05-29,Diourbel,Transfert,32200.0,Wizall,F,27.0,Urbain,Actif
TX0002145,2023-03-26,Saint-Louis,Retrait,9300.0,Orange Money,F,34.0,Urbain,Actif
TX0002218,2023-04-23,Kaolack,Dépôt,71100.0,Wave,M,35.0,Rural,Actif
TX0001370,2023-06-16,Thiès,Retrait,22800.0,Orange Money,M,41.0,Rural,Actif
TX0004701,2022-02-10,Dakar,Retrait,74700.0,Orange Money,M,35.0,Periurbain,Actif
TX0001468,2023-04-22,Tambacounda,Dépôt,31800.0,Orange Money,F,22.0,Rural,Actif
TX0002810,2022-05-16,Thiès,Dépôt,43600.0,Wave,M,48.0,Rural,Actif
TX0003702,2022-06-23,SAINT-LOUIS,Dépôt,186200.0,Wave,M,36.0,Urbain,Actif
TX0004104,2022-06-11,Tambacounda,Transfert,28100.0,Orange Money,F,60.0,Periurbain,Actif
TX0003226,2022-05-13,TAMBACOUNDA,Dépôt,220200.0,Orange Money,F,29.0,Rural,Inactif
TX0004338,2022-07-29,Ziguinchor,Retrait,40900.0,Free Money,M,31.0,Periurbain,Actif
TX0004098,2022-05-22,Saint-Louis,Dépôt,47000.0,Wave,F,46.0,Periurbain,Actif
TX0002487,2023-04-18,Tambacounda,Dépôt,34200.0,Orange Money,M,,Periurbain,Inactif
TX0000100,2022-01-18,Ziguinchor,Paiement,8600.0,Orange Money,M,42.0,Urbain,Suspendu
TX0002927,2023-06-23,Kaolack,Dépôt,12200.0,Orange Money,M,40.0,Periurbain,Actif
TX0000731,2023-03-22,Kaolack,Transfert,16900.0,Free Money,M,43.0,Urbain,Actif
TX0003615,2022-02-17,Kaolack,Dépôt,58800.0,Orange Money,M,39.0,Periurbain,Actif
TX0004577,2022-04-25,Diourbel,Dépôt,232000.0,Wizall,F,29.0,Periurbain,Actif
TX0004966,2023-06-14,Tambacounda,Retrait,117900.0,Free Money,F,20.0,Urbain,Actif
TX0000751,2023-05-30,Kaolack,Dépôt,112700.0,Wizall,F,18.0,Urbain,Actif
TX0004372,2022-01-28,Thiès,Dépôt,168800.0,Wave,M,59.0,Urbain,Inactif
TX0002473,2023-01-31,Ziguinchor,Paiement,26500.0,Orange Money,F,48.0,Urbain,Actif
TX0002656,2023-03-26,Ziguinchor,Dépôt,7200.0,Wave,F,46.0,Periurbain,Actif
TX0004345,2022-07-13,Thiès,Dépôt,17500.0,Wizall,M,37.0,Rural,Actif
TX0001095,2022-04-07,DAKAR,Transfert,26300.0,Wave,F,39.0,Urbain,Actif
TX0000881,2023-01-03,Saint-Louis,Transfert,58900.0,Free Money,M,26.0,Urbain,Actif
TX0001084,2023-06-01,Ziguinchor,Retrait,17400.0,Free Money,,19.0,Urbain,Actif
TX0004296,2022-03-20,Tambacounda,Dépôt,416300.0,Orange Money,,,Urbain,Inactif
TX0001654,2022-02-17,Tambacounda,Transfert,97900.0,Free Money,F,50.0,Periurbain,Suspendu
TX0003441,2022-10-16,Tambacounda,Dépôt,23000.0,Wave,F,40.0,Periurbain,Suspendu
TX0001609,2022-10-23,Saint-Louis,Transfert,97500.0,Wave,F,28.0,Urbain,Actif
TX0001665,2023-04-11,Ziguinchor,Retrait,38000.0,Orange Money,M,49.0,Urbain,Actif
TX0004992,2022-07-06,Thiès,Dépôt,127000.0,Orange Money,M,45.0,Periurbain,Actif
TX0003846,2023-06-16,Diourbel,Paiement,55900.0,Orange Money,M,40.0,Periurbain,Actif
TX0004424,2022-06-22,Dakar,Dépôt,118500.0,Orange Money,M,22.0,Rural,Actif
TX0001482,2022-10-25,Diourbel,Dépôt,48400.0,Wave,M,34.0,Rural,Actif
TX0001340,2022-05-21,Dakar,Transfert,205300.0,Orange Money,,30.0,Periurbain,Inactif
TX0000746,2022-07-29,Saint-Louis,Retrait,10600.0,Orange Money,M,28.0,Rural,Actif
TX0003254,2022-07-04,Thiès,Dépôt,102800.0,Free Money,M,50.0,Urbain,Actif
TX0003159,2022-06-09,Dakar,Retrait,51400.0,Wave,F,40.0,Periurbain,Actif
TX0001174,2022-12-13,Saint-Louis,Dépôt,446000.0,Orange Money,F,64.0,Periurbain,Inactif
TX0002902,2022-01-01,Kaolack,Transfert,1120700.0,Orange Money,M,22.0,Urbain,Actif
TX0004038,2022-12-27,Dakar,Retrait,19600.0,Free Money,F,32.0,Rural,Actif
TX0004335,2022-01-30,Tambacounda,Dépôt,152900.0,Free Money,F,53.0,Rural,Actif
TX0004519,2022-01-13,Tambacounda,Dépôt,4500.0,Orange Money,M,41.0,Rural,Actif
TX0000297,2022-04-29,Diourbel,Paiement,54500.0,Wave,M,32.0,Rural,Actif
TX0001705,2022-02-27,Dakar,Retrait,393100.0,Orange Money,M,58.0,Urbain,Inactif
TX0003770,2022-10-27,Thiès,Dépôt,44500.0,Free Money,M,51.0,Periurbain,Actif
TX0001669,2023-03-24,Dakar,Retrait,498700.0,Wizall,M,26.0,Periurbain,Inactif
TX0001485,2022-07-20,Tambacounda,Paiement,58400.0,Free Money,F,45.0,Periurbain,Actif
TX0001400,2022-04-02,Diourbel,Retrait,7800.0,Wave,F,24.0,Rural,Actif
TX0000230,2023-03-11,Thiès,Transfert,33500.0,Orange Money,M,,Periurbain,Actif
TX0000471,2023-06-15,Kaolack,Paiement,3000.0,Orange Money,F,44.0,Urbain,Actif
TX0003360,2023-03-12,Thiès,Transfert,34600.0,Wave,F,43.0,Urbain,Actif
TX0003732,2022-09-02,Saint-Louis,Retrait,21900.0,Free Money,M,37.0,Urbain,Suspendu
TX0000765,2022-11-08,Tambacounda,Transfert,33500.0,Orange Money,M,32.0,Urbain,Actif
TX0000811,2023-04-04,Thiès,Retrait,36700.0,Free Money,M,19.0,Periurbain,Actif
TX0001220,2023-06-05,Thiès,Dépôt,53600.0,Orange Money,F,55.0,Rural,Actif
TX0002521,2022-03-15,Saint-Louis,Retrait,122900.0,Wave,M,37.0,Periurbain,Actif
TX0004820,2022-06-05,Tambacounda,Recharge,14400.0,Wave,F,53.0,Urbain,Actif
TX0001413,2022-02-01,Diourbel,Retrait,175200.0,Orange Money,M,35.0,Rural,Actif
TX0002915,2022-12-29,Saint-Louis,Retrait,42100.0,Orange Money,M,59.0,Urbain,Actif
TX0002887,2022-08-12,Tambacounda,Dépôt,35500.0,Free Money,M,32.0,Periurbain,Inactif
TX0001253,2022-03-10,Ziguinchor,Dépôt,35800.0,Wave,F,60.0,Urbain,Actif
TX0002094,2022-06-07,Kaolack,Transfert,168600.0,Free Money,,25.0,Urbain,Actif
TX0000721,2022-04-10,Saint-Louis,Paiement,34000.0,Free Money,F,47.0,Urbain,Actif
TX0001056,2023-02-24,Tambacounda,Retrait,157900.0,Orange Money,M,39.0,Rural,Actif
TX0002370,2022-12-23,Thiès,Retrait,13500.0,Free Money,M,60.0,Rural,Actif
TX0002588,2022-05-13,Diourbel,Transfert,119900.0,Free Money,M,57.0,Periurbain,Actif
TX0003785,2022-02-27,Dakar,Dépôt,8600.0,Orange Money,M,26.0,Urbain,Actif
TX0003381,2022-08-25,Tambacounda,Retrait,80300.0,Free Money,M,46.0,Periurbain,Actif
TX0000879,2022-05-02,TAMBACOUNDA,Retrait,48000.0,Free Money,M,18.0,Periurbain,Actif
TX0002194,2022-03-02,Kaolack,Paiement,221400.0,Wizall,M,21.0,Urbain,Actif
TX0004817,2023-03-25,Thiès,Retrait,346000.0,Orange Money,M,54.0,Rural,Actif
TX0002554,2022-02-09,Kaolack,Retrait,198100.0,Free Money,M,38.0,Rural,Actif
TX0002388,2023-01-21,Tambacounda,Paiement,291200.0,Orange Money,F,47.0,Urbain,Actif
TX0003107,2022-01-05,Saint-Louis,Transfert,15000.0,Free Money,M,58.0,Rural,Actif
TX0001514,2022-04-18,Dakar,Dépôt,28200.0,Free Money,F,35.0,Periurbain,Actif
TX0000657,2022-07-18,Saint-Louis,Recharge,288400.0,Orange Money,M,26.0,Periurbain,Actif
TX0004135,2022-01-09,Thiès,Retrait,234100.0,Free Money,M,30.0,Rural,Actif
TX0001038,2022-02-05,Saint-Louis,Recharge,14200.0,Orange Money,M,57.0,Urbain,Inactif
TX0003801,2023-05-29,Kaolack,Retrait,122900.0,Wizall,F,21.0,Rural,Actif
TX0003825,2022-02-16,Diourbel,Dépôt,7600.0,Free Money,M,42.0,Periurbain,Suspendu
TX0003613,2023-03-13,Diourbel,Transfert,82200.0,Wave,M,58.0,Rural,Inactif
TX0002985,2023-06-13,Saint-Louis,Transfert,15400.0,Orange Money,F,61.0,Rural,Actif
TX0000149,2022-06-02,Tambacounda,Recharge,329300.0,Orange Money,M,,Urbain,Actif
TX0003447,2023-01-27,Saint-Louis,Paiement,162700.0,Wave,M,53.0,Urbain,Actif
TX0002333,2023-01-11,Thiès,Retrait,66300.0,Wave,F,59.0,Periurbain,Actif
TX0002699,2023-02-27,Ziguinchor,Transfert,517100.0,Free Money,F,45.0,Periurbain,Actif
TX0001362,2022-12-07,Tambacounda,Dépôt,44000.0,Orange Money,M,32.0,Urbain,Actif
TX0001752,2022-01-07,Tambacounda,Dépôt,466600.0,Orange Money,F,43.0,Urbain,Actif
TX0001533,2022-05-30,Dakar,Dépôt,426800.0,Wave,M,50.0,Periurbain,Suspendu
TX0000926,2022-05-27,Diourbel,Paiement,71400.0,Free Money,M,18.0,Urbain,Actif
TX0003778,2022-12-26,Kaolack,Transfert,48700.0,Wizall,M,36.0,Urbain,Inactif
TX0003418,2022-05-07,Kaolack,Dépôt,24100.0,Free Money,,28.0,Urbain,Actif
TX0000012,2023-04-01,Diourbel,Paiement,29800.0,Free Money,M,63.0,Urbain,Actif
TX0000093,2022-11-04,Ziguinchor,Dépôt,188700.0,Orange Money,F,60.0,Urbain,Actif
TX0003693,2022-05-09,Saint-Louis,Paiement,36300.0,Wizall,M,46.0,Urbain,Suspendu
TX0001612,2022-10-19,Saint-Louis,Transfert,55500.0,Free Money,M,32.0,Urbain,Actif
TX0003528,2023-06-14,Kaolack,Retrait,186800.0,Orange Money,F,44.0,Periurbain,Actif
TX0003848,2023-01-26,Ziguinchor,Dépôt,68600.0,Orange Money,M,39.0,Periurbain,Actif
TX0001181,2022-07-07,Kaolack,Transfert,55100.0,Orange Money,M,18.0,Rural,Actif
TX0000538,2022-09-04,Tambacounda,Transfert,14300.0,Wave,M,52.0,Rural,Actif
TX0002004,2022-05-29,Tambacounda,Paiement,29100.0,Free Money,M,35.0,Rural,Actif
TX0004334,2022-07-28,Thiès,Recharge,1146100.0,Wave,,19.0,Periurbain,Actif
TX0002264,2022-11-29,Diourbel,Transfert,37100.0,Free Money,M,60.0,Periurbain,Actif
TX0002418,2022-01-17,ZIGUINCHOR,Recharge,176000.0,Wave,M,25.0,Urbain,Actif
TX0002503,2023-06-07,Diourbel,Retrait,20400.0,Orange Money,F,51.0,Periurbain,Inactif
TX0001115,2022-11-14,Thiès,Retrait,61300.0,Orange Money,M,64.0,Rural,Actif
TX0002168,2023-01-05,Ziguinchor,Dépôt,208800.0,Free Money,M,19.0,Periurbain,Actif
TX0002900,2022-03-11,Diourbel,Paiement,565400.0,Wizall,F,47.0,Urbain,Actif
TX0001187,2022-02-07,Tambacounda,Retrait,67300.0,Orange Money,F,61.0,Urbain,Actif
TX0002644,2022-01-27,Diourbel,Retrait,333500.0,Free Money,F,37.0,Periurbain,Actif
TX0001454,2022-01-17,SAINT-LOUIS,Retrait,79800.0,Orange Money,M,24.0,Rural,Actif
TX0003084,2023-01-19,Dakar,Dépôt,86900.0,Orange Money,M,59.0,Periurbain,Actif
TX0002664,2022-11-29,Saint-Louis,Dépôt,22700.0,Wave,M,43.0,Urbain,Actif
TX0000805,2023-02-07,Tambacounda,Retrait,16300.0,Orange Money,M,50.0,Periurbain,Actif
TX0004740,2023-01-29,Thiès,Transfert,7900.0,Wizall,M,23.0,Periurbain,Actif
TX0001543,2022-05-21,Saint-Louis,Dépôt,146400.0,Orange Money,F,44.0,Urbain,Inactif
TX0004543,2022-06-04,Dakar,Dépôt,148500.0,Wave,M,62.0,Periurbain,Actif
TX0001550,2023-06-05,Saint-Louis,Paiement,38000.0,Wave,M,23.0,Periurbain,Suspendu
TX0004253,2022-10-04,Dakar,Recharge,198400.0,Free Money,,51.0,Urbain,Actif
TX0003204,2023-01-06,SAINT-LOUIS,Dépôt,121500.0,Free Money,M,47.0,Urbain,Actif
TX0001583,2022-09-29,Thiès,Recharge,28700.0,Orange Money,,29.0,Rural,Actif
TX0004880,2022-04-22,Diourbel,Transfert,82300.0,Wave,M,32.0,Urbain,Actif
TX0000410,2022-06-24,DAKAR,Transfert,44400.0,Orange Money,,24.0,Urbain,Actif
TX0001995,2022-12-26,Ziguinchor,Retrait,9000.0,Orange Money,F,59.0,Periurbain,Inactif
TX0001215,2022-05-01,Dakar,Dépôt,1986300.0,Free Money,M,35.0,Urbain,Actif
TX0001534,2022-08-15,Tambacounda,Recharge,48100.0,Wizall,F,46.0,Periurbain,Actif
TX0000132,2022-03-07,Tambacounda,Retrait,35100.0,Orange Money,F,55.0,Periurbain,Actif
TX0002630,2022-12-13,Kaolack,Transfert,783600.0,Free Money,F,27.0,Urbain,Actif
TX0001837,2022-07-05,Ziguinchor,Paiement,138400.0,Wizall,M,57.0,Periurbain,Actif
TX0003784,2023-03-15,Thiès,Recharge,12800.0,Free Money,F,29.0,Urbain,Actif
TX0004461,2022-10-12,Saint-Louis,Retrait,48900.0,Wave,F,45.0,Urbain,Inactif
TX0000691,2022-08-21,Thiès,Dépôt,163600.0,Wizall,M,59.0,Periurbain,Actif
TX0002499,2022-08-11,Dakar,Transfert,51300.0,Orange Money,F,60.0,Periurbain,Suspendu
TX0004788,2022-09-27,Diourbel,Paiement,34800.0,Wave,M,47.0,Rural,Actif
TX0003860,2023-03-22,Kaolack,Retrait,23000.0,Free Money,F,,Urbain,Actif
TX0004686,2022-03-18,Ziguinchor,Recharge,130100.0,Orange Money,F,49.0,Urbain,Actif
TX0002654,2023-02-24,Ziguinchor,Dépôt,32700.0,Wizall,F,22.0,Rural,Actif
TX0000287,2022-10-24,Diourbel,Recharge,60500.0,Free Money,M,35.0,Urbain,Actif
TX0003944,2022-02-24,Ziguinchor,Retrait,244000.0,Free Money,M,45.0,Rural,Actif
TX0003258,2022-08-03,SAINT-LOUIS,Retrait,70800.0,Orange Money,F,26.0,Rural,Actif
TX0004765,2023-06-27,Diourbel,Paiement,97800.0,Orange Money,F,40.0,Rural,Inactif
TX0003689,2022-01-11,Dakar,Paiement,21500.0,Orange Money,F,30.0,Urbain,Actif
TX0001877,2022-10-06,Ziguinchor,Recharge,43600.0,Orange Money,F,45.0,Rural,Actif
TX0001055,2022-07-11,Ziguinchor,Dépôt,2000000.0,Free Money,F,37.0,Rural,Actif
TX0002906,2023-06-17,Tambacounda,Retrait,1246600.0,Wave,M,35.0,Urbain,Actif
TX0004635,2023-06-05,Kaolack,Retrait,18300.0,Orange Money,M,37.0,Urbain,Actif
TX0004675,2023-04-30,Saint-Louis,Recharge,143200.0,Wave,M,43.0,Periurbain,Actif
TX0002921,2023-01-25,Ziguinchor,Retrait,81500.0,Orange Money,M,33.0,Urbain,Actif
TX0002754,2023-05-17,Tambacounda,Recharge,198100.0,Orange Money,M,51.0,Urbain,Inactif
TX0003040,2022-04-09,Tambacounda,Dépôt,42900.0,Orange Money,M,,Periurbain,Actif
TX0000763,2023-02-11,Tambacounda,Recharge,51300.0,Wizall,F,54.0,Periurbain,Actif
TX0002531,2023-03-30,Saint-Louis,Dépôt,3400.0,Orange Money,F,19.0,Rural,Actif
TX0003626,2022-01-01,Kaolack,Dépôt,245700.0,Orange Money,F,25.0,Rural,Actif
TX0001557,2022-08-13,Ziguinchor,Retrait,408100.0,Free Money,F,40.0,Periurbain,Actif
TX0003248,2023-04-22,Thiès,Dépôt,72400.0,Orange Money,F,60.0,Rural,Actif
TX0000465,2022-07-25,Diourbel,Retrait,37700.0,Wizall,M,39.0,Urbain,Actif
TX0000109,2022-02-12,Diourbel,Dépôt,74400.0,Orange Money,F,61.0,Rural,Actif
TX0001073,2022-01-10,Tambacounda,Dépôt,32400.0,Orange Money,F,63.0,Periurbain,Actif
TX0000742,2023-02-13,Ziguinchor,Paiement,17200.0,Orange Money,M,33.0,Rural,Actif
TX0002119,2023-04-28,Ziguinchor,Transfert,142500.0,Orange Money,M,58.0,Rural,Actif
TX0003554,2022-03-20,Dakar,Paiement,32200.0,Orange Money,F,37.0,Periurbain,Inactif
TX0000589,2022-03-25,Saint-Louis,Dépôt,186100.0,Wave,F,55.0,Urbain,Actif
TX0004612,2022-09-23,Tambacounda,Retrait,185600.0,Free Money,F,32.0,Urbain,Actif
TX0004572,2022-05-11,Thiès,Transfert,35600.0,Orange Money,F,59.0,Urbain,Actif
TX0000426,2022-08-30,KAOLACK,Dépôt,26700.0,Orange Money,F,37.0,Periurbain,Actif
TX0002177,2022-12-18,Diourbel,Retrait,39600.0,Free Money,F,47.0,Urbain,Actif
TX0001260,2022-05-28,Ziguinchor,Dépôt,71600.0,Orange Money,F,60.0,Rural,Actif
TX0000915,2022-08-27,Thiès,Retrait,186900.0,Orange Money,M,60.0,Periurbain,Actif
TX0003550,2023-03-16,Thiès,Retrait,29100.0,Orange Money,M,39.0,Periurbain,Actif
TX0004256,2023-06-30,Thiès,Transfert,845600.0,Free Money,M,28.0,Rural,Actif
TX0003541,2023-03-19,Saint-Louis,Retrait,41200.0,Orange Money,F,29.0,Urbain,Actif
TX0001144,2022-05-27,Thiès,Dépôt,58700.0,Free Money,M,62.0,Urbain,Actif
TX0001881,2023-04-23,Kaolack,Dépôt,251800.0,Wave,F,63.0,Urbain,Actif
TX0001647,2023-03-28,DAKAR,Dépôt,380200.0,Orange Money,F,53.0,Periurbain,Actif
TX0003095,2023-01-03,Kaolack,Retrait,19600.0,Free Money,F,25.0,Urbain,Suspendu
TX0002984,2022-10-26,Ziguinchor,Dépôt,61400.0,Orange Money,,26.0,Urbain,Actif
TX0003372,2022-05-25,Kaolack,Retrait,15700.0,Free Money,M,40.0,Rural,Actif
TX0003519,2022-04-26,Kaolack,Dépôt,57600.0,Free Money,F,24.0,Rural,Actif
TX0001292,2022-11-07,Diourbel,Paiement,86600.0,Wave,M,49.0,Urbain,Actif
TX0001002,2023-04-23,Thiès,Recharge,487900.0,Wave,M,23.0,Urbain,Inactif
TX0002251,2023-05-13,Kaolack,Dépôt,188900.0,Orange Money,M,36.0,Rural,Actif
TX0003259,2023-05-05,Kaolack,Dépôt,64700.0,Orange Money,F,61.0,Periurbain,Actif
TX0004373,2022-08-06,Kaolack,Recharge,150700.0,Wave,F,36.0,Periurbain,Actif
TX0002091,2023-06-12,Diourbel,Transfert,20600.0,Wave,M,25.0,Periurbain,Actif
TX0002972,2023-03-07,DIOURBEL,Dépôt,215900.0,Wave,F,34.0,Periurbain,Actif
TX0001545,2022-09-22,Ziguinchor,Dépôt,100100.0,Wave,F,44.0,Urbain,Actif
TX0001096,2022-05-01,Saint-Louis,Paiement,420300.0,Orange Money,F,40.0,Rural,Inactif
TX0003788,2022-03-06,Dakar,Dépôt,381300.0,Free Money,,32.0,Rural,Actif
TX0004266,2022-12-21,Kaolack,Paiement,16400.0,Free Money,M,25.0,Periurbain,Actif
TX0002550,2022-07-10,Saint-Louis,Transfert,189000.0,Wave,M,22.0,Rural,Actif
TX0001224,2022-08-18,Dakar,Retrait,32700.0,Orange Money,M,51.0,Rural,Inactif
TX0004084,2022-04-30,Diourbel,Retrait,15200.0,Wizall,M,21.0,Urbain,Actif
TX0003377,2022-04-13,Saint-Louis,Retrait,6800.0,Orange Money,F,55.0,Rural,Actif
TX0000414,2022-12-12,Tambacounda,Retrait,78600.0,Free Money,F,,Periurbain,Actif
TX0002874,2023-03-03,Ziguinchor,Dépôt,5700.0,Orange Money,,19.0,Urbain,Actif
TX0001536,2022-04-10,Tambacounda,Retrait,33600.0,Orange Money,F,27.0,Urbain,Actif
TX0001397,2022-05-17,Tambacounda,Transfert,151000.0,Wave,F,58.0,Urbain,Actif
TX0003002,2022-05-18,Ziguinchor,Transfert,7000.0,Free Money,F,59.0,Urbain,Actif
TX0000599,2022-01-23,Tambacounda,Recharge,618000.0,Wave,M,53.0,Urbain,Inactif
TX0002646,2023-06-08,Ziguinchor,Transfert,20800.0,Orange Money,M,37.0,Urbain,Actif
TX0000437,2023-03-26,Dakar,Retrait,23600.0,Orange Money,M,52.0,Periurbain,Actif
TX0004418,2022-07-03,Dakar,Recharge,131400.0,Wave,M,28.0,Urbain,Inactif
TX0004125,2023-01-05,Tambacounda,Dépôt,181800.0,Orange Money,F,63.0,Urbain,Actif
TX0004454,2023-04-19,Kaolack,Paiement,181700.0,Wave,F,20.0,Periurbain,Actif
TX0000290,2022-01-17,Tambacounda,Paiement,28800.0,Wave,F,25.0,Urbain,Actif
TX0000544,2022-12-05,Dakar,Dépôt,99200.0,Wave,,,Urbain,Actif
TX0004299,2022-11-22,Dakar,Transfert,59100.0,Wave,M,57.0,Periurbain,Actif
TX0000252,2023-04-11,Dakar,Dépôt,3400.0,Free Money,,45.0,Urbain,Actif
TX0000831,2022-09-05,ZIGUINCHOR,Retrait,61300.0,Orange Money,F,62.0,Urbain,Actif
TX0004288,2022-07-08,Dakar,Paiement,60300.0,Wave,M,40.0,Urbain,Actif
TX0000350,2022-10-03,Kaolack,Retrait,10100.0,Wave,F,49.0,Periurbain,Actif
TX0004319,2022-10-10,Diourbel,Transfert,470700.0,Orange Money,M,33.0,Periurbain,Actif
TX0000346,2022-12-14,Saint-Louis,Recharge,366200.0,Wizall,M,33.0,Periurbain,Inactif
TX0001694,2022-07-21,Tambacounda,Retrait,730600.0,Free Money,M,47.0,Periurbain,Actif
TX0001992,2022-11-30,Thiès,Paiement,446000.0,Orange Money,M,43.0,Periurbain,Actif
TX0000457,2022-09-14,Thiès,Retrait,185600.0,Free Money,F,52.0,Periurbain,Inactif
TX0004780,2022-02-07,Tambacounda,Transfert,83500.0,Wave,M,58.0,Urbain,Actif
TX0000530,2023-03-21,Tambacounda,Retrait,283200.0,Wave,F,59.0,Rural,Inactif
TX0000090,2022-03-07,Thiès,Retrait,15000.0,Wave,F,34.0,Periurbain,Actif
TX0001675,2022-06-16,Diourbel,Dépôt,40500.0,Orange Money,F,36.0,Rural,Actif
TX0004308,2023-03-30,Thiès,Transfert,36600.0,Orange Money,M,45.0,Urbain,Actif
TX0003230,2022-10-12,Thiès,Transfert,48900.0,Wizall,F,64.0,Rural,Actif
TX0002407,2022-04-30,Thiès,Dépôt,25200.0,Wizall,M,25.0,Urbain,Actif
TX0003215,2022-03-06,Thiès,Dépôt,23600.0,Wave,F,41.0,Periurbain,Actif
TX0000026,2022-04-20,Thiès,Retrait,672200.0,Wave,M,30.0,Rural,Suspendu
TX0001588,2022-08-23,Diourbel,Retrait,282200.0,Free Money,M,21.0,Urbain,Actif
TX0003007,2022-01-07,Ziguinchor,Retrait,139100.0,Free Money,M,59.0,Urbain,Actif
TX0000724,2022-11-11,Saint-Louis,Retrait,27700.0,Orange Money,M,44.0,Urbain,Actif
TX0003260,2022-04-22,Saint-Louis,Paiement,158900.0,Orange Money,F,47.0,Urbain,Actif
TX0000181,2022-03-04,Dakar,Dépôt,76800.0,Free Money,M,18.0,Urbain,Actif
TX0002259,2022-08-26,Kaolack,Paiement,16000.0,Free Money,F,41.0,Urbain,Actif
TX0002634,2023-01-26,Diourbel,Retrait,28800.0,Free Money,M,39.0,Urbain,Actif
TX0002706,2022-03-07,Diourbel,Transfert,225800.0,Wizall,M,34.0,Periurbain,Actif
TX0003807,2022-07-10,Diourbel,Dépôt,318200.0,Wave,F,60.0,Periurbain,Actif
TX0003690,2023-03-29,Kaolack,Recharge,190700.0,Orange Money,F,34.0,Periurbain,Actif
TX0001808,2022-04-06,Dakar,Retrait,56700.0,Orange Money,M,28.0,Periurbain,Actif
TX0002154,2022-02-25,Diourbel,Retrait,15200.0,Orange Money,M,57.0,Urbain,Actif
TX0000787,2022-08-08,Tambacounda,Dépôt,61300.0,Orange Money,M,37.0,Periurbain,Actif
TX0003478,2022-09-25,Tambacounda,Dépôt,35800.0,Wizall,M,44.0,Urbain,Actif
TX0000877,2022-12-27,Ziguinchor,Retrait,42800.0,Wave,M,61.0,Periurbain,Actif
TX0004400,2022-03-09,Ziguinchor,Transfert,1329500.0,Wave,M,50.0,Urbain,Actif
TX0003749,2023-04-29,Tambacounda,Paiement,29200.0,Wave,F,45.0,Urbain,Suspendu
TX0004743,2023-06-28,Tambacounda,Transfert,88700.0,Orange Money,F,19.0,Periurbain,Actif
TX0002292,2022-04-24,Ziguinchor,Paiement,45900.0,Orange Money,F,18.0,Periurbain,Actif
TX0003670,2022-05-10,Dakar,Recharge,22700.0,Orange Money,M,50.0,Urbain,Actif
TX0000069,2023-06-24,Thiès,Recharge,11100.0,Wave,F,33.0,Urbain,Actif
TX0004942,2023-04-10,Kaolack,Retrait,481900.0,Orange Money,F,21.0,Periurbain,Actif
TX0004637,2022-12-29,Kaolack,Dépôt,100400.0,Wave,M,45.0,Periurbain,Inactif
TX0002406,2022-07-19,Ziguinchor,Retrait,14700.0,Free Money,M,25.0,Urbain,Actif
TX0004217,2022-09-30,Diourbel,Retrait,24000.0,Wizall,M,39.0,Urbain,Actif
TX0004854,2022-12-10,Dakar,Retrait,32300.0,Orange Money,M,18.0,Periurbain,Actif
TX0002238,2022-02-13,Tambacounda,Dépôt,190400.0,Orange Money,F,45.0,Urbain,Actif
TX0000387,2022-04-08,Ziguinchor,Retrait,37000.0,Orange Money,M,19.0,Periurbain,Actif
TX0001200,2023-02-19,Dakar,Dépôt,207000.0,Orange Money,F,30.0,Urbain,Actif
TX0002021,2022-11-03,Ziguinchor,Transfert,11500.0,Wave,M,34.0,Urbain,Inactif
TX0002610,2023-04-05,Saint-Louis,Dépôt,96500.0,Orange Money,,48.0,Rural,Inactif
TX0003290,2022-02-06,TAMBACOUNDA,Dépôt,80300.0,Wave,F,30.0,Urbain,Actif
TX0003781,2022-06-28,Ziguinchor,Transfert,60800.0,Wizall,M,21.0,Periurbain,Actif
TX0003759,2023-03-31,Dakar,Retrait,15700.0,Free Money,,54.0,Periurbain,Actif
TX0000221,2022-11-07,Dakar,Paiement,6600.0,Free Money,,43.0,Urbain,Actif
TX0004685,2022-08-04,Kaolack,Dépôt,189700.0,Wave,M,30.0,Periurbain,Actif
TX0000677,2022-08-06,Tambacounda,Dépôt,52700.0,Free Money,F,,Rural,Actif
TX0000642,2022-04-26,Ziguinchor,Retrait,47800.0,Wave,M,22.0,Urbain,Suspendu
TX0002765,2023-06-08,Diourbel,Retrait,62200.0,Wave,F,27.0,Periurbain,Actif
TX0000626,2022-09-11,Thiès,Recharge,342000.0,Orange Money,F,25.0,Rural,Suspendu
TX0002873,2022-08-18,Saint-Louis,Dépôt,74200.0,Free Money,M,60.0,Rural,Actif
TX0002447,2022-04-17,THIÈS,Dépôt,148100.0,Wave,F,24.0,Urbain,Inactif
TX0002518,2023-01-12,Saint-Louis,Transfert,37900.0,Wizall,,34.0,Periurbain,Actif
TX0004085,2022-02-02,Thiès,Retrait,64300.0,Orange Money,M,53.0,Urbain,Actif
TX0000177,2022-07-31,KAOLACK,Transfert,17200.0,Wave,F,24.0,Urbain,Actif
TX0001001,2022-10-24,Diourbel,Paiement,25000.0,Orange Money,M,53.0,Urbain,Actif
TX0002402,2022-08-13,Ziguinchor,Dépôt,62200.0,Orange Money,M,56.0,Urbain,Actif
TX0000734,2022-07-16,Ziguinchor,Retrait,137500.0,Orange Money,F,46.0,Rural,Actif
TX0002436,2022-07-30,Kaolack,Retrait,177700.0,Orange Money,F,58.0,Rural,Inactif
TX0002440,2022-10-30,Tambacounda,Transfert,32300.0,Free Money,M,61.0,Urbain,Suspendu
TX0003412,2022-01-13,Thiès,Transfert,288800.0,Orange Money,M,24.0,Periurbain,Suspendu
TX0002515,2023-05-22,Kaolack,Transfert,197800.0,Orange Money,M,20.0,Urbain,Actif
TX0002389,2023-01-12,TAMBACOUNDA,Dépôt,11700.0,Wizall,M,43.0,Periurbain,Actif
TX0003435,2022-08-01,Thiès,Recharge,124400.0,Orange Money,F,64.0,Periurbain,Actif
TX0004331,2022-03-14,Saint-Louis,Paiement,37600.0,Free Money,M,52.0,Periurbain,Actif
TX0004116,2023-05-17,Ziguinchor,Dépôt,74600.0,Free Money,F,55.0,Urbain,Actif
TX0000911,2022-05-27,Diourbel,Recharge,71600.0,Orange Money,F,54.0,Periurbain,Actif
TX0003734,2022-05-15,DAKAR,Recharge,46300.0,Wave,F,52.0,Urbain,Actif
TX0001244,2023-02-21,Tambacounda,Dépôt,38500.0,Orange Money,M,24.0,Periurbain,Actif
TX0000828,2023-02-08,Saint-Louis,Paiement,61000.0,Free Money,M,42.0,Rural,Actif
TX0003036,2022-08-25,Saint-Louis,Retrait,389400.0,Wave,M,41.0,Periurbain,Inactif
TX0000577,2023-05-22,Kaolack,Transfert,20400.0,Wizall,F,,Rural,Suspendu
TX0002225,2022-09-14,Ziguinchor,Recharge,49800.0,Orange Money,M,37.0,Urbain,Actif
TX0002748,2023-03-20,Thiès,Paiement,105600.0,Wizall,M,52.0,Periurbain,Actif
TX0001383,2022-05-22,Tambacounda,Retrait,59200.0,Orange Money,F,38.0,Rural,Actif
TX0003337,2023-02-20,Diourbel,Dépôt,150800.0,Orange Money,M,53.0,Rural,Actif
TX0000219,2023-04-10,Tambacounda,Transfert,106500.0,Free Money,F,24.0,Urbain,Actif
TX0004711,2022-09-08,Thiès,Dépôt,50800.0,Orange Money,M,47.0,Urbain,Actif
TX0004827,2022-04-02,Tambacounda,Retrait,152600.0,Free Money,M,53.0,Urbain,Suspendu
TX0002314,2023-06-28,Dakar,Dépôt,317300.0,Orange Money,M,62.0,Periurbain,Actif
TX0003631,2022-03-25,Kaolack,Retrait,355200.0,Wave,M,,Urbain,Actif
TX0000043,2023-05-13,Ziguinchor,Dépôt,4900.0,Orange Money,M,42.0,Periurbain,Inactif
TX0000210,2022-10-28,THIÈS,Dépôt,66400.0,Orange Money,M,21.0,Periurbain,Actif
TX0004144,2023-05-18,Kaolack,Transfert,5500.0,Wave,F,31.0,Urbain,Actif
TX0000354,2022-02-08,Saint-Louis,Transfert,16900.0,Wave,F,36.0,Urbain,Actif
TX0001057,2022-08-08,Thiès,Retrait,21600.0,Orange Money,M,24.0,Urbain,Actif
TX0000584,2022-12-13,Thiès,Paiement,11300.0,Orange Money,M,24.0,Periurbain,Actif
TX0004812,2022-01-08,Kaolack,Retrait,27200.0,Wave,F,42.0,Urbain,Actif
TX0003870,2022-08-05,Saint-Louis,Recharge,72100.0,Wave,F,57.0,Rural,Actif
TX0000367,2023-05-11,Thiès,Recharge,34300.0,Orange Money,M,48.0,Urbain,Actif
TX0001235,2022-07-21,Saint-Louis,Dépôt,6500.0,Orange Money,M,19.0,Urbain,Inactif
TX0003879,2022-05-07,Kaolack,Retrait,166700.0,Orange Money,M,59.0,Periurbain,Actif
TX0001634,2023-05-23,Tambacounda,Recharge,26900.0,Wave,M,19.0,Urbain,Actif
TX0000135,2022-06-26,Tambacounda,Transfert,5400.0,Wizall,M,62.0,Urbain,Actif
TX0004410,2022-02-11,Diourbel,Transfert,100200.0,Orange Money,F,23.0,Rural,Actif
TX0000047,2022-10-12,Saint-Louis,Transfert,23600.0,Wave,F,26.0,Urbain,Suspendu
TX0004634,2022-03-17,Tambacounda,Transfert,61100.0,Orange Money,M,57.0,Periurbain,Suspendu
TX0002960,2022-04-17,Saint-Louis,Retrait,99400.0,Orange Money,M,,Urbain,Actif
TX0004944,2023-03-11,Ziguinchor,Transfert,89900.0,Wizall,M,33.0,Urbain,Actif
TX0003882,2023-06-09,Saint-Louis,Transfert,190000.0,Wave,M,45.0,Urbain,Actif
TX0004507,2022-01-14,Dakar,Transfert,89200.0,Wave,M,51.0,Periurbain,Actif
TX0003298,2022-07-25,Saint-Louis,Dépôt,136700.0,Orange Money,F,22.0,Periurbain,Actif
TX0004037,2023-03-11,ZIGUINCHOR,Dépôt,7600.0,Orange Money,F,62.0,Urbain,Actif
TX0000061,2022-05-29,Kaolack,Retrait,105600.0,Orange Money,F,27.0,Urbain,Actif
TX0002522,2022-06-13,Ziguinchor,Dépôt,14100.0,Orange Money,F,30.0,Rural,Actif
TX0002146,2022-09-09,Tambacounda,Dépôt,82200.0,Wave,M,23.0,Rural,Actif
TX0000095,2022-09-28,Diourbel,Retrait,45900.0,Orange Money,M,24.0,Urbain,Actif
TX0000478,2023-06-15,Saint-Louis,Recharge,309800.0,Wave,M,50.0,Rural,Actif
TX0002222,2022-02-22,Saint-Louis,Dépôt,398400.0,Wizall,M,51.0,Periurbain,Actif
TX0002669,2022-06-22,Ziguinchor,Recharge,190000.0,Free Money,F,34.0,Urbain,Actif
TX0000907,2022-07-06,Thiès,Paiement,106400.0,Orange Money,F,38.0,Urbain,Actif
TX0001871,2022-04-27,Dakar,Transfert,21800.0,Orange Money,M,64.0,Urbain,Actif
TX0002309,2022-07-08,Ziguinchor,Transfert,39000.0,Orange Money,M,48.0,Urbain,Actif
TX0002002,2023-05-11,Kaolack,Transfert,108200.0,Wizall,F,25.0,Periurbain,Actif
TX0001703,2022-10-04,Thiès,Retrait,7400.0,Free Money,M,54.0,Urbain,Actif
TX0000798,2023-01-17,Ziguinchor,Paiement,111600.0,Orange Money,M,59.0,Periurbain,Suspendu
TX0000322,2022-12-28,Kaolack,Retrait,55700.0,Orange Money,M,59.0,Rural,Actif
TX0003872,2022-03-27,TAMBACOUNDA,Recharge,68900.0,Orange Money,F,38.0,Urbain,Actif
TX0002307,2022-12-04,Ziguinchor,Recharge,200400.0,Orange Money,F,63.0,Rural,Actif
TX0000842,2022-04-08,Tambacounda,Dépôt,1633500.0,Free Money,,48.0,Rural,Actif
TX0002254,2023-04-26,Ziguinchor,Dépôt,10800.0,Orange Money,M,56.0,Periurbain,Actif
TX0004959,2023-02-14,Dakar,Recharge,77400.0,Wave,M,22.0,Rural,Actif
TX0003856,2022-07-14,Dakar,Transfert,71200.0,Wave,M,30.0,Urbain,Inactif
TX0003291,2023-04-25,Diourbel,Dépôt,143200.0,Orange Money,F,18.0,Urbain,Actif
TX0001231,2022-05-06,Diourbel,Transfert,18100.0,Free Money,F,26.0,Urbain,Actif
TX0003053,2022-06-07,Diourbel,Dépôt,41900.0,Orange Money,M,21.0,Urbain,Actif
TX0000291,2022-01-21,Ziguinchor,Recharge,109700.0,Wave,M,29.0,Rural,Actif
TX0004832,2022-12-20,Ziguinchor,Dépôt,334600.0,Wizall,M,40.0,Urbain,Actif
TX0001480,2023-03-24,Thiès,Paiement,181900.0,Free Money,M,24.0,Rural,Inactif
TX0000533,2022-10-31,Tambacounda,Retrait,111000.0,Orange Money,F,58.0,Periurbain,Actif
TX0001630,2023-02-18,Saint-Louis,Dépôt,39600.0,Free Money,M,57.0,Periurbain,Actif
TX0004648,2023-04-23,Thiès,Recharge,343100.0,Orange Money,M,52.0,Urbain,Actif
TX0003065,2022-05-27,Diourbel,Transfert,303800.0,Free Money,M,63.0,Urbain,Actif
TX0001973,2022-10-11,Dakar,Paiement,20500.0,Wave,M,20.0,Urbain,Actif
TX0002643,2022-12-19,Dakar,Retrait,67800.0,Wave,M,55.0,Urbain,Actif
TX0001658,2022-08-06,Dakar,Paiement,47800.0,Orange Money,M,51.0,Urbain,Actif
TX0002488,2022-11-19,Saint-Louis,Paiement,28200.0,Free Money,M,54.0,Urbain,Suspendu
TX0000810,2023-06-23,Tambacounda,Retrait,45100.0,Orange Money,M,20.0,Urbain,Actif
TX0000428,2022-07-11,Thiès,Retrait,7400.0,Free Money,M,,Urbain,Actif
TX0004470,2023-05-12,Diourbel,Retrait,16800.0,Wave,M,28.0,Rural,Actif
TX0003439,2023-05-24,Thiès,Transfert,96200.0,Free Money,M,54.0,Periurbain,Actif
TX0002836,2023-06-28,KAOLACK,Retrait,161000.0,Wave,M,35.0,Periurbain,Actif
TX0004795,2022-06-25,Tambacounda,Recharge,44900.0,Wave,F,23.0,Urbain,Actif
TX0002865,2022-11-14,Dakar,Transfert,137900.0,Free Money,M,51.0,Periurbain,Actif
TX0001018,2023-05-16,Kaolack,Dépôt,40800.0,Wave,M,48.0,Periurbain,Actif
TX0003227,2022-07-13,Diourbel,Transfert,62700.0,Orange Money,F,51.0,Rural,Actif
TX0004706,2023-03-06,Tambacounda,Transfert,80500.0,Wave,F,29.0,Urbain,Actif
TX0001321,2022-03-29,Saint-Louis,Transfert,98800.0,Free Money,M,59.0,Periurbain,Actif
TX0004193,2023-02-04,DIOURBEL,Dépôt,51700.0,Orange Money,F,44.0,Periurbain,Actif
TX0003725,2023-05-23,Diourbel,Transfert,33500.0,Orange Money,F,51.0,Periurbain,Actif
TX0001864,2023-06-23,Thiès,Recharge,3800.0,Orange Money,F,56.0,Urbain,Inactif
TX0002968,2023-06-03,Thiès,Recharge,4800.0,Free Money,F,44.0,Periurbain,Actif
TX0003393,2022-06-27,Tambacounda,Paiement,86000.0,Free Money,F,53.0,Urbain,Actif
TX0004618,2022-06-15,Saint-Louis,Paiement,37000.0,Orange Money,M,18.0,Periurbain,Actif
TX0004410,2022-02-11,Diourbel,Transfert,100200.0,Orange Money,F,23.0,Rural,Actif
TX0002220,2023-01-20,Saint-Louis,Retrait,13300.0,Wizall,F,49.0,Periurbain,Actif
TX0002569,2023-05-24,Ziguinchor,Dépôt,172600.0,Wave,M,25.0,Periurbain,Actif
TX0002876,2022-09-30,DIOURBEL,Dépôt,59700.0,Wave,M,48.0,Periurbain,Inactif
TX0000800,2023-01-22,Tambacounda,Transfert,60000.0,Wave,M,37.0,Periurbain,Actif
TX0001090,2023-05-31,Diourbel,Paiement,143900.0,Wizall,M,57.0,Periurbain,Actif
TX0003366,2022-06-27,Saint-Louis,Dépôt,17000.0,Wave,F,63.0,Urbain,Actif
TX0001670,2022-07-28,Thiès,Transfert,208200.0,Wave,F,,Periurbain,Actif
TX0003128,2023-06-05,Thiès,Retrait,254500.0,Orange Money,M,50.0,Periurbain,Actif
TX0002331,2022-02-02,THIÈS,Dépôt,16300.0,Orange Money,M,62.0,Urbain,Actif
TX0001926,2022-11-18,Kaolack,Retrait,27300.0,Free Money,F,18.0,Urbain,Actif
TX0003422,2023-02-21,Tambacounda,Paiement,208100.0,Free Money,F,47.0,Periurbain,Actif
TX0002005,2023-02-20,Kaolack,Recharge,242600.0,Wave,M,24.0,Periurbain,Actif
TX0003096,2023-06-19,Diourbel,Recharge,3900.0,Wave,F,43.0,Rural,Actif
TX0000931,2023-04-02,Kaolack,Paiement,79200.0,Wave,F,46.0,Periurbain,Actif
TX0004816,2023-05-13,Kaolack,Dépôt,72800.0,Free Money,M,28.0,Urbain,Inactif
TX0001835,2022-12-26,TAMBACOUNDA,Paiement,39100.0,Orange Money,F,43.0,Periurbain,Actif
TX0004621,2023-02-23,Dakar,Dépôt,76900.0,Orange Money,M,45.0,Periurbain,Inactif
TX0003948,2022-03-31,Dakar,Transfert,73100.0,Orange Money,M,52.0,Urbain,Actif
TX0000070,2023-02-27,Ziguinchor,Paiement,18400.0,Orange Money,M,53.0,Urbain,Suspendu
TX0001025,2022-09-17,Saint-Louis,Retrait,229400.0,Orange Money,M,49.0,Periurbain,Actif
TX0001728,2023-03-22,Kaolack,Recharge,1198900.0,Wizall,F,50.0,Rural,Actif
TX0002191,2023-05-12,Saint-Louis,Transfert,62400.0,Orange Money,M,56.0,Urbain,Inactif
TX0003252,2022-11-28,Thiès,Retrait,146800.0,Wave,M,52.0,Urbain,Actif
TX0003964,2022-01-07,Ziguinchor,Dépôt,66400.0,Free Money,M,19.0,Urbain,Actif
TX0002949,2023-05-26,Diourbel,Dépôt,2000000.0,Wave,M,40.0,Periurbain,Actif
TX0001173,2022-05-23,Kaolack,Dépôt,111700.0,Wave,M,63.0,Urbain,Actif
TX0004458,2022-08-16,Thiès,Paiement,79300.0,Wave,M,53.0,Urbain,Inactif
TX0000807,2023-05-22,Diourbel,Retrait,67300.0,Orange Money,F,45.0,Urbain,Actif
TX0004204,2022-03-01,Dakar,Dépôt,127200.0,Wizall,F,43.0,Rural,Actif
TX0001335,2022-12-22,Saint-Louis,Transfert,13200.0,Free Money,M,38.0,Rural,Actif
TX0001513,2022-01-10,Tambacounda,Transfert,321100.0,Wave,M,22.0,Urbain,Actif
TX0000711,2022-11-22,ZIGUINCHOR,Recharge,126500.0,Wizall,M,41.0,Urbain,Actif
TX0004595,2022-12-19,Diourbel,Dépôt,459200.0,Orange Money,M,37.0,Urbain,Actif
TX0001606,2022-02-06,Dakar,Recharge,33200.0,Wave,M,26.0,Urbain,Actif
TX0003647,2022-08-24,Thiès,Dépôt,73400.0,Wave,,31.0,Urbain,Inactif
TX0003915,2022-08-05,Dakar,Paiement,20700.0,Wizall,F,42.0,Urbain,Actif
TX0002771,2022-05-31,Thiès,Dépôt,84300.0,Wave,M,22.0,Urbain,Inactif
TX0001044,2023-04-30,Kaolack,Dépôt,45900.0,Orange Money,F,60.0,Urbain,Actif
TX0004157,2023-04-11,Thiès,Transfert,73100.0,Wave,M,40.0,Urbain,Actif
TX0004482,2022-10-30,Kaolack,Retrait,125000.0,Wave,M,59.0,Urbain,Actif
TX0001730,2022-06-17,Tambacounda,Transfert,27700.0,Orange Money,M,49.0,Urbain,Actif
TX0001765,2022-06-27,Thiès,Transfert,85700.0,Orange Money,F,36.0,Urbain,Actif
TX0004487,2022-07-14,Ziguinchor,Retrait,31600.0,Orange Money,M,19.0,Rural,Actif
TX0003869,2022-02-08,Thiès,Retrait,48400.0,Orange Money,M,22.0,Periurbain,Actif
TX0002015,2022-08-13,Diourbel,Retrait,123400.0,Wizall,F,,Rural,Actif
TX0003625,2022-05-24,Dakar,Recharge,13800.0,Wave,,26.0,Rural,Actif
TX0001020,2023-01-17,Tambacounda,Retrait,51600.0,Wave,M,43.0,Urbain,Actif
TX0002167,2022-03-11,Tambacounda,Dépôt,25000.0,Orange Money,F,51.0,Urbain,Actif
TX0001047,2022-01-14,Diourbel,Paiement,1056600.0,Orange Money,M,62.0,Rural,Actif
TX0002570,2022-08-10,Tambacounda,Dépôt,24000.0,Wizall,M,,Periurbain,Actif
TX0003867,2023-01-05,Thiès,Dépôt,6000.0,Free Money,F,59.0,Urbain,Actif
TX0001041,2023-03-09,Ziguinchor,Dépôt,50200.0,Wave,M,59.0,Urbain,Actif
TX0004617,2023-04-24,Kaolack,Retrait,241700.0,Wave,F,27.0,Periurbain,Actif
TX0002420,2022-03-29,Ziguinchor,Transfert,32400.0,Free Money,F,41.0,Urbain,Actif
TX0004916,2022-06-29,Tambacounda,Dépôt,8700.0,Orange Money,F,36.0,Rural,Actif
TX0003754,2022-05-29,Tambacounda,Transfert,206500.0,Orange Money,F,,Urbain,Actif
TX0001360,2023-05-15,Saint-Louis,Retrait,167600.0,Free Money,F,34.0,Rural,Actif
TX0000233,2022-09-27,Tambacounda,Retrait,108000.0,Orange Money,F,37.0,Periurbain,Actif
TX0002299,2022-07-05,Dakar,Dépôt,19400.0,Wizall,M,33.0,Periurbain,Actif
TX0004942,2023-04-10,Kaolack,Retrait,481900.0,Orange Money,F,21.0,Periurbain,Actif
TX0004233,2023-05-14,Diourbel,Transfert,229900.0,Free Money,F,32.0,Rural,Inactif
TX0000633,2022-10-19,Thiès,Dépôt,45900.0,Orange Money,,52.0,Urbain,Inactif
TX0001942,2023-03-06,Dakar,Retrait,10200.0,Wave,M,21.0,Urbain,Actif
TX0000415,2022-09-03,Dakar,Paiement,40600.0,Orange Money,F,60.0,Rural,Actif
TX0001564,2023-03-26,Thiès,Dépôt,17000.0,Wave,M,45.0,Urbain,Actif
TX0003275,2023-03-26,Diourbel,Retrait,387000.0,Wave,F,45.0,Rural,Actif
TX0001212,2022-03-31,Kaolack,Recharge,21100.0,Orange Money,M,18.0,Urbain,Actif
TX0003885,2023-05-27,Dakar,Transfert,45900.0,Free Money,F,59.0,Rural,Actif
TX0003930,2023-05-29,Saint-Louis,Retrait,1864000.0,Wave,M,31.0,Periurbain,Actif
TX0000864,2022-08-08,Saint-Louis,Dépôt,24700.0,Orange Money,M,44.0,Urbain,Inactif
TX0000017,2022-10-15,Diourbel,Dépôt,74900.0,Wave,F,37.0,Urbain,Actif
TX0001844,2023-05-31,TAMBACOUNDA,Paiement,52700.0,Orange Money,F,59.0,Periurbain,Actif
TX0002284,2022-03-18,Ziguinchor,Transfert,10800.0,Orange Money,M,33.0,Periurbain,Actif
TX0001822,2022-12-03,Ziguinchor,Dépôt,68100.0,Orange Money,F,26.0,Urbain,Inactif
TX0004080,2023-01-14,Ziguinchor,Paiement,6800.0,Wave,,54.0,Urbain,Actif
TX0000596,2023-01-01,Tambacounda,Retrait,46000.0,Orange Money,F,42.0,Periurbain,Actif
TX0002187,2023-02-24,Thiès,Paiement,10400.0,Wizall,M,29.0,Rural,Inactif
TX0004909,2022-10-27,Kaolack,Recharge,24200.0,Wizall,M,53.0,Urbain,Actif
TX0002523,2022-07-16,Diourbel,Dépôt,158100.0,Free Money,M,64.0,Periurbain,Actif
TX0002614,2022-06-22,Kaolack,Dépôt,52600.0,Wave,F,56.0,Periurbain,Inactif
TX0001849,2022-12-20,Kaolack,Retrait,3000.0,Orange Money,F,20.0,Urbain,Actif
TX0003553,2022-10-04,Diourbel,Retrait,32800.0,Free Money,,,Periurbain,Actif
TX0000371,2022-01-10,Dakar,Paiement,94900.0,Orange Money,F,25.0,Periurbain,Actif
TX0004632,2023-03-15,Thiès,Paiement,50300.0,Orange Money,M,49.0,Rural,Inactif
TX0004074,2023-01-09,Saint-Louis,Retrait,24800.0,Orange Money,M,28.0,Urbain,Actif
TX0000652,2022-11-18,Tambacounda,Dépôt,59300.0,Orange Money,F,39.0,Rural,Inactif
TX0000598,2022-04-16,Ziguinchor,Retrait,17200.0,Orange Money,M,23.0,Periurbain,Actif
TX0000676,2022-03-03,Dakar,Transfert,58700.0,Orange Money,M,57.0,Periurbain,Actif
TX0000238,2022-12-20,Diourbel,Transfert,83600.0,Orange Money,F,53.0,Rural,Inactif
TX0004498,2022-05-23,Dakar,Paiement,23000.0,Orange Money,M,33.0,Periurbain,Actif
TX0001392,2022-04-03,Dakar,Transfert,23700.0,Wizall,F,22.0,Urbain,Inactif
TX0002029,2022-12-24,Thiès,Dépôt,59900.0,Orange Money,F,54.0,Rural,Actif
TX0000994,2022-07-17,Dakar,Retrait,60100.0,Orange Money,M,46.0,Periurbain,Actif
TX0001451,2022-12-04,THIÈS,Paiement,71600.0,Free Money,F,21.0,Rural,Actif
TX0000075,2023-02-03,Tambacounda,Dépôt,138100.0,Free Money,M,18.0,Urbain,Actif
TX0001412,2022-05-28,Kaolack,Recharge,31300.0,Free Money,M,49.0,Periurbain,Suspendu
TX0002649,2022-09-08,Ziguinchor,Paiement,14600.0,Free Money,F,47.0,Rural,Inactif
TX0003616,2022-11-01,Saint-Louis,Dépôt,21100.0,Free Money,F,25.0,Periurbain,Actif
TX0003244,2023-01-20,Saint-Louis,Retrait,5000.0,Free Money,M,64.0,Urbain,Actif
TX0004856,2022-03-21,Dakar,Dépôt,270300.0,Orange Money,F,44.0,Periurbain,Inactif
TX0002495,2022-09-27,Diourbel,Paiement,42700.0,Orange Money,M,,Urbain,Suspendu
TX0000812,2022-03-10,Diourbel,Paiement,31500.0,Wave,F,39.0,Periurbain,Actif
TX0001569,2022-09-05,TAMBACOUNDA,Retrait,143500.0,Free Money,M,51.0,Urbain,Actif
TX0003813,2022-12-02,Diourbel,Dépôt,69600.0,Orange Money,F,,Urbain,Actif
TX0001566,2023-01-01,Kaolack,Recharge,45600.0,Orange Money,,57.0,Rural,Actif
TX0004782,2022-10-31,Saint-Louis,Retrait,50700.0,Wave,F,47.0,Urbain,Inactif
TX0004449,2023-02-04,Thiès,Dépôt,52000.0,Wave,F,33.0,Rural,Actif
TX0001740,2023-03-29,Ziguinchor,Retrait,17900.0,Orange Money,F,34.0,Rural,Inactif
TX0000096,2022-10-13,Diourbel,Retrait,58300.0,Orange Money,M,21.0,Urbain,Inactif
TX0004937,2022-11-08,Diourbel,Recharge,27500.0,Orange Money,M,23.0,Rural,Actif
TX0003398,2022-05-17,Kaolack,Paiement,29200.0,Wave,M,,Periurbain,Actif
TX0001650,2022-01-20,Diourbel,Paiement,24200.0,Orange Money,M,56.0,Periurbain,Inactif
TX0000621,2022-04-25,Kaolack,Dépôt,77900.0,Wave,M,36.0,Urbain,Actif
TX0004417,2022-01-14,Kaolack,Retrait,29400.0,Wave,,58.0,Urbain,Actif
TX0003790,2022-04-28,Ziguinchor,Dépôt,36900.0,Orange Money,F,22.0,Urbain,Actif
TX0000566,2022-08-03,Kaolack,Dépôt,131800.0,Orange Money,M,31.0,Rural,Actif
TX0004680,2022-05-28,Kaolack,Dépôt,42600.0,Orange Money,F,19.0,Periurbain,Suspendu
TX0002011,2022-02-04,Diourbel,Paiement,158200.0,Orange Money,,53.0,Rural,Actif
TX0000748,2023-05-11,Saint-Louis,Transfert,54200.0,Wave,M,42.0,Urbain,Actif
TX0004825,2022-03-29,Tambacounda,Transfert,75000.0,Free Money,M,52.0,Rural,Actif
TX0000051,2023-02-28,Thiès,Transfert,147500.0,Free Money,M,24.0,Periurbain,Inactif
TX0004265,2022-08-30,Thiès,Retrait,9200.0,Wave,,23.0,Urbain,Inactif
TX0002022,2023-05-28,Tambacounda,Recharge,309200.0,Wizall,M,26.0,Periurbain,Suspendu
TX0001351,2022-11-13,Saint-Louis,Recharge,19900.0,Free Money,M,,Rural,Actif
TX0001406,2023-04-07,Thiès,Retrait,5400.0,Wave,F,29.0,Urbain,Actif
TX0000534,2023-02-25,Dakar,Dépôt,34400.0,Wave,F,22.0,Rural,Actif
TX0004091,2022-07-06,Ziguinchor,Retrait,153600.0,Wave,F,56.0,Periurbain,Actif
TX0004015,2022-05-23,Tambacounda,Transfert,798900.0,Wave,F,36.0,Urbain,Actif
TX0000969,2022-09-18,Kaolack,Dépôt,293700.0,Free Money,F,55.0,Periurbain,Suspendu
TX0000443,2022-07-22,Diourbel,Dépôt,36900.0,Wave,M,64.0,Periurbain,Actif
TX0001052,2023-05-29,Kaolack,Recharge,27200.0,Orange Money,M,36.0,Urbain,Suspendu
TX0000195,2022-07-11,Saint-Louis,Paiement,89800.0,Free Money,M,61.0,Rural,Actif
TX0004342,2023-03-25,Tambacounda,Retrait,17900.0,Free Money,F,64.0,Rural,Actif
TX0003388,2022-01-22,Diourbel,Transfert,2000000.0,Wizall,F,36.0,Periurbain,Actif
TX0004603,2022-07-22,Ziguinchor,Paiement,604100.0,Wave,F,18.0,Urbain,Actif
TX0004516,2022-10-13,Kaolack,Transfert,21200.0,Orange Money,F,,Rural,Actif
TX0003138,2022-10-13,Diourbel,Transfert,90400.0,Free Money,F,50.0,Urbain,Actif
TX0002803,2023-06-10,Dakar,Paiement,19800.0,Wave,F,34.0,Rural,Actif
TX0003098,2022-01-05,Tambacounda,Transfert,150200.0,Wizall,F,45.0,Urbain,Actif
TX0003049,2022-05-25,Tambacounda,Dépôt,190000.0,Orange Money,M,45.0,Urbain,Actif
TX0004753,2022-10-06,Dakar,Transfert,177500.0,Wave,M,23.0,Urbain,Actif
TX0003542,2022-03-22,Saint-Louis,Retrait,39900.0,Free Money,F,54.0,Urbain,Actif
TX0000644,2022-03-07,Saint-Louis,Dépôt,204000.0,Free Money,M,24.0,Rural,Inactif
TX0002025,2022-05-23,Kaolack,Dépôt,260000.0,Wave,F,25.0,Periurbain,Actif
TX0003673,2022-03-03,Thiès,Dépôt,16400.0,Orange Money,M,20.0,Urbain,Inactif
TX0001427,2023-06-05,Diourbel,Retrait,403000.0,Free Money,M,52.0,Urbain,Inactif
TX0004850,2023-06-21,Saint-Louis,Dépôt,64600.0,Free Money,F,37.0,Periurbain,Actif
TX0000120,2023-03-18,Tambacounda,Retrait,19100.0,Orange Money,F,18.0,Periurbain,Actif
TX0003628,2023-03-10,Ziguinchor,Dépôt,16300.0,Free Money,M,63.0,Periurbain,Actif
TX0002072,2022-04-23,Ziguinchor,Recharge,106400.0,Wizall,F,40.0,Urbain,Actif
TX0001242,2023-02-26,Ziguinchor,Dépôt,208700.0,Free Money,M,34.0,Urbain,Actif
TX0004987,2022-11-25,Thiès,Transfert,69700.0,Wave,F,30.0,Periurbain,Actif
TX0002549,2022-02-06,Kaolack,Dépôt,20200.0,Wave,F,23.0,Urbain,Actif
TX0002339,2022-08-18,Ziguinchor,Dépôt,74800.0,Orange Money,F,35.0,Rural,Actif
TX0000134,2023-05-31,Tambacounda,Paiement,38700.0,Wizall,,62.0,Periurbain,Actif
TX0002561,2023-01-22,Diourbel,Retrait,11600.0,Orange Money,M,27.0,Periurbain,Actif
TX0003424,2023-04-03,Kaolack,Retrait,476200.0,Orange Money,M,37.0,Urbain,Actif
TX0004471,2023-06-27,Tambacounda,Transfert,81900.0,Free Money,M,,Urbain,Actif
TX0002379,2023-03-13,Kaolack,Dépôt,59300.0,Free Money,M,59.0,Urbain,Actif
TX0000184,2022-05-22,Ziguinchor,Transfert,20800.0,Wizall,F,64.0,Rural,Actif
TX0003501,2023-03-16,Saint-Louis,Paiement,154200.0,Orange Money,M,38.0,Rural,Suspendu
TX0003321,2022-02-06,Kaolack,Dépôt,305900.0,Wave,M,38.0,Urbain,Actif
TX0000511,2022-08-17,DIOURBEL,Transfert,85500.0,Wave,M,43.0,Periurbain,Actif
TX0002815,2023-02-27,Kaolack,Dépôt,108100.0,Orange Money,F,,Periurbain,Actif
TX0000062,2023-03-30,Tambacounda,Paiement,11600.0,Wizall,F,21.0,Rural,Actif
TX0004339,2022-04-29,Dakar,Paiement,311600.0,Free Money,M,59.0,Periurbain,Actif
TX0004532,2022-05-16,Dakar,Retrait,106300.0,Wave,F,25.0,Urbain,Actif
TX0004409,2022-10-31,Dakar,Dépôt,30700.0,Wizall,M,43.0,Urbain,Actif
TX0000977,2022-01-29,Kaolack,Dépôt,282500.0,Wave,F,52.0,Periurbain,Actif
TX0000838,2022-11-14,Dakar,Transfert,83700.0,Wave,M,23.0,Urbain,Actif
TX0000251,2022-07-30,Dakar,Transfert,3300.0,Free Money,F,53.0,Urbain,Actif
TX0000625,2022-07-21,THIÈS,Retrait,13700.0,Wave,M,31.0,Urbain,Actif
TX0003897,2023-04-01,SAINT-LOUIS,Recharge,38800.0,Free Money,,55.0,Urbain,Actif
TX0000700,2022-10-19,Dakar,Dépôt,45700.0,Wave,M,55.0,Periurbain,Inactif
TX0003149,2022-09-06,Tambacounda,Transfert,448000.0,Orange Money,F,20.0,Rural,Actif
TX0001615,2023-01-02,Ziguinchor,Retrait,210800.0,Free Money,F,50.0,Rural,Actif
TX0000122,2022-06-23,Thiès,Dépôt,18200.0,Free Money,M,59.0,Rural,Actif
TX0001831,2022-11-26,Dakar,Retrait,22000.0,Wizall,F,20.0,Urbain,Actif
TX0003371,2022-11-22,Dakar,Dépôt,5800.0,Orange Money,M,36.0,Rural,Inactif
TX0002366,2022-03-09,Thiès,Retrait,55200.0,Wizall,,22.0,Urbain,Actif
TX0002850,2022-12-26,Diourbel,Dépôt,174200.0,Wave,F,31.0,Urbain,Actif
TX0003879,2022-05-07,Kaolack,Retrait,166700.0,Orange Money,M,59.0,Periurbain,Actif
TX0000567,2022-08-28,Diourbel,Retrait,55100.0,Orange Money,F,34.0,Urbain,Actif
TX0002174,2022-05-05,Ziguinchor,Transfert,160600.0,Orange Money,F,21.0,Periurbain,Actif
TX0004536,2022-08-22,Dakar,Dépôt,853600.0,Orange Money,F,53.0,Periurbain,Inactif
TX0000693,2022-05-13,Ziguinchor,Recharge,1800.0,Free Money,M,45.0,Urbain,Actif
TX0003662,2022-01-28,Dakar,Retrait,86400.0,Free Money,M,40.0,Rural,Actif
TX0003388,2022-01-22,Diourbel,Transfert,2000000.0,Wizall,F,36.0,Periurbain,Actif
TX0002478,2022-03-10,Tambacounda,Recharge,15300.0,Wave,M,23.0,Periurbain,Actif
TX0004956,2022-07-15,Saint-Louis,Retrait,16800.0,Orange Money,M,23.0,Urbain,Actif
TX0001074,2023-06-25,Tambacounda,Paiement,4800.0,Wave,M,28.0,Rural,Actif
TX0001158,2023-04-22,Saint-Louis,Transfert,205800.0,Free Money,M,47.0,Urbain,Suspendu
TX0001788,2022-02-06,Tambacounda,Transfert,50300.0,Orange Money,F,20.0,Urbain,Actif
TX0000720,2023-05-29,Thiès,Retrait,30400.0,Free Money,M,42.0,Periurbain,Actif
TX0002825,2023-04-09,Diourbel,Retrait,84000.0,Wave,F,35.0,Urbain,Actif
TX0004172,2022-08-31,Diourbel,Dépôt,20600.0,Wave,F,,Periurbain,Actif
TX0003871,2022-04-10,Dakar,Recharge,37100.0,Orange Money,M,62.0,Rural,Actif
TX0004835,2022-02-17,Kaolack,Retrait,235800.0,Wave,,60.0,Urbain,Actif
TX0003340,2023-05-02,Kaolack,Dépôt,634300.0,Orange Money,F,46.0,Rural,Actif
TX0000602,2022-04-07,Kaolack,Recharge,93400.0,Free Money,F,55.0,Periurbain,Actif
TX0002291,2022-06-03,Thiès,Retrait,3000.0,Free Money,M,56.0,Urbain,Actif
TX0002995,2023-04-19,Diourbel,Retrait,34500.0,Wizall,M,19.0,Urbain,Actif
TX0001867,2022-04-01,Ziguinchor,Dépôt,45400.0,Wave,M,37.0,Urbain,Actif
TX0003142,2022-11-16,Saint-Louis,Transfert,41300.0,Orange Money,M,32.0,Rural,Actif
TX0003607,2022-06-06,Thiès,Retrait,449400.0,Orange Money,M,19.0,Urbain,Actif
TX0000318,2022-03-27,Diourbel,Retrait,198200.0,Wave,F,38.0,Periurbain,Actif
TX0003078,2022-03-26,Tambacounda,Retrait,699700.0,Wave,F,36.0,Urbain,Suspendu
TX0004056,2023-03-24,Tambacounda,Retrait,435200.0,Wave,M,30.0,Urbain,Actif
TX0000274,2022-10-07,Ziguinchor,Paiement,555700.0,Free Money,F,55.0,Urbain,Actif
TX0001983,2022-09-22,Thiès,Retrait,21300.0,Wave,M,63.0,Periurbain,Actif
TX0000549,2023-02-27,Tambacounda,Retrait,19000.0,Orange Money,F,24.0,Rural,Suspendu
TX0003062,2022-11-24,Ziguinchor,Dépôt,139900.0,Orange Money,M,64.0,Urbain,Actif
TX0002792,2022-11-08,Thiès,Retrait,125200.0,Orange Money,M,58.0,Periurbain,Actif
TX0004991,2022-11-10,Dakar,Retrait,18300.0,Wizall,M,22.0,Periurbain,Inactif
TX0003064,2022-12-21,Dakar,Dépôt,412300.0,Orange Money,F,52.0,Periurbain,Inactif
TX0000605,2022-09-10,Diourbel,Transfert,55900.0,Wave,F,,Periurbain,Actif
TX0001032,2022-05-06,Kaolack,Dépôt,10200.0,Wave,M,47.0,Periurbain,Actif
TX0000527,2022-05-30,Diourbel,Dépôt,95300.0,Orange Money,,63.0,Urbain,Actif
TX0004976,2022-03-09,Tambacounda,Transfert,7600.0,Orange Money,M,,Rural,Actif
TX0002677,2022-02-01,Diourbel,Recharge,45700.0,Wave,M,47.0,Rural,Actif
TX0002617,2022-05-28,Kaolack,Retrait,322000.0,Free Money,M,64.0,Urbain,Actif
TX0000829,2022-09-05,Ziguinchor,Dépôt,18600.0,Free Money,M,61.0,Urbain,Actif
TX0003938,2022-04-04,Dakar,Paiement,12300.0,Wave,F,26.0,Rural,Actif
TX0004924,2022-01-28,Saint-Louis,Transfert,83600.0,Wave,M,27.0,Rural,Actif
TX0004717,2023-06-29,Saint-Louis,Retrait,69700.0,Wave,M,24.0,Rural,Actif
TX0003674,2022-11-29,Diourbel,Transfert,72800.0,Wave,F,39.0,Periurbain,Actif
TX0000298,2022-12-07,Saint-Louis,Transfert,6600.0,Wizall,M,28.0,Urbain,Actif
TX0000068,2022-02-10,Thiès,Dépôt,61500.0,Orange Money,M,,Periurbain,Suspendu
TX0003866,2022-08-15,Kaolack,Transfert,428100.0,Free Money,M,18.0,Urbain,Actif
TX0003429,2022-11-18,Thiès,Transfert,64200.0,Orange Money,M,32.0,Periurbain,Inactif
TX0002252,2023-01-02,Kaolack,Paiement,2300.0,Orange Money,M,35.0,Rural,Actif
TX0003888,2022-12-11,Thiès,Dépôt,47500.0,Orange Money,M,48.0,Urbain,Actif
TX0004645,2023-02-10,Thiès,Dépôt,4600.0,Orange Money,M,45.0,Urbain,Actif
TX0001672,2023-04-20,Tambacounda,Dépôt,32400.0,Wizall,F,52.0,Urbain,Actif
TX0002519,2023-01-31,ZIGUINCHOR,Dépôt,13100.0,Free Money,,55.0,Urbain,Suspendu
TX0000150,2023-05-12,Saint-Louis,Retrait,52300.0,Orange Money,F,46.0,Rural,Actif
TX0000756,2022-12-06,DIOURBEL,Dépôt,69700.0,Free Money,M,41.0,Urbain,Actif
TX0002114,2022-12-24,Tambacounda,Recharge,65500.0,Orange Money,F,56.0,Periurbain,Suspendu
TX0002574,2022-05-04,Dakar,Dépôt,456300.0,Wave,M,56.0,Periurbain,Actif
TX0004348,2023-03-28,Diourbel,Paiement,53800.0,Wave,F,62.0,Urbain,Suspendu
TX0004343,2023-03-29,Ziguinchor,Recharge,186000.0,Wave,M,47.0,Periurbain,Actif
TX0001623,2023-06-08,Thiès,Transfert,137000.0,Wave,M,,Urbain,Actif
TX0001858,2023-04-06,Kaolack,Recharge,85300.0,Wave,M,37.0,Periurbain,Actif
TX0004044,2022-08-13,Dakar,Dépôt,78000.0,Orange Money,M,21.0,Rural,Actif
TX0000376,2023-04-08,Diourbel,Dépôt,72100.0,Wave,M,40.0,Rural,Actif
TX0001617,2022-12-29,Diourbel,Paiement,151800.0,Wizall,M,39.0,Periurbain,Actif
TX0004986,2023-02-03,Dakar,Dépôt,17900.0,Orange Money,M,35.0,Periurbain,Actif
TX0000859,2022-02-05,Diourbel,Transfert,55900.0,Orange Money,F,21.0,Urbain,Actif
TX0002728,2022-05-15,Tambacounda,Retrait,79900.0,Wave,F,44.0,Rural,Actif
TX0003574,2023-05-02,TAMBACOUNDA,Transfert,508600.0,Orange Money,F,23.0,Rural,Actif
TX0000378,2023-03-22,Thiès,Recharge,58500.0,Orange Money,,52.0,Periurbain,Actif
TX0003939,2022-08-17,Saint-Louis,Dépôt,45000.0,Orange Money,M,61.0,Rural,Inactif
TX0002742,2022-04-18,Saint-Louis,Dépôt,61000.0,Orange Money,M,64.0,Periurbain,Actif
TX0004757,2023-03-02,Thiès,Transfert,14500.0,Orange Money,F,31.0,Urbain,Actif
TX0004025,2023-03-27,Dakar,Dépôt,37900.0,Orange Money,M,55.0,Urbain,Actif
TX0001421,2022-10-05,ZIGUINCHOR,Transfert,19700.0,Free Money,F,21.0,Periurbain,Actif
TX0004118,2022-03-20,Thiès,Transfert,67900.0,Orange Money,,64.0,Rural,Actif
TX0001780,2022-01-22,Thiès,Dépôt,23800.0,Orange Money,M,45.0,Urbain,Actif
TX0003599,2022-12-28,Saint-Louis,Retrait,57100.0,Orange Money,F,32.0,Periurbain,Actif
TX0004969,2022-08-22,Tambacounda,Transfert,22400.0,Wave,F,60.0,Periurbain,Actif
TX0001934,2023-01-06,Dakar,Paiement,8600.0,Wave,F,54.0,Periurbain,Actif
TX0002367,2022-11-02,Dakar,Retrait,62000.0,Wave,F,36.0,Periurbain,Actif
TX0004473,2022-07-14,Dakar,Dépôt,85300.0,Wave,M,49.0,Rural,Actif
TX0000794,2022-01-10,Dakar,Paiement,23200.0,Orange Money,M,52.0,Periurbain,Actif
TX0002607,2022-06-01,Dakar,Retrait,120300.0,Wave,F,61.0,Rural,Actif
TX0000841,2022-12-29,Kaolack,Dépôt,18500.0,Orange Money,M,63.0,Urbain,Actif
TX0001746,2022-01-11,Tambacounda,Transfert,13100.0,Wizall,M,47.0,Periurbain,Actif
TX0002346,2023-01-07,Saint-Louis,Retrait,340600.0,Wave,,54.0,Rural,Actif
TX0000175,2022-04-06,Ziguinchor,Retrait,6200.0,Orange Money,F,42.0,Urbain,Actif
TX0001101,2023-06-15,Tambacounda,Dépôt,22600.0,Wave,F,22.0,Urbain,Actif
TX0002857,2022-01-22,Tambacounda,Retrait,262200.0,Free Money,F,48.0,Urbain,Actif
TX0003058,2022-02-11,Tambacounda,Paiement,153600.0,Wave,F,56.0,Urbain,Suspendu
TX0000045,2022-12-29,Dakar,Transfert,31000.0,Free Money,M,41.0,Urbain,Actif
TX0004184,2022-03-14,Kaolack,Recharge,171900.0,Orange Money,F,22.0,Rural,Actif
TX0004501,2022-10-08,Thiès,Dépôt,12400.0,Orange Money,F,18.0,Urbain,Actif
TX0000127,2023-04-16,Tambacounda,Dépôt,212100.0,Wave,M,58.0,Rural,Actif
TX0002952,2023-01-26,Dakar,Paiement,25600.0,Wave,M,51.0,Urbain,Actif
TX0000896,2022-06-10,Saint-Louis,Retrait,302900.0,Orange Money,M,37.0,Periurbain,Actif
TX0001611,2022-12-23,Dakar,Retrait,128900.0,Wave,F,55.0,Urbain,Actif
TX0001744,2022-08-16,Diourbel,Retrait,270000.0,Orange Money,M,52.0,Urbain,Actif
TX0004192,2022-10-01,Tambacounda,Dépôt,9500.0,Wave,F,25.0,Urbain,Actif
TX0001860,2023-03-01,Dakar,Retrait,36600.0,Free Money,F,26.0,Periurbain,Actif
TX0002348,2022-11-21,Thiès,Dépôt,44800.0,Wizall,M,,Periurbain,Actif
TX0002131,2022-01-07,Dakar,Dépôt,103100.0,Orange Money,M,30.0,Urbain,Actif
TX0003639,2022-04-24,Dakar,Paiement,133300.0,Orange Money,M,28.0,Periurbain,Actif
TX0003130,2023-03-17,Saint-Louis,Transfert,11500.0,Orange Money,M,64.0,Urbain,Actif
TX0002525,2022-06-02,Saint-Louis,Paiement,33500.0,Free Money,F,41.0,Urbain,Inactif
TX0000283,2022-02-21,Tambacounda,Retrait,111700.0,Wave,F,54.0,Periurbain,Actif
TX0002018,2022-01-12,Tambacounda,Dépôt,22600.0,Orange Money,F,44.0,Urbain,Actif
TX0001128,2022-07-23,Saint-Louis,Retrait,14500.0,Wave,M,55.0,Urbain,Actif
TX0001786,2022-12-15,Ziguinchor,Recharge,70500.0,Orange Money,M,61.0,Urbain,Actif
TX0001433,2022-12-31,Thiès,Transfert,145500.0,Orange Money,F,57.0,Periurbain,Actif
TX0003245,2022-04-04,Saint-Louis,Recharge,763700.0,Orange Money,F,,Urbain,Inactif
TX0001330,2022-10-31,Ziguinchor,Transfert,14200.0,Orange Money,M,37.0,Urbain,Actif
TX0004819,2022-04-19,Dakar,Dépôt,12700.0,Free Money,M,55.0,Periurbain,Actif
TX0003849,2022-02-07,Kaolack,Dépôt,23100.0,Wave,F,24.0,Rural,Actif
TX0004092,2022-09-19,SAINT-LOUIS,Dépôt,40500.0,Free Money,M,19.0,Urbain,Inactif
TX0002231,2022-01-27,Diourbel,Retrait,12300.0,Wave,M,19.0,Rural,Actif
TX0004374,2022-10-07,Diourbel,Transfert,47800.0,Wave,M,47.0,Periurbain,Actif
TX0001221,2022-03-24,Dakar,Transfert,61000.0,Orange Money,M,24.0,Periurbain,Actif
TX0002659,2022-12-26,Tambacounda,Paiement,64200.0,Orange Money,M,30.0,Urbain,Actif
TX0004667,2023-04-04,Dakar,Dépôt,23800.0,Wave,F,32.0,Periurbain,Actif
TX0002807,2022-03-30,Thiès,Paiement,48300.0,Free Money,F,51.0,Urbain,Actif
TX0004367,2022-08-30,Kaolack,Retrait,43600.0,Orange Money,M,48.0,Urbain,Actif
TX0002548,2022-08-11,Kaolack,Retrait,68200.0,Free Money,F,31.0,Periurbain,Actif
TX0001094,2022-05-07,Kaolack,Dépôt,824200.0,Orange Money,M,47.0,Periurbain,Actif
TX0004776,2022-01-01,Kaolack,Dépôt,112200.0,Orange Money,F,19.0,Periurbain,Actif
TX0004652,2022-09-18,Thiès,Transfert,53400.0,Wave,F,24.0,Rural,Actif
TX0001937,2023-03-28,Saint-Louis,Transfert,88000.0,Free Money,F,42.0,Urbain,Actif
TX0003475,2023-03-16,Dakar,Dépôt,20100.0,Wave,M,23.0,Periurbain,Actif
TX0001807,2022-04-12,Saint-Louis,Paiement,18600.0,Wave,M,,Urbain,Suspendu
TX0000099,2022-03-01,Ziguinchor,Paiement,150100.0,Orange Money,M,31.0,Urbain,Actif
TX0003027,2022-12-18,Thiès,Paiement,161400.0,Free Money,M,63.0,Urbain,Actif
TX0001770,2022-09-09,Kaolack,Dépôt,167400.0,Free Money,M,55.0,Urbain,Actif
TX0001832,2022-11-15,Ziguinchor,Dépôt,86600.0,Orange Money,M,44.0,Rural,Actif
TX0002991,2023-03-14,Diourbel,Transfert,59200.0,Orange Money,F,30.0,Periurbain,Actif
TX0000351,2023-04-14,Tambacounda,Retrait,46600.0,Orange Money,M,60.0,Urbain,Actif
TX0004700,2022-05-17,Thiès,Paiement,236100.0,Orange Money,M,56.0,Periurbain,Actif
TX0001103,2023-05-23,Kaolack,Transfert,216500.0,Free Money,F,56.0,Periurbain,Suspendu
TX0001374,2022-05-16,Tambacounda,Transfert,9800.0,Orange Money,F,52.0,Rural,Actif
TX0001075,2022-08-22,Thiès,Recharge,694300.0,Orange Money,M,63.0,Urbain,Actif
TX0000718,2022-03-09,Thiès,Transfert,354500.0,Wave,F,22.0,Periurbain,Actif
TX0004695,2023-04-27,Kaolack,Dépôt,15300.0,Free Money,M,46.0,Periurbain,Actif
TX0002837,2022-01-25,Ziguinchor,Paiement,49200.0,Wave,F,21.0,Periurbain,Actif
TX0003399,2022-11-12,Tambacounda,Dépôt,98200.0,Wave,M,46.0,Urbain,Suspendu
TX0002405,2022-11-28,Diourbel,Dépôt,275800.0,Free Money,,50.0,Rural,Actif
TX0000308,2023-03-11,Kaolack,Transfert,217600.0,Wave,F,25.0,Rural,Actif
TX0004094,2022-07-01,Dakar,Dépôt,9300.0,Wave,M,23.0,Urbain,Actif
TX0000833,2022-04-07,Diourbel,Retrait,153100.0,Free Money,,54.0,Rural,Actif
TX0000366,2023-06-10,THIÈS,Retrait,47300.0,Wave,M,21.0,Periurbain,Actif
TX0002858,2022-01-20,Ziguinchor,Paiement,19200.0,Wave,M,45.0,Urbain,Actif
TX0004475,2022-09-22,Diourbel,Dépôt,66900.0,Orange Money,M,62.0,Urbain,Actif
TX0004778,2022-05-12,Diourbel,Retrait,41300.0,Free Money,F,63.0,Rural,Suspendu
TX0003928,2023-01-12,KAOLACK,Dépôt,374100.0,Free Money,F,58.0,Urbain,Inactif
TX0003978,2022-01-28,Thiès,Retrait,288600.0,Orange Money,M,56.0,Urbain,Actif
TX0000949,2022-11-23,Kaolack,Dépôt,13900.0,Wizall,M,37.0,Urbain,Actif
TX0001538,2022-04-10,Thiès,Dépôt,628900.0,Wave,,20.0,Periurbain,Actif
TX0003135,2022-12-04,Thiès,Retrait,709100.0,Orange Money,F,18.0,Urbain,Actif
TX0000019,2022-06-09,Ziguinchor,Retrait,578700.0,Free Money,,57.0,Periurbain,Actif
TX0002512,2022-09-03,Tambacounda,Retrait,9800.0,Wave,F,44.0,Rural,Suspendu
TX0003989,2023-04-22,Ziguinchor,Transfert,301100.0,Free Money,M,54.0,Periurbain,Actif
TX0000668,2022-04-13,Ziguinchor,Transfert,65000.0,Orange Money,M,37.0,Urbain,Actif
TX0000218,2022-12-22,THIÈS,Paiement,60800.0,Wizall,F,56.0,Periurbain,Actif
TX0001592,2022-03-12,Thiès,Paiement,49400.0,Orange Money,M,,Rural,Actif
TX0000438,2023-01-22,Ziguinchor,Dépôt,72300.0,Orange Money,M,36.0,Periurbain,Inactif
TX0004269,2023-05-30,Kaolack,Dépôt,129300.0,Free Money,M,61.0,Periurbain,Actif
TX0003833,2022-07-30,Kaolack,Recharge,123400.0,Free Money,,40.0,Urbain,Actif
TX0003024,2022-01-31,KAOLACK,Dépôt,29900.0,Orange Money,M,64.0,Periurbain,Actif
TX0003434,2023-01-22,Ziguinchor,Retrait,104500.0,Wave,M,38.0,Urbain,Actif
TX0004914,2022-04-01,Tambacounda,Transfert,76800.0,Wave,M,33.0,Urbain,Actif
TX0004301,2023-05-29,Thiès,Paiement,298400.0,Orange Money,,53.0,Urbain,Actif
TX0004746,2022-04-14,Diourbel,Dépôt,690100.0,Wave,M,48.0,Rural,Actif
TX0004932,2023-06-10,DAKAR,Retrait,104400.0,Orange Money,M,35.0,Urbain,Actif
TX0002883,2022-02-08,Thiès,Transfert,29200.0,Wave,F,56.0,Periurbain,Actif
TX0000802,2022-11-12,Dakar,Paiement,410500.0,Wave,M,25.0,Rural,Actif
TX0003133,2022-10-25,Saint-Louis,Dépôt,269800.0,Orange Money,,43.0,Urbain,Inactif
TX0003921,2022-08-07,Dakar,Recharge,27700.0,Orange Money,M,51.0,Rural,Actif
TX0003911,2022-05-29,Kaolack,Dépôt,114600.0,Orange Money,F,19.0,Urbain,Actif
TX0003935,2022-10-26,Ziguinchor,Paiement,88700.0,Orange Money,M,21.0,Urbain,Inactif
TX0000582,2022-09-27,Saint-Louis,Dépôt,246800.0,Wave,M,50.0,Periurbain,Actif
TX0000203,2023-05-07,Thiès,Dépôt,2500.0,Orange Money,F,34.0,Periurbain,Actif
TX0004155,2022-01-08,Saint-Louis,Dépôt,241600.0,Free Money,F,40.0,Urbain,Actif
TX0003565,2023-02-01,Diourbel,Transfert,23600.0,Orange Money,M,21.0,Rural,Actif
TX0000944,2022-04-23,Tambacounda,Paiement,23700.0,Orange Money,M,38.0,Urbain,Actif
TX0002344,2023-05-31,Kaolack,Transfert,17200.0,Orange Money,M,54.0,Periurbain,Actif
TX0002269,2022-10-08,Kaolack,Retrait,69600.0,Wave,F,55.0,Periurbain,Actif
TX0004961,2022-04-22,Kaolack,Recharge,72600.0,Wave,M,27.0,Periurbain,Actif
TX0002215,2022-06-16,SAINT-LOUIS,Retrait,19900.0,Orange Money,M,23.0,Urbain,Actif
TX0000964,2022-06-07,THIÈS,Retrait,33000.0,Wizall,F,21.0,Urbain,Actif
TX0004964,2022-09-21,Thiès,Transfert,144500.0,Wizall,M,39.0,Rural,Actif
TX0004884,2022-03-02,Kaolack,Transfert,16400.0,Free Money,M,38.0,Periurbain,Inactif
TX0001375,2023-04-22,Saint-Louis,Paiement,46000.0,Orange Money,M,61.0,Urbain,Actif
TX0001526,2022-06-05,Kaolack,Dépôt,40500.0,Orange Money,F,55.0,Periurbain,Actif
TX0004677,2023-06-10,Saint-Louis,Dépôt,400900.0,Orange Money,F,36.0,Urbain,Actif
TX0000517,2023-03-20,Diourbel,Recharge,132500.0,Wizall,F,33.0,Urbain,Suspendu
TX0001255,2022-08-24,Saint-Louis,Transfert,40000.0,Free Money,M,27.0,Periurbain,Actif
TX0004349,2022-12-12,DIOURBEL,Retrait,849900.0,Wave,F,25.0,Urbain,Actif
TX0001962,2023-04-05,Ziguinchor,Dépôt,20500.0,Wave,M,21.0,Periurbain,Actif
TX0001504,2022-07-27,Dakar,Retrait,11900.0,Orange Money,M,40.0,Rural,Actif
TX0001049,2022-01-12,Thiès,Retrait,135900.0,Wizall,F,28.0,Urbain,Actif
TX0004512,2022-02-20,Thiès,Paiement,16000.0,Free Money,F,,Periurbain,Actif
TX0004271,2023-06-07,Thiès,Recharge,18500.0,Orange Money,M,56.0,Rural,Actif
TX0002860,2023-04-20,Dakar,Paiement,3600.0,Wave,M,18.0,Urbain,Actif
TX0002276,2023-02-11,Saint-Louis,Retrait,43500.0,Orange Money,M,61.0,Urbain,Actif
TX0002083,2023-05-13,Diourbel,Dépôt,68900.0,Wizall,M,28.0,Rural,Actif
TX0000759,2023-03-08,Dakar,Recharge,10600.0,Free Money,F,32.0,Urbain,Actif
TX0002784,2023-04-13,ZIGUINCHOR,Retrait,22700.0,Wave,F,35.0,Periurbain,Inactif
TX0002240,2023-03-11,Tambacounda,Transfert,7500.0,Free Money,F,61.0,Periurbain,Actif
TX0000214,2023-01-25,Kaolack,Recharge,112600.0,Free Money,F,47.0,Periurbain,Actif
TX0004421,2023-06-08,Ziguinchor,Retrait,35500.0,Orange Money,F,48.0,Urbain,Inactif
TX0004821,2022-06-08,Dakar,Paiement,119900.0,Orange Money,M,44.0,Periurbain,Actif
TX0003774,2022-12-27,Dakar,Paiement,25400.0,Free Money,F,26.0,Urbain,Actif
TX0002827,2022-02-22,Thiès,Transfert,28100.0,Wave,M,53.0,Periurbain,Actif
TX0000196,2023-02-02,DIOURBEL,Retrait,174500.0,Free Money,F,45.0,Periurbain,Actif
TX0001126,2022-02-17,Kaolack,Retrait,58400.0,Orange Money,F,47.0,Urbain,Actif
TX0003610,2022-11-09,DAKAR,Recharge,9600.0,Wave,M,29.0,Urbain,Actif
TX0001305,2023-04-22,Thiès,Retrait,9200.0,Orange Money,F,64.0,Urbain,Suspendu
TX0000887,2022-05-11,Saint-Louis,Dépôt,17000.0,Orange Money,M,63.0,Rural,Actif
TX0001738,2022-07-21,Ziguinchor,Retrait,19100.0,Wave,F,51.0,Urbain,Actif
TX0002584,2022-11-17,Thiès,Recharge,39800.0,Wizall,M,64.0,Urbain,Actif
TX0000568,2023-05-10,Thiès,Retrait,14400.0,Orange Money,M,40.0,Urbain,Actif
TX0001747,2022-05-23,Diourbel,Transfert,48900.0,Orange Money,M,54.0,Urbain,Actif
TX0002323,2022-06-19,Ziguinchor,Transfert,70800.0,Wave,F,20.0,Periurbain,Actif
TX0000139,2023-06-16,Ziguinchor,Transfert,25900.0,Free Money,F,42.0,Rural,Actif
TX0002580,2022-03-09,KAOLACK,Transfert,38500.0,Orange Money,M,20.0,Urbain,Actif
TX0003722,2023-05-27,Kaolack,Transfert,174900.0,Wizall,,35.0,Urbain,Actif
TX0004112,2022-02-07,Thiès,Dépôt,31400.0,Orange Money,M,45.0,Rural,Actif
TX0000463,2022-11-16,Ziguinchor,Dépôt,165400.0,Orange Money,F,37.0,Urbain,Actif
TX0004681,2022-05-17,Tambacounda,Transfert,249800.0,Orange Money,F,31.0,Rural,Actif
TX0000594,2023-05-06,Saint-Louis,Transfert,77700.0,Wave,M,54.0,Urbain,Actif
TX0004147,2022-08-08,Kaolack,Paiement,32000.0,Free Money,F,31.0,Rural,Inactif
TX0000450,2023-03-02,Ziguinchor,Dépôt,88400.0,Orange Money,F,30.0,Periurbain,Actif
TX0001723,2022-02-25,Thiès,Retrait,10700.0,Orange Money,F,26.0,Periurbain,Actif
TX0004644,2023-01-21,Diourbel,Dépôt,560700.0,Orange Money,M,18.0,Rural,Inactif
TX0004899,2023-05-14,Kaolack,Transfert,142000.0,Orange Money,F,22.0,Urbain,Actif
TX0003997,2022-08-04,Dakar,Dépôt,42600.0,Orange Money,M,20.0,Urbain,Actif
TX0004286,2023-04-22,Thiès,Retrait,44500.0,Wave,F,,Urbain,Actif
TX0001888,2023-02-02,Saint-Louis,Retrait,45100.0,Orange Money,M,58.0,Periurbain,Inactif
TX0004653,2023-04-10,Diourbel,Retrait,47200.0,Wave,M,43.0,Urbain,Actif
TX0000451,2022-11-02,KAOLACK,Retrait,31600.0,Wave,M,48.0,Periurbain,Actif
TX0004113,2022-02-19,Thiès,Retrait,104800.0,Wave,M,53.0,Urbain,Actif
TX0004671,2023-04-26,Tambacounda,Retrait,49000.0,Orange Money,F,30.0,Periurbain,Actif
TX0002101,2022-10-19,Tambacounda,Dépôt,39100.0,Orange Money,M,34.0,Rural,Actif
TX0004777,2022-06-18,Dakar,Dépôt,22900.0,Orange Money,M,25.0,Rural,Actif
TX0000999,2022-09-01,Ziguinchor,Retrait,46800.0,Wave,F,34.0,Rural,Actif
TX0004847,2022-03-19,Ziguinchor,Dépôt,25500.0,Orange Money,F,54.0,Rural,Actif
TX0002929,2022-08-04,Tambacounda,Dépôt,133200.0,Orange Money,F,45.0,Periurbain,Inactif
TX0000192,2023-05-08,Kaolack,Dépôt,52400.0,Wave,M,44.0,Urbain,Actif
TX0003906,2022-10-09,Kaolack,Retrait,27400.0,Orange Money,F,19.0,Rural,Actif
TX0004267,2022-02-03,DIOURBEL,Dépôt,90400.0,Orange Money,M,56.0,Periurbain,Actif
TX0002543,2022-12-02,Tambacounda,Retrait,1200300.0,Free Money,M,47.0,Urbain,Actif
TX0004318,2022-08-10,Thiès,Recharge,32100.0,Wave,M,29.0,Urbain,Actif
TX0004516,2022-10-13,Kaolack,Transfert,21200.0,Orange Money,F,24.0,Rural,Actif
TX0002107,2023-05-11,Saint-Louis,Transfert,21300.0,Free Money,F,,Urbain,Actif
TX0002662,2022-04-29,Kaolack,Dépôt,55700.0,Wave,,,Periurbain,Actif
TX0002063,2022-09-09,Diourbel,Dépôt,163500.0,Wave,M,56.0,Urbain,Actif
TX0002423,2022-09-08,Dakar,Retrait,511400.0,Orange Money,F,41.0,Periurbain,Suspendu
TX0003620,2023-01-04,Thiès,Recharge,192300.0,Free Money,M,47.0,Urbain,Actif
TX0004280,2022-03-30,Tambacounda,Paiement,115100.0,Wave,M,50.0,Periurbain,Actif
TX0002534,2023-02-08,Saint-Louis,Retrait,207900.0,Orange Money,F,46.0,Periurbain,Actif
TX0002899,2022-01-21,Tambacounda,Dépôt,30400.0,Wave,F,27.0,Urbain,Actif
TX0003103,2022-08-26,Ziguinchor,Retrait,30800.0,Orange Money,M,60.0,Periurbain,Actif
TX0001872,2022-10-04,Ziguinchor,Dépôt,3200.0,Orange Money,F,43.0,Urbain,Actif
TX0004576,2022-08-13,Thiès,Retrait,28000.0,Wizall,M,19.0,Rural,Actif
TX0004692,2022-07-08,Ziguinchor,Retrait,15800.0,Free Money,F,32.0,Rural,Actif
TX0001695,2022-02-07,Kaolack,Dépôt,17900.0,Orange Money,F,27.0,Urbain,Actif
TX0000191,2023-05-06,Ziguinchor,Recharge,275500.0,Orange Money,F,33.0,Urbain,Actif
TX0003162,2022-06-14,Ziguinchor,Dépôt,128000.0,Orange Money,F,49.0,Urbain,Actif
TX0001803,2022-06-12,Thiès,Dépôt,93000.0,Orange Money,F,28.0,Rural,Actif
TX0004089,2022-01-25,Dakar,Retrait,363100.0,Orange Money,M,20.0,Periurbain,Actif
TX0002907,2022-05-04,Dakar,Retrait,18200.0,Wizall,F,52.0,Periurbain,Actif
TX0001281,2023-01-20,Tambacounda,Dépôt,19600.0,Wizall,M,23.0,Rural,Actif
TX0002615,2022-02-25,Saint-Louis,Retrait,227400.0,Free Money,M,23.0,Urbain,Inactif
TX0001714,2022-02-01,Saint-Louis,Retrait,201300.0,Orange Money,M,31.0,Periurbain,Actif
TX0004294,2022-08-05,SAINT-LOUIS,Recharge,179300.0,Wave,M,,Periurbain,Actif
TX0003805,2023-06-15,Tambacounda,Paiement,85100.0,Wave,F,22.0,Periurbain,Actif
TX0002880,2022-07-01,Dakar,Transfert,21100.0,Orange Money,F,36.0,Urbain,Actif
TX0003999,2022-03-30,Diourbel,Retrait,84600.0,Orange Money,,40.0,Rural,Actif
TX0000312,2022-01-14,Diourbel,Recharge,79300.0,Orange Money,M,28.0,Periurbain,Actif
TX0004968,2023-06-08,Thiès,Recharge,20800.0,Wizall,F,47.0,Urbain,Actif
TX0000166,2022-06-25,Dakar,Retrait,47100.0,Wave,F,52.0,Rural,Inactif
TX0003463,2022-11-24,Tambacounda,Retrait,441800.0,Free Money,M,45.0,Urbain,Actif
TX0004321,2023-05-27,Thiès,Dépôt,54000.0,Orange Money,M,48.0,Rural,Actif
TX0001024,2023-06-01,Thiès,Transfert,19400.0,Free Money,M,30.0,Periurbain,Suspendu
TX0002092,2022-04-22,Kaolack,Retrait,10800.0,Wave,M,43.0,Urbain,Actif
TX0002244,2023-04-14,Thiès,Recharge,98700.0,Orange Money,M,64.0,Rural,Inactif
TX0002341,2022-02-08,Thiès,Retrait,203400.0,Orange Money,F,59.0,Rural,Inactif
TX0002210,2023-02-17,Kaolack,Dépôt,23700.0,Wave,M,61.0,Rural,Inactif
TX0002080,2022-01-15,Saint-Louis,Transfert,1191400.0,Wave,M,58.0,Urbain,Actif
TX0004226,2022-07-19,Diourbel,Transfert,24200.0,Free Money,M,27.0,Periurbain,Actif
TX0004314,2023-06-16,Thiès,Dépôt,230000.0,Wizall,M,64.0,Urbain,Suspendu
TX0004759,2023-06-25,Dakar,Retrait,29600.0,Orange Money,F,28.0,Urbain,Actif
TX0003513,2023-03-23,Dakar,Recharge,17000.0,Wave,F,25.0,Periurbain,Actif
TX0000152,2022-03-21,Saint-Louis,Paiement,263500.0,Wave,,28.0,Periurbain,Actif
TX0003496,2023-04-18,Saint-Louis,Paiement,9700.0,Free Money,M,33.0,Rural,Actif
TX0004784,2022-08-17,ZIGUINCHOR,Retrait,2000000.0,Wave,F,27.0,Rural,Actif
TX0002095,2023-03-10,Diourbel,Dépôt,7800.0,Wave,F,37.0,Rural,Actif
TX0003796,2022-10-19,Tambacounda,Dépôt,77000.0,Orange Money,M,51.0,Urbain,Actif
TX0001487,2023-01-16,Diourbel,Retrait,7100.0,Wizall,M,24.0,Rural,Actif
TX0001729,2022-12-03,Diourbel,Retrait,63300.0,Orange Money,M,19.0,Urbain,Actif
TX0002988,2023-01-28,DIOURBEL,Retrait,23400.0,Wave,F,33.0,Urbain,Actif
TX0001361,2022-04-26,Thiès,Dépôt,116300.0,Orange Money,M,28.0,Urbain,Actif
TX0004920,2023-06-05,Dakar,Dépôt,35900.0,Wave,M,40.0,Periurbain,Actif
TX0003692,2023-03-01,Tambacounda,Transfert,552600.0,Wave,M,49.0,Rural,Actif
TX0003481,2022-11-10,Saint-Louis,Dépôt,205900.0,Orange Money,F,56.0,Urbain,Actif
TX0000031,2022-04-04,Kaolack,Dépôt,66400.0,Free Money,F,40.0,Periurbain,Suspendu
TX0000937,2023-05-16,Dakar,Retrait,191300.0,Wizall,M,,Rural,Actif
TX0002683,2022-07-27,Ziguinchor,Paiement,5100.0,Orange Money,F,36.0,Urbain,Actif
TX0000752,2022-12-10,Ziguinchor,Transfert,47600.0,Wave,M,55.0,Urbain,Actif
TX0001210,2022-08-22,Saint-Louis,Transfert,111500.0,Orange Money,F,32.0,Rural,Actif
TX0000309,2022-05-29,Thiès,Retrait,77100.0,Wave,M,34.0,Rural,Actif
TX0002555,2023-06-07,Saint-Louis,Paiement,247300.0,Orange Money,F,29.0,Periurbain,Actif
TX0001553,2023-04-29,Dakar,Dépôt,13000.0,Wave,M,60.0,Rural,Actif
TX0003257,2022-04-23,Kaolack,Paiement,10100.0,Wave,M,58.0,Periurbain,Actif
TX0003164,2022-01-31,Diourbel,Dépôt,5900.0,Wave,,50.0,Rural,Actif
TX0000495,2022-07-13,Tambacounda,Recharge,43200.0,Wave,M,52.0,Urbain,Actif
TX0000205,2022-01-06,Dakar,Retrait,53400.0,Free Money,F,48.0,Urbain,Inactif
TX0001135,2022-02-11,Ziguinchor,Retrait,207900.0,Wave,F,44.0,Urbain,Actif
TX0002787,2022-04-18,Saint-Louis,Retrait,509300.0,Wave,M,61.0,Urbain,Inactif
TX0003505,2022-12-07,Ziguinchor,Dépôt,33500.0,Wave,F,60.0,Urbain,Inactif
TX0003998,2022-10-17,Ziguinchor,Dépôt,5600.0,Orange Money,M,45.0,Urbain,Actif
TX0000305,2023-06-18,DAKAR,Dépôt,835200.0,Wizall,F,50.0,Periurbain,Actif
TX0003960,2022-11-10,Kaolack,Dépôt,95500.0,Free Money,M,33.0,Urbain,Actif
TX0001912,2023-06-29,Kaolack,Dépôt,11400.0,Free Money,M,37.0,Urbain,Actif
TX0001061,2023-06-23,Tambacounda,Recharge,40300.0,Orange Money,F,56.0,Rural,Actif
TX0000843,2023-06-10,Kaolack,Transfert,41500.0,Free Money,F,55.0,Rural,Actif
TX0003919,2023-03-17,Thiès,Retrait,71500.0,Orange Money,M,44.0,Urbain,Inactif
TX0002346,2023-01-07,Saint-Louis,Retrait,340600.0,Wave,M,54.0,Rural,Actif
TX0000211,2023-01-14,Ziguinchor,Retrait,24400.0,Free Money,M,39.0,Urbain,Actif
TX0001108,2023-01-16,Diourbel,Transfert,143600.0,Orange Money,F,50.0,Urbain,Actif
TX0003878,2022-11-01,Ziguinchor,Transfert,122900.0,Orange Money,F,54.0,Periurbain,Actif
TX0000679,2023-04-19,Thiès,Transfert,475200.0,Orange Money,F,34.0,Rural,Inactif
TX0000565,2022-11-19,Tambacounda,Dépôt,82400.0,Wave,M,36.0,Urbain,Actif
TX0001204,2022-09-25,Dakar,Retrait,51600.0,Wave,F,62.0,Urbain,Actif
TX0004350,2023-03-06,Thiès,Transfert,157300.0,Wave,F,62.0,Rural,Actif
TX0000680,2023-03-23,Tambacounda,Retrait,20600.0,Orange Money,F,55.0,Urbain,Actif
TX0000180,2022-07-06,THIÈS,Dépôt,189000.0,Orange Money,M,38.0,Urbain,Suspendu
TX0002990,2022-04-09,Tambacounda,Recharge,80600.0,Orange Money,F,46.0,Urbain,Actif
TX0003409,2022-01-23,Ziguinchor,Paiement,69700.0,Free Money,F,36.0,Urbain,Actif
TX0002413,2022-01-16,Ziguinchor,Retrait,45100.0,Free Money,F,44.0,Urbain,Actif
TX0004472,2022-04-24,SAINT-LOUIS,Recharge,29900.0,Orange Money,F,18.0,Urbain,Actif
TX0000278,2023-01-19,Ziguinchor,Retrait,3400.0,Free Money,F,58.0,Urbain,Actif
TX0001192,2022-07-09,Diourbel,Paiement,9000.0,Free Money,M,36.0,Periurbain,Actif
TX0001371,2022-04-09,Dakar,Transfert,75100.0,Orange Money,M,28.0,Periurbain,Actif
TX0000432,2022-12-05,Ziguinchor,Retrait,197500.0,Orange Money,M,39.0,Urbain,Suspendu
TX0000289,2022-11-20,Kaolack,Dépôt,304600.0,Wave,F,28.0,Urbain,Actif
TX0001027,2023-04-07,Saint-Louis,Dépôt,342300.0,Wizall,F,39.0,Urbain,Actif
TX0000535,2023-06-01,ZIGUINCHOR,Retrait,148400.0,Free Money,M,,Periurbain,Actif
TX0004444,2022-08-13,Dakar,Dépôt,423400.0,Orange Money,F,63.0,Rural,Actif
TX0000188,2022-10-17,Tambacounda,Paiement,44700.0,Orange Money,,49.0,Urbain,Actif
TX0004568,2022-03-17,Ziguinchor,Paiement,60100.0,Wave,M,64.0,Rural,Actif
TX0004088,2023-04-10,Thiès,Recharge,36400.0,Wave,M,36.0,Rural,Actif
TX0001261,2023-03-13,Kaolack,Paiement,151000.0,Orange Money,F,59.0,Urbain,Actif
TX0000270,2023-03-19,Tambacounda,Paiement,156000.0,Wave,,22.0,Urbain,Actif
TX0004999,2022-11-23,Tambacounda,Transfert,545900.0,Free Money,F,59.0,Urbain,Suspendu
TX0004169,2022-02-22,Kaolack,Paiement,5900.0,Wave,,,Urbain,Actif
TX0004789,2022-06-30,Tambacounda,Transfert,51200.0,Wizall,F,42.0,Periurbain,Actif
TX0003857,2022-10-29,Tambacounda,Transfert,6600.0,Wave,M,45.0,Periurbain,Actif
TX0000111,2022-03-30,Thiès,Transfert,75600.0,Wave,M,37.0,Periurbain,Actif
TX0001170,2022-12-04,Ziguinchor,Dépôt,57100.0,Orange Money,F,24.0,Urbain,Actif
TX0003249,2022-12-12,Tambacounda,Dépôt,62300.0,Wave,F,42.0,Periurbain,Actif
TX0000220,2022-12-26,Kaolack,Dépôt,43400.0,Free Money,M,31.0,Urbain,Actif
TX0001425,2023-06-12,KAOLACK,Transfert,41600.0,Wave,F,43.0,Rural,Actif
TX0000627,2023-02-13,Diourbel,Dépôt,60900.0,Orange Money,F,19.0,Rural,Actif
TX0004725,2022-01-01,Kaolack,Paiement,26300.0,Free Money,F,32.0,Rural,Actif
TX0003504,2023-05-06,Saint-Louis,Paiement,152000.0,Orange Money,M,20.0,Rural,Actif
TX0002520,2023-01-14,Dakar,Dépôt,48900.0,Orange Money,M,51.0,Urbain,Actif
TX0000790,2022-03-25,Saint-Louis,Recharge,17100.0,Orange Money,F,41.0,Periurbain,Suspendu
TX0002093,2022-10-14,Thiès,Retrait,65100.0,Orange Money,F,45.0,Periurbain,Actif
TX0000461,2022-12-22,Diourbel,Retrait,91000.0,Wave,M,21.0,Rural,Actif
TX0004628,2022-12-20,Thiès,Transfert,25200.0,Free Money,M,42.0,Periurbain,Actif
TX0000551,2023-04-12,Diourbel,Transfert,34500.0,Free Money,F,38.0,Urbain,Actif
TX0002024,2022-08-18,Diourbel,Retrait,166300.0,Orange Money,M,61.0,Urbain,Actif
TX0004928,2023-02-11,Diourbel,Paiement,213100.0,Wave,F,29.0,Urbain,Actif
TX0000198,2023-05-01,Ziguinchor,Recharge,125800.0,Orange Money,F,31.0,Periurbain,Actif
TX0002698,2023-02-28,Tambacounda,Dépôt,16000.0,Wave,F,33.0,Rural,Inactif
TX0001784,2022-12-27,Tambacounda,Dépôt,4200.0,Orange Money,,49.0,Rural,Actif
TX0000402,2022-10-04,Kaolack,Retrait,27300.0,Wave,F,30.0,Periurbain,Actif
TX0003193,2022-06-28,Thiès,Dépôt,111200.0,Orange Money,M,61.0,Urbain,Actif
TX0002224,2022-01-07,Tambacounda,Dépôt,234000.0,Wave,F,36.0,Periurbain,Actif
TX0004861,2023-03-19,Tambacounda,Transfert,128300.0,Orange Money,,63.0,Rural,Actif
TX0002118,2022-02-15,SAINT-LOUIS,Paiement,63500.0,Orange Money,M,39.0,Urbain,Actif
TX0001789,2022-10-11,Tambacounda,Retrait,63000.0,Wizall,,63.0,Periurbain,Actif
TX0004841,2023-06-06,Dakar,Dépôt,14800.0,Wave,M,59.0,Rural,Actif
TX0000650,2022-02-17,Dakar,Paiement,115300.0,Free Money,F,54.0,Urbain,Actif
TX0000708,2022-05-20,Saint-Louis,Retrait,44400.0,Orange Money,M,49.0,Rural,Inactif
TX0002121,2022-10-04,Saint-Louis,Dépôt,1051300.0,Wave,M,27.0,Periurbain,Actif
TX0004505,2022-06-06,Thiès,Retrait,848800.0,Orange Money,F,25.0,Urbain,Actif
TX0001541,2022-02-28,Diourbel,Transfert,62600.0,Wizall,,62.0,Urbain,Actif
TX0004163,2022-07-27,Diourbel,Dépôt,5600.0,Wave,M,57.0,Urbain,Actif
TX0003085,2023-01-08,Thiès,Transfert,15500.0,Orange Money,M,64.0,Urbain,Actif
TX0004408,2022-07-29,Dakar,Paiement,9800.0,Free Money,F,27.0,Rural,Actif
TX0000314,2023-04-03,Kaolack,Transfert,22000.0,Wave,F,28.0,Rural,Actif
TX0001626,2022-04-20,Diourbel,Dépôt,83100.0,Wave,F,41.0,Urbain,Actif
TX0004567,2022-05-01,Ziguinchor,Retrait,122100.0,Wave,F,26.0,Urbain,Actif
TX0000113,2023-03-19,Dakar,Retrait,76700.0,Wave,M,22.0,Rural,Actif
TX0000960,2022-02-15,Kaolack,Recharge,17500.0,Orange Money,M,23.0,Urbain,Actif
TX0003039,2022-10-11,Dakar,Dépôt,288200.0,Free Money,M,29.0,Rural,Actif
TX0003210,2022-03-29,Diourbel,Transfert,20900.0,Wizall,F,18.0,Periurbain,Actif
TX0001741,2023-02-06,Saint-Louis,Transfert,63400.0,Orange Money,F,54.0,Urbain,Inactif
TX0003469,2022-04-03,Kaolack,Dépôt,67300.0,Orange Money,M,31.0,Urbain,Actif
TX0000439,2022-02-14,Tambacounda,Retrait,74000.0,Wave,M,28.0,Urbain,Actif
TX0004224,2022-11-15,Diourbel,Retrait,486500.0,Wave,F,35.0,Urbain,Actif
TX0003339,2022-12-24,Thiès,Transfert,309200.0,Orange Money,F,42.0,Rural,Inactif
TX0001293,2023-01-13,KAOLACK,Recharge,716300.0,Free Money,F,52.0,Periurbain,Actif
TX0003563,2022-08-17,Ziguinchor,Retrait,4100.0,Wave,F,37.0,Periurbain,Actif
TX0004621,2023-02-23,Dakar,Dépôt,76900.0,Orange Money,M,45.0,Periurbain,Inactif
TX0001945,2022-10-10,Ziguinchor,Dépôt,22000.0,Wave,M,48.0,Periurbain,Actif
TX0003379,2023-01-18,Thiès,Retrait,52000.0,Wave,M,36.0,Urbain,Actif
TX0003153,2022-08-22,Dakar,Recharge,7600.0,Orange Money,F,42.0,Rural,Actif
TX0000326,2022-10-31,Ziguinchor,Paiement,15600.0,Wave,M,43.0,Rural,Actif
TX0000604,2022-03-07,Dakar,Transfert,53100.0,Wave,M,,Rural,Suspendu
TX0004277,2022-07-04,Kaolack,Dépôt,12100.0,Orange Money,M,57.0,Urbain,Actif
TX0003903,2022-05-18,Diourbel,Dépôt,347400.0,Wave,F,50.0,Urbain,Actif
TX0002688,2022-09-27,Dakar,Retrait,9100.0,Orange Money,F,36.0,Urbain,Actif
TX0001946,2022-08-29,Dakar,Retrait,3900.0,Orange Money,F,56.0,Rural,Actif
TX0001420,2022-06-22,Kaolack,Dépôt,64500.0,Orange Money,M,35.0,Periurbain,Suspendu
TX0002986,2022-01-29,Dakar,Dépôt,55200.0,Orange Money,F,48.0,Rural,Actif
TX0002144,2022-09-15,Tambacounda,Dépôt,41300.0,Free Money,F,42.0,Urbain,Actif
TX0004002,2023-02-20,Kaolack,Retrait,98100.0,Wizall,M,39.0,Periurbain,Actif
TX0004258,2022-07-14,Ziguinchor,Paiement,600.0,Wave,F,20.0,Urbain,Actif
TX0001833,2023-02-14,Ziguinchor,Dépôt,12500.0,Wizall,F,47.0,Periurbain,Actif
TX0001745,2022-09-21,Thiès,Dépôt,33000.0,Wave,M,35.0,Urbain,Actif
TX0000789,2023-06-03,Kaolack,Retrait,56400.0,Orange Money,F,51.0,Urbain,Actif
TX0003221,2022-03-30,Kaolack,Dépôt,12000.0,Free Money,M,59.0,Urbain,Actif
TX0002117,2022-12-03,Kaolack,Dépôt,122700.0,Orange Money,M,59.0,Periurbain,Inactif
TX0001600,2022-04-15,Dakar,Transfert,260100.0,Wave,F,43.0,Urbain,Actif
TX0000871,2022-05-29,Diourbel,Dépôt,22800.0,Wave,F,64.0,Rural,Actif
TX0001818,2022-12-08,Thiès,Dépôt,62000.0,Wave,,54.0,Urbain,Actif
TX0003263,2022-01-10,Saint-Louis,Paiement,72300.0,Wave,,50.0,Rural,Actif
TX0003649,2023-07-01,Dakar,Transfert,124200.0,Free Money,M,38.0,Urbain,Inactif
TX0000073,2023-03-23,Diourbel,Retrait,29900.0,Wave,M,,Rural,Actif
TX0001878,2022-06-12,DAKAR,Paiement,62300.0,Wizall,F,26.0,Rural,Actif
TX0001519,2023-05-23,Diourbel,Dépôt,132100.0,Free Money,M,57.0,Rural,Actif
TX0001437,2023-01-21,Kaolack,Recharge,30700.0,Free Money,F,53.0,Periurbain,Actif
TX0003145,2022-07-21,Tambacounda,Dépôt,6200.0,Free Money,M,50.0,Rural,Actif
TX0000092,2023-02-21,Ziguinchor,Dépôt,22700.0,Orange Money,M,55.0,Periurbain,Actif
TX0004668,2023-01-03,Tambacounda,Paiement,34500.0,Free Money,M,,Urbain,Actif
TX0003976,2022-07-24,Thiès,Dépôt,26200.0,Orange Money,M,49.0,Periurbain,Actif
TX0003350,2022-04-28,Thiès,Retrait,28300.0,Free Money,F,34.0,Rural,Inactif
TX0003013,2022-07-13,Tambacounda,Retrait,7300.0,Orange Money,M,56.0,Periurbain,Actif
TX0002321,2023-01-26,Thiès,Transfert,86700.0,Free Money,F,,Urbain,Actif
TX0000494,2022-09-11,DIOURBEL,Dépôt,244800.0,Orange Money,F,47.0,Periurbain,Actif
TX0003274,2023-04-03,Diourbel,Transfert,29400.0,Orange Money,M,32.0,Urbain,Actif
TX0002882,2022-04-24,Tambacounda,Retrait,147100.0,Free Money,M,23.0,Periurbain,Actif
TX0002016,2022-07-09,DAKAR,Paiement,35100.0,Free Money,F,24.0,Urbain,Actif
TX0001164,2022-03-29,TAMBACOUNDA,Dépôt,17400.0,Free Money,F,46.0,Periurbain,Actif
TX0002802,2023-06-01,ZIGUINCHOR,Dépôt,18000.0,Orange Money,F,27.0,Urbain,Actif
TX0001270,2023-01-16,Kaolack,Transfert,48500.0,Free Money,F,49.0,Urbain,Actif
TX0002749,2022-12-14,Thiès,Paiement,25800.0,Wizall,F,61.0,Rural,Actif
TX0003995,2022-08-30,Tambacounda,Retrait,1090900.0,Wizall,F,21.0,Urbain,Actif
TX0002268,2022-05-10,Kaolack,Dépôt,195000.0,Orange Money,F,53.0,Urbain,Actif
TX0004504,2022-09-29,Diourbel,Paiement,133000.0,Wave,F,26.0,Urbain,Actif
TX0000618,2023-03-17,Dakar,Retrait,16600.0,Orange Money,M,27.0,Periurbain,Suspendu
TX0001964,2022-11-09,Diourbel,Retrait,48500.0,Wave,M,54.0,Periurbain,Actif
TX0003489,2022-08-20,Tambacounda,Dépôt,10900.0,Wave,M,21.0,Urbain,Actif
TX0001721,2022-03-08,Dakar,Transfert,10200.0,Orange Money,M,51.0,Periurbain,Inactif
TX0004771,2022-08-09,Thiès,Retrait,40400.0,Free Money,,64.0,Urbain,Actif
TX0003273,2022-10-21,Diourbel,Paiement,117800.0,Wave,F,44.0,Periurbain,Actif
TX0002456,2022-08-31,Thiès,Dépôt,172100.0,Wave,M,21.0,Periurbain,Actif
TX0003559,2022-09-09,Saint-Louis,Dépôt,69300.0,Free Money,M,39.0,Rural,Actif
TX0000869,2023-06-02,Kaolack,Transfert,6000.0,Wizall,F,34.0,Urbain,Actif
TX0002833,2022-06-08,Kaolack,Transfert,160600.0,Wave,F,19.0,Rural,Actif
TX0001042,2022-06-24,Saint-Louis,Paiement,117900.0,Free Money,F,32.0,Periurbain,Actif
TX0001456,2023-01-13,Kaolack,Retrait,6200.0,Orange Money,F,32.0,Periurbain,Actif
TX0000356,2022-01-15,Saint-Louis,Transfert,18400.0,Free Money,M,25.0,Periurbain,Inactif
TX0001162,2022-07-03,Saint-Louis,Retrait,96800.0,Orange Money,F,63.0,Periurbain,Actif
TX0004035,2023-06-25,Ziguinchor,Dépôt,142600.0,Free Money,M,54.0,Urbain,Actif
TX0002277,2022-10-04,Diourbel,Paiement,309900.0,Orange Money,M,21.0,Rural,Actif
TX0003844,2022-03-30,Tambacounda,Recharge,68000.0,Orange Money,M,46.0,Periurbain,Actif
TX0001767,2022-09-18,Tambacounda,Transfert,584500.0,Wizall,F,,Rural,Actif
TX0001891,2022-08-08,Dakar,Retrait,160300.0,Orange Money,M,57.0,Urbain,Actif
TX0004867,2022-03-23,Saint-Louis,Recharge,150400.0,Orange Money,M,,Urbain,Actif
TX0004019,2022-05-06,Tambacounda,Dépôt,427000.0,Free Money,,31.0,Periurbain,Actif
TX0003800,2022-06-12,Diourbel,Transfert,28100.0,Orange Money,F,64.0,Periurbain,Actif
TX0001345,2022-08-21,Kaolack,Paiement,307400.0,Wave,M,19.0,Rural,Actif
TX0003794,2022-01-18,Kaolack,Dépôt,1547900.0,Orange Money,M,,Urbain,Inactif
TX0000332,2022-01-08,DIOURBEL,Transfert,5300.0,Free Money,,63.0,Periurbain,Actif
TX0004922,2022-11-23,TAMBACOUNDA,Dépôt,105400.0,Orange Money,F,21.0,Periurbain,Inactif
TX0002856,2022-05-01,Dakar,Dépôt,42700.0,Orange Money,F,19.0,Rural,Actif
TX0001717,2023-01-16,Thiès,Retrait,26700.0,Orange Money,M,37.0,Urbain,Actif
TX0001258,2022-02-05,Kaolack,Dépôt,40300.0,Orange Money,F,26.0,Urbain,Inactif
TX0003829,2022-05-02,Kaolack,Dépôt,46900.0,Wave,M,57.0,Periurbain,Inactif
TX0002298,2022-03-01,Saint-Louis,Retrait,46200.0,Free Money,M,51.0,Periurbain,Actif
TX0001116,2022-02-20,Kaolack,Recharge,50700.0,Free Money,M,27.0,Urbain,Actif
TX0003131,2023-03-27,Saint-Louis,Transfert,246700.0,Orange Money,F,47.0,Urbain,Actif
TX0003708,2022-06-04,Tambacounda,Paiement,225100.0,Wizall,F,26.0,Urbain,Actif
TX0004279,2022-08-03,Tambacounda,Transfert,191100.0,Orange Money,M,62.0,Urbain,Actif
TX0000193,2022-12-13,Ziguinchor,Dépôt,37600.0,Orange Money,F,35.0,Periurbain,Actif
TX0003411,2022-03-13,Diourbel,Transfert,246400.0,Wave,,62.0,Rural,Actif
TX0004979,2022-01-22,Tambacounda,Transfert,95900.0,Wave,M,33.0,Urbain,Actif
TX0000445,2023-06-03,Tambacounda,Dépôt,10700.0,Wave,M,51.0,Urbain,Actif
TX0004656,2023-04-03,Saint-Louis,Dépôt,16600.0,Orange Money,M,46.0,Rural,Actif
TX0001918,2022-08-03,Tambacounda,Paiement,266200.0,Wave,M,60.0,Periurbain,Actif
TX0000452,2022-08-21,Diourbel,Retrait,164000.0,Wave,F,63.0,Rural,Actif
TX0003940,2023-02-19,Diourbel,Paiement,280000.0,Wave,F,63.0,Periurbain,Actif
TX0004526,2023-02-15,Saint-Louis,Dépôt,14000.0,Wave,F,44.0,Periurbain,Actif
TX0004691,2022-07-15,Thiès,Transfert,237000.0,Wave,M,58.0,Rural,Actif
TX0000014,2022-04-10,Diourbel,Dépôt,53600.0,Orange Money,F,44.0,Periurbain,Actif
TX0004883,2022-04-09,Thiès,Transfert,11600.0,Orange Money,M,54.0,Rural,Actif
TX0000945,2022-01-07,Thiès,Dépôt,413100.0,Free Money,M,56.0,Periurbain,Inactif
TX0000247,2023-06-13,Dakar,Transfert,55500.0,Wave,M,61.0,Rural,Actif
TX0004848,2023-02-22,Ziguinchor,Transfert,4700.0,Wave,M,41.0,Periurbain,Actif
TX0000360,2022-08-01,Tambacounda,Transfert,18600.0,Wizall,F,29.0,Urbain,Actif
TX0004752,2023-01-05,Saint-Louis,Dépôt,57400.0,Wave,M,59.0,Urbain,Actif
TX0001652,2022-05-24,Ziguinchor,Paiement,230900.0,Wave,M,43.0,Urbain,Actif
TX0003567,2022-12-31,Thiès,Transfert,32900.0,Wizall,M,22.0,Urbain,Actif
TX0002399,2022-12-15,Kaolack,Recharge,52200.0,Orange Money,M,38.0,Rural,Actif
TX0004030,2023-01-03,Thiès,Transfert,27300.0,Orange Money,,62.0,Urbain,Actif
TX0003313,2022-01-05,Ziguinchor,Retrait,531600.0,Wave,F,47.0,Periurbain,Actif
TX0001874,2023-02-05,Dakar,Transfert,22500.0,Free Money,F,56.0,Periurbain,Actif
TX0003891,2022-10-18,Diourbel,Recharge,43300.0,Orange Money,M,30.0,Rural,Inactif
TX0001434,2022-03-18,Dakar,Dépôt,1311100.0,Orange Money,M,30.0,Urbain,Actif
TX0004983,2023-04-04,Kaolack,Dépôt,129500.0,Orange Money,M,37.0,Rural,Actif
TX0002977,2022-01-07,Dakar,Recharge,57700.0,Wave,M,28.0,Urbain,Actif
TX0000490,2022-09-07,Kaolack,Dépôt,78600.0,Free Money,M,53.0,Rural,Actif
TX0000862,2022-10-14,Diourbel,Recharge,43700.0,Free Money,M,,Rural,Actif
TX0004238,2023-01-20,Saint-Louis,Transfert,1200.0,Wizall,F,45.0,Urbain,Actif
TX0002305,2022-08-06,Saint-Louis,Paiement,129400.0,Orange Money,F,43.0,Periurbain,Actif
TX0003355,2022-02-12,Ziguinchor,Recharge,16800.0,Orange Money,M,26.0,Rural,Actif
TX0002547,2022-08-11,Dakar,Paiement,292200.0,Orange Money,M,62.0,Rural,Actif
TX0001739,2022-08-15,Dakar,Dépôt,39700.0,Wave,M,31.0,Rural,Actif
TX0002486,2022-09-22,Thiès,Retrait,303600.0,Free Money,F,32.0,Urbain,Actif
TX0000506,2023-05-14,Ziguinchor,Dépôt,106600.0,Orange Money,F,41.0,Rural,Actif
TX0003137,2023-02-08,Ziguinchor,Retrait,49600.0,Wave,M,42.0,Rural,Actif
TX0000025,2023-03-06,Thiès,Dépôt,6200.0,Wizall,F,56.0,Urbain,Actif
TX0004016,2023-04-30,Dakar,Retrait,66800.0,Wave,M,29.0,Urbain,Actif
TX0001222,2022-08-25,Dakar,Dépôt,155400.0,Free Money,M,55.0,Rural,Actif
TX0001113,2022-10-21,Kaolack,Transfert,15600.0,Free Money,M,53.0,Urbain,Actif
TX0002045,2023-01-31,Thiès,Retrait,62900.0,Wizall,F,29.0,Rural,Actif
TX0004162,2022-10-28,Dakar,Recharge,14900.0,Free Money,M,44.0,Urbain,Actif
TX0004895,2022-02-14,Diourbel,Dépôt,11900.0,Wave,F,,Urbain,Actif
TX0004768,2023-01-22,Saint-Louis,Dépôt,52400.0,Orange Money,F,53.0,Rural,Actif
TX0003101,2023-02-14,Kaolack,Retrait,9600.0,Orange Money,M,58.0,Urbain,Actif
TX0000433,2022-02-25,Kaolack,Retrait,130000.0,Wave,M,21.0,Periurbain,Actif
TX0002153,2023-03-28,Diourbel,Paiement,145200.0,Free Money,F,35.0,Urbain,Actif
TX0003299,2023-03-16,Diourbel,Retrait,35200.0,Wizall,F,57.0,Rural,Inactif
TX0004708,2023-03-25,Dakar,Transfert,16200.0,Orange Money,M,23.0,Urbain,Actif
TX0001503,2022-07-06,Diourbel,Recharge,45900.0,Orange Money,M,27.0,Urbain,Actif
TX0001943,2023-01-23,Thiès,Retrait,445400.0,Orange Money,F,62.0,Rural,Inactif
TX0003307,2022-02-07,Kaolack,Transfert,10200.0,Orange Money,F,19.0,Periurbain,Actif
TX0004313,2023-04-24,Dakar,Paiement,332000.0,Free Money,M,61.0,Urbain,Actif
TX0001505,2022-08-07,Thiès,Dépôt,499700.0,Orange Money,F,50.0,Urbain,Actif
TX0004023,2023-03-28,Thiès,Transfert,34500.0,Orange Money,M,38.0,Periurbain,Actif
TX0001102,2023-04-29,Dakar,Paiement,161700.0,Orange Money,F,27.0,Urbain,Actif
TX0002727,2022-05-05,Kaolack,Dépôt,139100.0,Free Money,F,25.0,Periurbain,Inactif
TX0001769,2022-08-04,Diourbel,Retrait,17300.0,Wizall,F,61.0,Urbain,Actif
TX0002227,2022-11-24,Diourbel,Retrait,101300.0,Free Money,F,55.0,Periurbain,Actif
TX0004010,2022-01-19,Dakar,Retrait,43300.0,Wave,F,41.0,Rural,Actif
TX0000156,2023-01-03,Tambacounda,Transfert,51100.0,Wave,,,Periurbain,Actif
TX0003112,2023-01-26,Saint-Louis,Retrait,71100.0,Wave,M,27.0,Periurbain,Actif
TX0002417,2022-01-22,Saint-Louis,Transfert,9900.0,Free Money,M,44.0,Periurbain,Actif
TX0000615,2023-05-19,Kaolack,Retrait,92200.0,Free Money,M,20.0,Urbain,Actif
TX0000643,2022-06-29,Saint-Louis,Recharge,250600.0,Orange Money,M,30.0,Periurbain,Actif
TX0003601,2022-11-09,Ziguinchor,Dépôt,302200.0,Wave,F,37.0,Rural,Actif
TX0001755,2023-03-15,Tambacounda,Dépôt,24500.0,Orange Money,M,47.0,Urbain,Actif
TX0001068,2022-07-13,Saint-Louis,Retrait,407600.0,Orange Money,F,41.0,Urbain,Actif
TX0003792,2022-11-22,Diourbel,Retrait,69000.0,Free Money,F,41.0,Periurbain,Actif
TX0002757,2023-05-02,Thiès,Retrait,22300.0,Orange Money,M,47.0,Urbain,Actif
TX0004327,2023-06-22,Dakar,Retrait,155000.0,Orange Money,F,20.0,Periurbain,Actif
TX0003926,2022-11-27,Diourbel,Retrait,15000.0,Orange Money,M,53.0,Rural,Actif
TX0000330,2022-07-14,Thiès,Dépôt,11700.0,Orange Money,F,28.0,Periurbain,Actif
TX0003889,2022-08-09,Saint-Louis,Dépôt,146300.0,Wave,M,18.0,Urbain,Actif
TX0002758,2023-01-23,Dakar,Dépôt,250000.0,Orange Money,M,20.0,Periurbain,Actif
TX0004908,2023-02-10,Dakar,Dépôt,564000.0,Wave,M,23.0,Periurbain,Inactif
TX0000622,2022-07-22,Dakar,Retrait,154900.0,Wave,M,60.0,Urbain,Inactif
TX0004943,2022-07-18,Diourbel,Transfert,100200.0,Orange Money,M,32.0,Periurbain,Actif
TX0002422,2023-02-18,Kaolack,Transfert,317500.0,Wave,M,53.0,Rural,Actif
TX0003568,2023-03-02,Saint-Louis,Paiement,485900.0,Wizall,F,43.0,Rural,Actif
TX0003842,2022-09-18,Ziguinchor,Dépôt,75500.0,Wizall,F,32.0,Urbain,Actif
TX0002057,2022-08-14,Thiès,Paiement,14700.0,Orange Money,F,25.0,Urbain,Actif
TX0004219,2022-05-19,Ziguinchor,Retrait,171700.0,Wizall,F,63.0,Rural,Actif
TX0004305,2022-02-13,Dakar,Transfert,37100.0,Wave,F,48.0,Rural,Actif
TX0000755,2023-03-11,Dakar,Dépôt,275700.0,Wave,F,22.0,Periurbain,Actif
TX0000518,2023-06-25,Ziguinchor,Dépôt,249300.0,Wizall,M,30.0,Rural,Actif
TX0003970,2023-06-17,Ziguinchor,Paiement,46400.0,Wave,F,60.0,Periurbain,Actif
TX0000032,2022-02-05,Thiès,Retrait,91700.0,Free Money,F,62.0,Urbain,Actif
TX0003533,2022-06-13,Diourbel,Dépôt,477500.0,Wave,F,21.0,Rural,Actif
TX0001157,2023-04-27,Ziguinchor,Retrait,65000.0,Wave,F,,Rural,Inactif
TX0000744,2022-05-08,Thiès,Transfert,23000.0,Wave,M,57.0,Urbain,Inactif
TX0001499,2023-04-18,Thiès,Retrait,28000.0,Wave,M,,Urbain,Actif
TX0003071,2022-11-30,THIÈS,Retrait,144100.0,Orange Money,F,42.0,Urbain,Inactif
TX0001756,2023-06-09,Saint-Louis,Recharge,52800.0,Wave,M,28.0,Urbain,Actif
TX0002700,2022-10-13,Dakar,Paiement,21500.0,Free Money,F,47.0,Rural,Actif
TX0000783,2022-07-09,Thiès,Retrait,1300.0,Wave,F,63.0,Urbain,Actif
TX0002228,2022-06-12,Kaolack,Transfert,20700.0,Wizall,M,34.0,Periurbain,Actif
TX0002609,2022-02-04,Diourbel,Transfert,240000.0,Wave,F,61.0,Urbain,Inactif
TX0000229,2022-12-12,Saint-Louis,Paiement,49400.0,Wave,M,38.0,Urbain,Inactif
TX0000857,2022-09-16,Diourbel,Recharge,145400.0,Wave,M,19.0,Rural,Actif
TX0002845,2022-07-15,Kaolack,Transfert,15400.0,Wave,M,19.0,Rural,Actif
TX0001971,2023-03-31,Tambacounda,Dépôt,97500.0,Orange Money,F,49.0,Rural,Actif
TX0002459,2022-08-08,Saint-Louis,Retrait,22500.0,Wave,M,34.0,Rural,Actif
TX0000408,2023-05-11,Tambacounda,Dépôt,5200.0,Orange Money,M,62.0,Urbain,Actif
TX0000170,2023-01-06,Tambacounda,Paiement,388700.0,Wave,M,47.0,Urbain,Actif
TX0000540,2023-06-06,SAINT-LOUIS,Retrait,21700.0,Wave,M,56.0,Urbain,Actif
TX0002303,2022-06-10,Thiès,Paiement,108800.0,Wizall,M,39.0,Urbain,Inactif
TX0004537,2022-12-03,Diourbel,Paiement,11900.0,Free Money,F,49.0,Rural,Actif
TX0002673,2022-04-19,KAOLACK,Paiement,59800.0,Orange Money,F,27.0,Periurbain,Actif
TX0000613,2022-02-14,Dakar,Recharge,41700.0,Wave,M,43.0,Urbain,Actif
TX0001595,2022-11-13,Kaolack,Transfert,39200.0,Wave,F,22.0,Rural,Actif
TX0001941,2022-07-02,Diourbel,Retrait,9900.0,Wizall,M,24.0,Rural,Actif
TX0003728,2022-03-31,Saint-Louis,Transfert,147200.0,Wizall,M,50.0,Rural,Actif
TX0001161,2022-03-12,Ziguinchor,Retrait,65800.0,Wave,F,35.0,Urbain,Actif
TX0003276,2023-04-07,Dakar,Retrait,15700.0,Orange Money,F,20.0,Urbain,Actif
TX0002462,2022-12-08,Ziguinchor,Retrait,111900.0,Wave,M,40.0,Urbain,Actif
TX0002311,2023-04-24,Diourbel,Dépôt,86000.0,Wave,M,39.0,Periurbain,Inactif
TX0001726,2022-10-06,Ziguinchor,Retrait,7500.0,Free Money,M,62.0,Periurbain,Actif
TX0001578,2022-11-29,Saint-Louis,Retrait,24500.0,Orange Money,M,43.0,Periurbain,Actif
TX0003238,2022-12-04,Dakar,Retrait,87300.0,Free Money,M,64.0,Urbain,Actif
TX0000564,2022-07-11,Diourbel,Retrait,137100.0,Wave,M,35.0,Rural,Suspendu
TX0003892,2023-01-06,Saint-Louis,Transfert,77800.0,Wave,F,48.0,Urbain,Actif
TX0004336,2022-11-24,Ziguinchor,Transfert,21200.0,Wave,F,38.0,Rural,Inactif
TX0003203,2023-04-15,Kaolack,Retrait,106000.0,Wave,F,37.0,Rural,Suspendu
TX0004716,2022-11-23,Dakar,Dépôt,65000.0,Free Money,M,37.0,Periurbain,Actif
TX0001477,2023-02-21,Tambacounda,Retrait,14500.0,Wave,F,41.0,Rural,Actif
TX0001743,2022-01-07,Thiès,Dépôt,10000.0,Wave,M,35.0,Urbain,Actif
TX0004423,2023-02-03,Tambacounda,Dépôt,91300.0,Wave,F,39.0,Rural,Actif
TX0001326,2022-04-10,Kaolack,Retrait,12100.0,Wizall,M,47.0,Periurbain,Actif
TX0004187,2022-11-13,Tambacounda,Retrait,83900.0,Wave,M,52.0,Urbain,Suspendu
TX0004756,2022-01-06,Diourbel,Paiement,52900.0,Free Money,M,,Periurbain,Actif
TX0002586,2022-02-09,Saint-Louis,Transfert,61300.0,Orange Money,F,32.0,Rural,Actif
TX0004128,2022-06-11,Kaolack,Paiement,186700.0,Wave,F,48.0,Rural,Actif
TX0001172,2022-12-12,Diourbel,Recharge,51000.0,Orange Money,M,23.0,Periurbain,Actif
TX0003262,2022-08-18,Diourbel,Dépôt,7400.0,Wave,M,51.0,Periurbain,Suspendu
TX0000325,2023-02-08,Tambacounda,Transfert,5500.0,Orange Money,M,40.0,Periurbain,Actif
TX0001051,2022-10-17,Kaolack,Retrait,118200.0,Free Money,M,56.0,Periurbain,Inactif
TX0003076,2023-06-02,Diourbel,Paiement,281700.0,Wave,F,38.0,Urbain,Actif
TX0004556,2022-12-29,Kaolack,Dépôt,7100.0,Free Money,M,23.0,Urbain,Inactif
TX0003014,2022-12-06,Thiès,Dépôt,67100.0,Wizall,M,58.0,Periurbain,Actif
TX0004004,2022-03-23,Saint-Louis,Paiement,229800.0,Wizall,F,60.0,Periurbain,Actif
TX0004546,2022-01-08,Saint-Louis,Retrait,118800.0,Orange Money,F,31.0,Urbain,Actif
TX0001196,2023-06-17,Ziguinchor,Paiement,26100.0,Orange Money,M,50.0,Urbain,Actif
TX0000620,2022-04-11,Dakar,Retrait,20400.0,Wave,M,63.0,Urbain,Actif
TX0002576,2023-06-20,Dakar,Paiement,2300.0,Orange Money,F,34.0,Urbain,Actif
TX0003010,2022-10-28,Thiès,Dépôt,10300.0,Free Money,M,45.0,Periurbain,Actif
TX0001189,2023-01-23,Tambacounda,Transfert,164800.0,Wizall,M,32.0,Urbain,Actif
TX0000328,2022-08-18,Diourbel,Retrait,51100.0,Wave,M,46.0,Periurbain,Actif
TX0000648,2023-03-08,Thiès,Paiement,28700.0,Orange Money,M,62.0,Periurbain,Actif
TX0000897,2023-05-06,Tambacounda,Retrait,27300.0,Wave,M,59.0,Periurbain,Actif
TX0003936,2022-08-17,Thiès,Dépôt,29800.0,Wave,F,,Periurbain,Actif
TX0001123,2023-03-19,TAMBACOUNDA,Transfert,46800.0,Wizall,F,36.0,Urbain,Actif
TX0003703,2023-04-09,Thiès,Dépôt,30900.0,Orange Money,M,36.0,Urbain,Actif
TX0004739,2022-12-06,Ziguinchor,Dépôt,67700.0,Orange Money,M,52.0,Urbain,Inactif
TX0003055,2023-06-14,Kaolack,Transfert,31800.0,Wave,F,47.0,Periurbain,Actif
TX0003090,2022-09-04,Tambacounda,Transfert,109200.0,Orange Money,M,,Periurbain,Actif
TX0004405,2023-01-10,Dakar,Transfert,87500.0,Free Money,M,45.0,Rural,Actif
TX0001539,2022-10-15,Diourbel,Dépôt,102800.0,Orange Money,F,20.0,Periurbain,Actif
TX0003458,2023-01-17,Ziguinchor,Retrait,28100.0,Orange Money,M,26.0,Urbain,Actif
TX0002236,2023-05-04,Kaolack,Transfert,404200.0,Orange Money,F,64.0,Urbain,Actif
TX0001907,2022-07-21,Kaolack,Retrait,30400.0,Wave,M,57.0,Urbain,Actif
TX0001618,2022-11-02,Diourbel,Retrait,17100.0,Orange Money,F,,Urbain,Actif
TX0001023,2023-06-16,Kaolack,Paiement,45100.0,Free Money,F,50.0,Urbain,Actif
TX0004522,2023-05-03,Saint-Louis,Paiement,196100.0,Orange Money,M,36.0,Urbain,Actif
TX0003114,2022-04-20,Diourbel,Retrait,43300.0,Wave,M,61.0,Periurbain,Actif
TX0001718,2023-06-23,Kaolack,Transfert,56100.0,Orange Money,F,62.0,Periurbain,Actif
TX0002361,2022-08-19,DIOURBEL,Paiement,231700.0,Wave,,45.0,Urbain,Actif
TX0004221,2022-12-02,Diourbel,Dépôt,58300.0,Free Money,F,20.0,Rural,Inactif
TX0000809,2022-03-03,Kaolack,Retrait,44000.0,Free Money,M,31.0,Periurbain,Actif
TX0004804,2023-03-26,Dakar,Recharge,53100.0,Wave,M,63.0,Urbain,Actif
TX0000978,2022-09-29,Dakar,Transfert,440900.0,Orange Money,M,35.0,Rural,Actif
TX0004545,2023-03-21,Dakar,Retrait,18400.0,Orange Money,F,39.0,Rural,Actif
TX0002804,2022-10-13,Ziguinchor,Retrait,19000.0,Wave,M,51.0,Urbain,Actif
TX0004075,2022-11-11,Saint-Louis,Dépôt,24600.0,Wizall,F,59.0,Periurbain,Actif
TX0004984,2022-10-29,Dakar,Transfert,11800.0,Wave,M,37.0,Urbain,Actif
TX0004415,2022-09-25,Kaolack,Retrait,20600.0,Wizall,M,21.0,Urbain,Actif
TX0001503,2022-07-06,Diourbel,Recharge,45900.0,Orange Money,M,27.0,Urbain,Actif
TX0002726,2022-02-05,Saint-Louis,Paiement,95100.0,Orange Money,F,60.0,Urbain,Actif
TX0002776,2022-01-25,Kaolack,Recharge,485800.0,Wizall,M,34.0,Urbain,Actif
TX0003699,2022-05-26,Kaolack,Retrait,66700.0,Wave,M,25.0,Periurbain,Actif
TX0001894,2022-10-31,Diourbel,Recharge,6100.0,Wizall,M,57.0,Urbain,Actif
TX0000174,2022-12-19,Thiès,Transfert,44700.0,Wave,F,32.0,Urbain,Actif
TX0004881,2022-09-14,Tambacounda,Recharge,27500.0,Orange Money,M,26.0,Periurbain,Actif
TX0004243,2022-09-06,Tambacounda,Dépôt,12200.0,Orange Money,M,19.0,Urbain,Actif
TX0002687,2022-08-15,Saint-Louis,Dépôt,101500.0,Orange Money,M,54.0,Periurbain,Actif
TX0004554,2022-09-08,TAMBACOUNDA,Dépôt,113800.0,Wave,F,33.0,Urbain,Actif
TX0000217,2023-02-13,Saint-Louis,Paiement,66200.0,Free Money,M,56.0,Periurbain,Actif
TX0004087,2022-11-28,Kaolack,Transfert,66100.0,Orange Money,M,44.0,Rural,Actif
TX0003883,2022-05-01,Dakar,Dépôt,242500.0,Free Money,M,23.0,Urbain,Actif
TX0001444,2023-04-20,Thiès,Retrait,302900.0,Orange Money,M,64.0,Periurbain,Actif
TX0000690,2022-06-27,Dakar,Dépôt,95200.0,Wizall,M,23.0,Rural,Actif
TX0002686,2022-03-10,Dakar,Retrait,29500.0,Orange Money,M,21.0,Urbain,Actif
TX0004815,2023-05-27,Saint-Louis,Recharge,85200.0,Wave,M,53.0,Periurbain,Actif
TX0004140,2022-07-07,Dakar,Dépôt,31700.0,Orange Money,F,24.0,Urbain,Actif
TX0001106,2022-08-05,Ziguinchor,Dépôt,230100.0,Wave,F,55.0,Periurbain,Actif
TX0003652,2023-03-29,Tambacounda,Paiement,339900.0,Wave,M,27.0,Urbain,Actif
TX0002036,2022-03-04,Kaolack,Retrait,79800.0,Free Money,M,53.0,Urbain,Inactif
TX0004684,2023-03-01,Tambacounda,Transfert,39800.0,Orange Money,M,18.0,Rural,Actif
TX0000611,2023-03-14,Ziguinchor,Dépôt,18800.0,Wave,M,,Rural,Actif
TX0004100,2022-12-12,Saint-Louis,Paiement,10600.0,Orange Money,M,33.0,Rural,Actif
TX0003665,2022-08-28,Dakar,Dépôt,27900.0,Orange Money,F,58.0,Periurbain,Inactif
TX0003873,2023-03-29,Ziguinchor,Dépôt,71800.0,Free Money,M,22.0,Periurbain,Actif
TX0000576,2022-03-22,Thiès,Paiement,90900.0,Orange Money,M,56.0,Urbain,Actif
TX0004459,2022-10-28,Kaolack,Retrait,242300.0,Wizall,F,42.0,Urbain,Actif
TX0004528,2022-11-09,Ziguinchor,Retrait,54700.0,Wizall,M,61.0,Urbain,Actif
TX0001180,2023-06-11,Saint-Louis,Dépôt,44000.0,Wave,M,48.0,Urbain,Actif
TX0000888,2022-02-24,Ziguinchor,Dépôt,169800.0,Free Money,F,60.0,Urbain,Actif
TX0004049,2022-04-21,Diourbel,Retrait,58200.0,Wizall,F,27.0,Urbain,Actif
TX0001932,2022-11-03,Saint-Louis,Transfert,275200.0,Wizall,M,46.0,Periurbain,Actif
TX0004927,2022-05-05,Dakar,Retrait,11600.0,Wave,F,63.0,Urbain,Suspendu
TX0000817,2022-08-07,Diourbel,Transfert,142400.0,Wave,M,57.0,Urbain,Actif
TX0003423,2022-01-22,Diourbel,Dépôt,149800.0,Wave,F,33.0,Periurbain,Suspendu
TX0004518,2022-04-18,Thiès,Dépôt,24300.0,Wave,M,34.0,Rural,Suspendu
TX0000208,2022-01-03,Tambacounda,Transfert,55700.0,Wave,M,18.0,Periurbain,Inactif
TX0000293,2022-07-17,Thiès,Paiement,14500.0,Free Money,F,58.0,Periurbain,Actif
TX0001119,2022-03-12,Saint-Louis,Retrait,210300.0,Wave,F,36.0,Urbain,Actif
TX0004698,2022-03-17,Thiès,Retrait,416800.0,Wave,M,18.0,Periurbain,Actif
TX0002835,2023-05-18,Tambacounda,Paiement,88300.0,Wizall,M,,Rural,Inactif
TX0001264,2022-01-07,Thiès,Retrait,240800.0,Orange Money,,52.0,Rural,Actif
TX0000990,2023-03-14,Ziguinchor,Retrait,377500.0,Wave,F,63.0,Urbain,Actif
TX0002369,2023-02-03,Saint-Louis,Dépôt,256400.0,Wave,F,56.0,Rural,Actif
TX0004284,2022-10-30,Saint-Louis,Transfert,35600.0,Free Money,,,Urbain,Actif
TX0003654,2022-01-17,Tambacounda,Recharge,9100.0,Orange Money,F,18.0,Urbain,Actif
TX0000353,2022-03-31,Ziguinchor,Retrait,9600.0,Wave,M,37.0,Rural,Actif
TX0003333,2022-04-17,Dakar,Transfert,25700.0,Wizall,F,,Urbain,Inactif
TX0001593,2022-02-26,DAKAR,Retrait,1203900.0,Wizall,F,39.0,Urbain,Actif
TX0004040,2023-04-19,Ziguinchor,Paiement,54900.0,Free Money,F,52.0,Urbain,Actif
TX0001489,2022-09-03,Diourbel,Transfert,28500.0,Orange Money,F,37.0,Urbain,Actif
TX0003799,2022-11-07,Diourbel,Dépôt,50600.0,Wave,M,44.0,Urbain,Actif
TX0002893,2022-12-25,SAINT-LOUIS,Transfert,14600.0,Wave,F,22.0,Rural,Actif
TX0004058,2023-05-02,Dakar,Paiement,57500.0,Wave,M,57.0,Periurbain,Actif
TX0001228,2023-06-23,Thiès,Dépôt,86800.0,Free Money,F,58.0,Urbain,Actif
TX0000259,2022-02-23,Saint-Louis,Retrait,16200.0,Wizall,F,60.0,Periurbain,Actif
TX0001629,2022-09-04,Ziguinchor,Paiement,31600.0,Orange Money,F,37.0,Urbain,Actif
TX0004919,2022-07-05,Thiès,Paiement,70400.0,Free Money,M,62.0,Rural,Actif
TX0004837,2022-08-15,Kaolack,Paiement,48700.0,Free Money,M,64.0,Urbain,Inactif
TX0001897,2022-04-13,Dakar,Retrait,29500.0,Wave,M,31.0,Periurbain,Inactif
TX0002647,2022-10-01,DAKAR,Retrait,82700.0,Orange Money,M,54.0,Periurbain,Inactif
TX0000052,2023-05-29,Dakar,Paiement,5000.0,Orange Money,F,28.0,Rural,Actif
TX0002287,2022-07-01,Dakar,Dépôt,28100.0,Wizall,F,43.0,Rural,Inactif
TX0003312,2023-01-23,Dakar,Recharge,141900.0,Wizall,M,26.0,Urbain,Actif
TX0004900,2022-01-04,Saint-Louis,Dépôt,55000.0,Free Money,F,33.0,Urbain,Actif
TX0004236,2022-02-01,Diourbel,Dépôt,148500.0,Wave,F,56.0,Urbain,Actif
TX0003956,2023-05-22,KAOLACK,Paiement,12000.0,Orange Money,M,48.0,Urbain,Actif
TX0002441,2022-10-24,Diourbel,Dépôt,51400.0,Orange Money,F,50.0,Periurbain,Inactif
TX0001479,2022-08-27,Diourbel,Paiement,14400.0,Free Money,F,60.0,Urbain,Actif
TX0001507,2022-10-19,Saint-Louis,Dépôt,11100.0,Orange Money,F,58.0,Urbain,Actif
TX0001033,2022-03-07,Kaolack,Transfert,11500.0,Free Money,M,23.0,Rural,Actif
TX0001097,2022-04-12,Saint-Louis,Retrait,94800.0,Orange Money,F,57.0,Urbain,Actif
TX0001469,2023-03-04,Tambacounda,Transfert,31900.0,Free Money,M,30.0,Rural,Actif
TX0000543,2023-01-03,Thiès,Retrait,8800.0,Wave,F,,Periurbain,Actif
TX0001046,2022-05-08,Saint-Louis,Dépôt,75400.0,Wave,M,32.0,Rural,Actif
TX0003154,2022-08-31,Diourbel,Transfert,1548700.0,Orange Money,M,64.0,Urbain,Actif
TX0002516,2022-01-11,Tambacounda,Retrait,25900.0,Free Money,F,45.0,Urbain,Actif
TX0000030,2022-11-29,Kaolack,Recharge,90900.0,Free Money,F,47.0,Urbain,Actif
TX0000725,2023-04-06,Kaolack,Transfert,441700.0,Wave,M,41.0,Rural,Actif
TX0002533,2022-01-08,Saint-Louis,Transfert,125400.0,Free Money,F,57.0,Rural,Actif
TX0003163,2022-10-02,Dakar,Transfert,37600.0,Orange Money,M,43.0,Urbain,Actif
TX0004076,2022-08-23,Tambacounda,Dépôt,763100.0,Free Money,F,59.0,Urbain,Actif
TX0001426,2022-01-03,Saint-Louis,Transfert,33300.0,Orange Money,M,23.0,Rural,Inactif
TX0003718,2022-08-31,Diourbel,Transfert,310700.0,Free Money,F,56.0,Urbain,Actif
TX0004054,2023-03-03,Thiès,Retrait,88600.0,Free Money,M,43.0,Periurbain,Actif
TX0000436,2022-02-09,Kaolack,Transfert,85300.0,Orange Money,M,62.0,Urbain,Actif
TX0003955,2023-04-21,Thiès,Transfert,51800.0,Wizall,M,24.0,Rural,Actif
TX0000912,2022-12-08,Thiès,Dépôt,247200.0,Wave,M,,Urbain,Actif
TX0004309,2023-03-05,Saint-Louis,Recharge,16900.0,Free Money,M,43.0,Periurbain,Actif
TX0004250,2022-07-26,Tambacounda,Paiement,55000.0,Wave,M,64.0,Rural,Actif
TX0004605,2023-05-06,Kaolack,Paiement,246400.0,Free Money,F,22.0,Rural,Actif
TX0003477,2022-10-21,Dakar,Paiement,44500.0,Wizall,M,56.0,Rural,Suspendu
TX0004392,2022-12-20,Saint-Louis,Paiement,206400.0,Free Money,F,47.0,Periurbain,Actif
TX0001699,2022-10-28,Ziguinchor,Retrait,30600.0,Orange Money,M,31.0,Rural,Suspendu
TX0001238,2023-06-14,Kaolack,Dépôt,77800.0,Wave,M,33.0,Rural,Actif
TX0000903,2022-11-15,Tambacounda,Dépôt,113200.0,Orange Money,M,44.0,Rural,Actif
TX0002304,2023-05-25,Kaolack,Transfert,114100.0,Free Money,M,49.0,Periurbain,Actif
TX0003288,2023-05-09,Diourbel,Retrait,17200.0,Orange Money,M,42.0,Urbain,Actif
TX0001614,2022-07-02,Ziguinchor,Paiement,65600.0,Wave,M,26.0,Urbain,Actif
TX0000507,2023-03-26,Kaolack,Retrait,360800.0,Orange Money,M,44.0,Urbain,Actif
TX0004194,2022-12-05,Dakar,Paiement,20100.0,Orange Money,M,26.0,Periurbain,Inactif
TX0000183,2023-04-25,Kaolack,Dépôt,16100.0,Orange Money,M,37.0,Periurbain,Suspendu
TX0004794,2022-06-13,Dakar,Dépôt,76800.0,Wave,F,48.0,Rural,Actif
TX0001497,2022-09-11,Diourbel,Recharge,55700.0,Orange Money,F,25.0,Rural,Actif
TX0001961,2022-08-13,Tambacounda,Retrait,213700.0,Orange Money,M,23.0,Urbain,Actif
TX0000321,2023-01-26,Dakar,Transfert,42200.0,Wave,F,39.0,Urbain,Actif
TX0001905,2022-04-21,Tambacounda,Retrait,18200.0,Wizall,M,37.0,Urbain,Actif
TX0001620,2022-09-12,Dakar,Recharge,28300.0,Wave,F,38.0,Rural,Actif
TX0001886,2022-01-06,Dakar,Retrait,72600.0,Orange Money,F,40.0,Rural,Actif
TX0003483,2023-05-19,Dakar,Recharge,114400.0,Wizall,F,58.0,Periurbain,Actif
TX0001909,2022-03-23,Thiès,Dépôt,34100.0,Wizall,,30.0,Urbain,Actif
TX0004179,2022-06-17,Ziguinchor,Dépôt,14500.0,Orange Money,M,49.0,Rural,Actif
TX0004028,2023-02-08,Kaolack,Dépôt,407100.0,Orange Money,M,25.0,Periurbain,Actif
TX0001551,2022-11-26,Thiès,Retrait,728800.0,Orange Money,M,57.0,Urbain,Actif
TX0004530,2022-05-28,Kaolack,Paiement,27200.0,Orange Money,M,63.0,Urbain,Actif
TX0001146,2023-03-13,Tambacounda,Retrait,66300.0,Orange Money,F,59.0,Urbain,Actif
TX0004376,2022-07-29,Tambacounda,Dépôt,22200.0,Wave,F,25.0,Urbain,Actif
TX0002426,2022-03-05,Dakar,Dépôt,22400.0,Wave,M,27.0,Urbain,Actif
TX0000044,2022-05-22,Diourbel,Transfert,116300.0,Orange Money,F,20.0,Urbain,Actif
TX0002775,2022-08-25,Ziguinchor,Transfert,54300.0,Orange Money,M,40.0,Periurbain,Actif
TX0003954,2022-05-07,Ziguinchor,Dépôt,295500.0,Orange Money,F,57.0,Periurbain,Actif
TX0001957,2022-08-19,Dakar,Dépôt,221900.0,Orange Money,F,46.0,Urbain,Actif
TX0003485,2022-11-21,Diourbel,Retrait,14700.0,Orange Money,M,42.0,Urbain,Actif
TX0001378,2022-07-16,Thiès,Retrait,78300.0,Wave,M,53.0,Urbain,Inactif
TX0001892,2023-03-14,Saint-Louis,Transfert,74700.0,Free Money,M,41.0,Rural,Actif
TX0003148,2023-03-07,KAOLACK,Dépôt,33800.0,Orange Money,F,43.0,Urbain,Actif
TX0000413,2022-11-10,Diourbel,Dépôt,141400.0,Orange Money,M,31.0,Periurbain,Actif
TX0004369,2022-04-11,Thiès,Dépôt,1525700.0,Wave,M,61.0,Rural,Actif
TX0001407,2023-03-17,Diourbel,Dépôt,62400.0,Wizall,M,23.0,Urbain,Actif
TX0001779,2023-04-05,Tambacounda,Dépôt,472900.0,Orange Money,M,24.0,Urbain,Actif
TX0000801,2022-03-25,Ziguinchor,Retrait,98500.0,Orange Money,M,,Urbain,Actif
TX0001288,2022-01-19,Ziguinchor,Paiement,523900.0,Orange Money,F,52.0,Urbain,Actif
TX0001558,2023-04-05,Saint-Louis,Dépôt,139200.0,Wave,M,28.0,Rural,Inactif
TX0003656,2022-07-06,Ziguinchor,Retrait,197400.0,Wave,F,20.0,Periurbain,Actif
TX0003835,2022-06-15,Thiès,Dépôt,17600.0,Orange Money,F,49.0,Urbain,Actif
TX0001662,2023-05-18,Kaolack,Paiement,99000.0,Wave,M,25.0,Urbain,Actif
TX0002622,2022-08-26,Saint-Louis,Transfert,58300.0,Orange Money,M,26.0,Urbain,Actif
TX0000256,2023-05-28,Dakar,Dépôt,1600.0,Wave,M,47.0,Rural,Actif
TX0001924,2023-03-11,Thiès,Dépôt,27200.0,Wave,M,53.0,Urbain,Actif
TX0002409,2022-09-06,ZIGUINCHOR,Dépôt,17200.0,Wizall,F,39.0,Urbain,Actif
TX0001151,2023-04-03,Dakar,Paiement,462700.0,Wave,M,31.0,Rural,Actif
TX0002629,2022-08-01,Saint-Louis,Dépôt,12300.0,Free Money,M,43.0,Urbain,Actif
TX0000647,2023-01-07,Diourbel,Retrait,16400.0,Wave,F,54.0,Rural,Actif
TX0004467,2022-03-28,Ziguinchor,Retrait,57000.0,Wave,F,56.0,Periurbain,Actif
TX0002372,2023-01-14,Diourbel,Retrait,224500.0,Free Money,M,62.0,Urbain,Actif
TX0003034,2022-06-01,Dakar,Transfert,88000.0,Wave,F,48.0,Periurbain,Actif
TX0002704,2023-02-26,Diourbel,Dépôt,116200.0,Wizall,M,59.0,Rural,Actif
TX0004322,2023-01-03,Diourbel,Retrait,4200.0,Orange Money,F,50.0,Rural,Actif
TX0003934,2022-06-18,Ziguinchor,Retrait,29400.0,Orange Money,F,40.0,Periurbain,Actif
TX0001315,2022-12-19,Thiès,Retrait,24700.0,Free Money,F,47.0,Urbain,Actif
TX0001088,2023-06-27,Tambacounda,Retrait,13600.0,Free Money,M,41.0,Urbain,Actif
TX0002088,2023-03-26,Saint-Louis,Transfert,8400.0,Wizall,,,Periurbain,Actif
TX0004205,2022-09-19,Kaolack,Transfert,441300.0,Orange Money,M,34.0,Rural,Actif
TX0001902,2023-02-21,Thiès,Retrait,142200.0,Free Money,F,40.0,Urbain,Actif
TX0001350,2023-04-20,Saint-Louis,Dépôt,9900.0,Wave,M,47.0,Rural,Suspendu
TX0002602,2023-02-14,Ziguinchor,Recharge,66100.0,Orange Money,F,27.0,Urbain,Actif
TX0000112,2023-05-24,Saint-Louis,Transfert,17600.0,Orange Money,M,25.0,Urbain,Inactif
TX0003277,2022-09-23,Dakar,Dépôt,7400.0,Free Money,F,58.0,Urbain,Actif
TX0000263,2022-10-11,Kaolack,Dépôt,28200.0,Orange Money,F,33.0,Rural,Inactif
TX0001393,2022-10-12,Ziguinchor,Dépôt,32900.0,Wave,F,49.0,Urbain,Inactif
TX0004455,2022-02-02,Saint-Louis,Dépôt,73300.0,Wave,M,26.0,Periurbain,Inactif
TX0001186,2023-01-12,Diourbel,Retrait,71600.0,Wave,M,48.0,Periurbain,Inactif
TX0004274,2022-11-26,Diourbel,Retrait,356000.0,Free Money,,33.0,Rural,Actif
TX0000056,2022-02-18,Kaolack,Transfert,430200.0,Wave,M,19.0,Rural,Actif
TX0001309,2023-03-22,Kaolack,Retrait,31400.0,Wave,F,42.0,Urbain,Actif
TX0000695,2022-12-01,Dakar,Retrait,13800.0,Orange Money,M,46.0,Periurbain,Actif
TX0004290,2022-10-23,Diourbel,Recharge,5100.0,Orange Money,M,,Rural,Actif
TX0002086,2022-02-27,Tambacounda,Transfert,5700.0,Free Money,M,35.0,Urbain,Actif
TX0002585,2022-12-08,Diourbel,Dépôt,57000.0,Orange Money,F,25.0,Urbain,Actif
TX0003032,2023-02-15,Kaolack,Recharge,302300.0,Orange Money,M,55.0,Urbain,Actif
TX0001862,2022-04-08,Tambacounda,Paiement,245900.0,Orange Money,F,60.0,Periurbain,Actif
TX0000319,2022-05-17,Saint-Louis,Dépôt,42400.0,Wave,M,52.0,Periurbain,Actif
TX0003292,2022-08-02,Kaolack,Transfert,28200.0,Orange Money,F,52.0,Urbain,Actif
TX0001589,2023-01-28,Tambacounda,Paiement,24400.0,Orange Money,F,25.0,Rural,Actif
TX0000682,2022-04-04,Tambacounda,Retrait,91800.0,Orange Money,F,32.0,Urbain,Actif
TX0003589,2022-04-18,Thiès,Paiement,125500.0,Free Money,M,48.0,Periurbain,Actif
TX0003887,2022-12-14,Tambacounda,Dépôt,15100.0,Wave,M,19.0,Rural,Actif
TX0000479,2022-10-14,Ziguinchor,Dépôt,16300.0,Orange Money,M,25.0,Urbain,Actif
TX0003659,2023-05-14,Dakar,Retrait,32500.0,Orange Money,F,58.0,Urbain,Actif
TX0002978,2023-01-20,Tambacounda,Transfert,81500.0,Wave,M,47.0,Urbain,Actif
TX0000286,2022-09-12,Tambacounda,Dépôt,83400.0,Orange Money,F,62.0,Urbain,Actif
TX0002077,2022-09-04,Diourbel,Transfert,190400.0,Free Money,M,47.0,Urbain,Actif
TX0003767,2022-08-26,Saint-Louis,Dépôt,20900.0,Orange Money,,34.0,Periurbain,Actif
TX0003895,2023-03-27,Kaolack,Retrait,54500.0,Wizall,M,50.0,Urbain,Inactif
TX0004898,2022-02-19,Diourbel,Transfert,25600.0,Free Money,M,51.0,Periurbain,Inactif
TX0001839,2022-05-03,Thiès,Transfert,26300.0,Free Money,F,49.0,Urbain,Actif
TX0003651,2022-08-06,Ziguinchor,Dépôt,53000.0,Wave,F,51.0,Periurbain,Suspendu
TX0001598,2022-02-16,Ziguinchor,Paiement,454500.0,Orange Money,M,24.0,Urbain,Actif
TX0001720,2022-03-19,Tambacounda,Retrait,60400.0,Orange Money,M,39.0,Urbain,Actif
TX0002170,2023-01-11,Saint-Louis,Retrait,106600.0,Orange Money,F,35.0,Urbain,Actif
TX0000736,2022-08-03,Saint-Louis,Transfert,168300.0,Orange Money,F,61.0,Urbain,Actif
TX0001859,2023-02-03,Diourbel,Dépôt,45000.0,Wizall,M,18.0,Urbain,Actif
TX0000336,2023-04-13,KAOLACK,Recharge,55200.0,Orange Money,F,55.0,Rural,Actif
TX0004196,2022-01-15,Diourbel,Dépôt,8600.0,Wave,M,47.0,Periurbain,Actif
TX0004066,2022-03-10,Saint-Louis,Retrait,41100.0,Wave,M,59.0,Urbain,Actif
TX0002753,2022-07-08,Dakar,Transfert,16400.0,Free Money,M,29.0,Urbain,Actif
TX0004494,2023-02-07,Saint-Louis,Transfert,72300.0,Wizall,F,52.0,Periurbain,Actif
TX0001071,2022-05-08,Dakar,Transfert,45000.0,Wave,F,33.0,Rural,Actif
TX0004688,2022-10-25,THIÈS,Dépôt,12200.0,Free Money,M,31.0,Urbain,Actif
TX0001966,2022-04-11,Saint-Louis,Retrait,444900.0,Orange Money,M,45.0,Rural,Actif
TX0002387,2022-11-25,Kaolack,Dépôt,68400.0,Orange Money,F,54.0,Urbain,Actif
TX0003832,2023-03-27,Dakar,Retrait,159400.0,Wave,M,25.0,Urbain,Actif
TX0004198,2022-08-31,Diourbel,Transfert,28100.0,Free Money,,40.0,Urbain,Actif
TX0000081,2022-12-07,Dakar,Recharge,153300.0,Free Money,M,26.0,Rural,Actif
TX0003515,2023-05-29,THIÈS,Retrait,149000.0,Free Money,M,34.0,Urbain,Actif
TX0001488,2022-08-01,Ziguinchor,Dépôt,26300.0,Orange Money,,,Urbain,Actif
TX0000498,2023-06-17,Saint-Louis,Paiement,11800.0,Orange Money,F,46.0,Periurbain,Actif
TX0004434,2022-02-09,Tambacounda,Dépôt,11600.0,Wave,M,41.0,Periurbain,Actif
TX0003787,2022-09-11,Saint-Louis,Dépôt,73100.0,Free Money,M,38.0,Urbain,Actif
TX0002663,2023-01-06,Diourbel,Transfert,7800.0,Orange Money,F,41.0,Periurbain,Actif
TX0002437,2022-07-06,Ziguinchor,Paiement,65300.0,Wave,M,31.0,Periurbain,Actif
TX0003050,2022-04-23,Kaolack,Paiement,186300.0,Orange Money,F,52.0,Urbain,Actif
TX0004783,2022-06-09,Diourbel,Dépôt,38100.0,Wave,M,61.0,Rural,Actif
TX0002217,2022-06-03,Kaolack,Transfert,9200.0,Orange Money,F,51.0,Periurbain,Actif
TX0001610,2023-04-27,Diourbel,Transfert,48700.0,Orange Money,M,37.0,Periurbain,Actif
TX0002245,2022-10-13,Dakar,Paiement,242900.0,Orange Money,M,56.0,Rural,Actif
TX0002374,2023-01-04,Saint-Louis,Paiement,974500.0,Orange Money,M,47.0,Urbain,Actif
TX0002127,2022-04-01,Saint-Louis,Retrait,33000.0,Orange Money,,29.0,Rural,Actif
TX0001022,2023-05-21,Kaolack,Paiement,27300.0,Wave,M,51.0,Urbain,Suspendu
TX0002378,2022-09-02,Ziguinchor,Dépôt,263000.0,Orange Money,M,49.0,Rural,Actif
TX0004985,2022-03-25,Thiès,Dépôt,41800.0,Free Money,M,36.0,Periurbain,Suspendu
TX0002099,2022-08-05,Saint-Louis,Transfert,258400.0,Wave,F,30.0,Periurbain,Actif
TX0002003,2022-05-17,SAINT-LOUIS,Transfert,162800.0,Orange Money,F,35.0,Rural,Inactif
TX0003965,2023-03-07,Kaolack,Recharge,42900.0,Free Money,M,21.0,Rural,Inactif
TX0000665,2022-03-25,Saint-Louis,Transfert,107700.0,Orange Money,M,64.0,Rural,Actif
TX0004902,2022-03-09,Thiès,Retrait,100900.0,Wave,M,29.0,Urbain,Suspendu
TX0002750,2022-08-01,Ziguinchor,Retrait,45000.0,Orange Money,F,56.0,Urbain,Actif
TX0004317,2022-01-23,Diourbel,Transfert,82700.0,Free Money,,51.0,Urbain,Actif
TX0004355,2022-11-27,Dakar,Transfert,94200.0,Wizall,M,53.0,Periurbain,Actif
TX0004540,2022-04-04,Saint-Louis,Retrait,594400.0,Free Money,F,39.0,Urbain,Actif
TX0001017,2022-11-07,Ziguinchor,Dépôt,109500.0,Free Money,M,38.0,Periurbain,Actif
TX0000557,2022-01-16,Dakar,Transfert,14300.0,Free Money,F,56.0,Periurbain,Actif
TX0002497,2023-04-19,Dakar,Transfert,112800.0,Wave,F,28.0,Periurbain,Actif
TX0001207,2022-09-01,THIÈS,Transfert,88500.0,Orange Money,F,52.0,Urbain,Actif
TX0003711,2023-01-27,Thiès,Dépôt,106900.0,Free Money,F,59.0,Urbain,Suspendu
TX0003442,2022-04-26,Kaolack,Transfert,44400.0,Orange Money,F,61.0,Urbain,Actif
TX0002223,2022-05-13,Dakar,Recharge,28700.0,Orange Money,M,40.0,Urbain,Inactif
TX0001510,2023-03-21,Thiès,Dépôt,463000.0,Wave,F,21.0,Urbain,Actif
TX0002894,2022-03-24,Thiès,Recharge,182400.0,Free Money,F,61.0,Urbain,Actif
TX0001684,2022-03-14,Kaolack,Dépôt,88700.0,Wizall,M,64.0,Periurbain,Suspendu
TX0000245,2023-05-23,Saint-Louis,Paiement,25400.0,Wizall,M,21.0,Urbain,Actif
TX0001163,2023-02-11,Tambacounda,Paiement,76300.0,Orange Money,M,,Urbain,Actif
TX0003434,2023-01-22,Ziguinchor,Retrait,104500.0,Wave,M,38.0,Urbain,Actif
TX0002997,2022-06-19,Thiès,Retrait,12600.0,Wave,F,,Urbain,Actif
TX0000266,2023-01-17,Kaolack,Retrait,21400.0,Orange Money,F,53.0,Periurbain,Actif
TX0002463,2022-11-08,Ziguinchor,Paiement,297900.0,Wizall,F,24.0,Periurbain,Actif
TX0001114,2022-11-21,Saint-Louis,Retrait,140300.0,Orange Money,F,23.0,Periurbain,Inactif
TX0000063,2022-07-15,Tambacounda,Transfert,121900.0,Free Money,M,60.0,Rural,Actif
TX0004009,2022-02-01,Diourbel,Dépôt,193600.0,Wave,F,31.0,Rural,Actif
TX0004770,2022-01-04,Dakar,Dépôt,14700.0,Free Money,M,28.0,Periurbain,Actif
TX0002471,2023-06-12,Thiès,Transfert,89100.0,Wizall,F,23.0,Rural,Actif
TX0002877,2022-04-22,Saint-Louis,Transfert,31200.0,Orange Money,M,19.0,Rural,Actif
TX0004720,2022-07-08,Thiès,Retrait,155700.0,Orange Money,M,59.0,Periurbain,Actif
TX0004034,2022-03-27,Saint-Louis,Retrait,18300.0,Wave,M,45.0,Periurbain,Actif
TX0002364,2022-11-12,Dakar,Recharge,22600.0,Wave,M,54.0,Urbain,Actif
TX0004774,2022-07-04,Dakar,Transfert,129700.0,Wave,F,32.0,Periurbain,Actif
TX0002354,2023-02-01,Diourbel,Transfert,19600.0,Orange Money,F,61.0,Urbain,Actif
TX0003091,2023-06-08,Tambacounda,Transfert,18400.0,Wave,M,37.0,Urbain,Actif
TX0001782,2022-09-10,Ziguinchor,Recharge,35000.0,Orange Money,F,22.0,Periurbain,Inactif
TX0002337,2022-07-21,Saint-Louis,Transfert,64100.0,Free Money,F,48.0,Periurbain,Actif
TX0001237,2022-09-16,Ziguinchor,Retrait,61000.0,Orange Money,M,48.0,Urbain,Suspendu
TX0000103,2022-10-06,Thiès,Retrait,36400.0,Wave,M,31.0,Periurbain,Actif
TX0002755,2022-06-08,Ziguinchor,Dépôt,231600.0,Orange Money,M,25.0,Rural,Actif
TX0000272,2023-04-20,SAINT-LOUIS,Dépôt,63200.0,Orange Money,M,48.0,Periurbain,Actif
TX0000508,2023-06-04,DAKAR,Dépôt,33100.0,Orange Money,M,,Periurbain,Inactif
TX0002481,2023-04-25,Dakar,Transfert,70600.0,Orange Money,F,42.0,Urbain,Actif
TX0001290,2022-08-06,Diourbel,Recharge,16900.0,Free Money,M,29.0,Urbain,Actif
TX0001978,2023-04-23,Dakar,Dépôt,269100.0,Wave,M,46.0,Periurbain,Inactif
TX0000865,2022-11-03,Kaolack,Dépôt,131000.0,Wave,F,31.0,Urbain,Actif
TX0003187,2022-07-13,Tambacounda,Dépôt,288300.0,Wave,,24.0,Urbain,Actif
TX0000908,2022-05-22,Diourbel,Transfert,2600.0,Wave,M,39.0,Urbain,Actif
TX0002201,2022-03-02,Saint-Louis,Dépôt,135900.0,Orange Money,M,27.0,Periurbain,Inactif
TX0004608,2023-06-08,Kaolack,Dépôt,12200.0,Free Money,M,37.0,Rural,Actif
TX0004069,2023-04-09,Kaolack,Dépôt,100400.0,Wizall,M,25.0,Urbain,Actif
TX0001627,2022-10-21,Dakar,Transfert,18100.0,Wave,M,43.0,Urbain,Actif
TX0003000,2023-01-03,Tambacounda,Retrait,284900.0,Orange Money,M,54.0,Rural,Actif
TX0001522,2022-07-12,Thiès,Transfert,5600.0,Free Money,M,19.0,Urbain,Actif
TX0000835,2022-08-18,Dakar,Transfert,253500.0,Wave,F,57.0,Periurbain,Actif
TX0000358,2023-05-30,Thiès,Retrait,36000.0,Orange Money,F,35.0,Periurbain,Actif
TX0000138,2022-07-18,Tambacounda,Paiement,128100.0,Wave,M,42.0,Rural,Actif
TX0000299,2022-02-16,Ziguinchor,Dépôt,174600.0,Orange Money,F,30.0,Periurbain,Actif
TX0001556,2022-12-01,Saint-Louis,Dépôt,4300.0,Orange Money,M,58.0,Rural,Actif
TX0001003,2023-02-05,Thiès,Dépôt,208600.0,Wave,M,56.0,Rural,Actif
TX0000382,2022-12-11,Thiès,Transfert,24000.0,Orange Money,M,43.0,Rural,Actif
TX0000941,2022-10-31,Saint-Louis,Dépôt,105900.0,Wizall,F,49.0,Rural,Actif
TX0002052,2022-04-01,Kaolack,Retrait,168800.0,Wave,F,56.0,Urbain,Actif
TX0003912,2022-01-04,Ziguinchor,Retrait,18000.0,Wave,F,58.0,Rural,Actif
TX0000761,2022-06-20,Saint-Louis,Recharge,119800.0,Orange Money,M,26.0,Periurbain,Actif
TX0002881,2023-04-13,Kaolack,Retrait,116800.0,Orange Money,F,45.0,Urbain,Actif
TX0003606,2023-03-28,Dakar,Retrait,145500.0,Wave,F,23.0,Rural,Actif
TX0002655,2022-08-16,Diourbel,Paiement,28900.0,Orange Money,M,48.0,Rural,Actif
TX0002173,2023-04-14,Saint-Louis,Retrait,17400.0,Wave,M,56.0,Urbain,Suspendu
TX0002288,2022-09-21,Ziguinchor,Paiement,84900.0,Orange Money,M,,Periurbain,Actif
TX0000898,2022-01-08,Thiès,Retrait,22800.0,Wave,M,28.0,Rural,Inactif
TX0004130,2022-05-29,Dakar,Retrait,28500.0,Wave,M,49.0,Urbain,Actif
TX0004412,2023-01-02,Dakar,Retrait,832500.0,Orange Money,F,33.0,Rural,Inactif
TX0001402,2022-01-21,Thiès,Recharge,40300.0,Wave,M,18.0,Urbain,Actif
TX0003016,2023-02-05,Dakar,Retrait,1469300.0,Free Money,M,25.0,Urbain,Actif
TX0003951,2023-04-02,ZIGUINCHOR,Recharge,17800.0,Orange Money,M,31.0,Urbain,Actif
TX0004476,2022-08-17,Tambacounda,Paiement,30900.0,Free Money,M,30.0,Urbain,Actif
TX0004026,2022-08-06,Kaolack,Recharge,36800.0,Orange Money,M,21.0,Periurbain,Actif
TX0001512,2023-06-07,Tambacounda,Retrait,193200.0,Wave,M,22.0,Urbain,Actif
TX0001188,2022-06-14,DIOURBEL,Retrait,101000.0,Wave,M,24.0,Periurbain,Inactif
TX0003123,2022-09-09,Kaolack,Dépôt,19400.0,Orange Money,M,31.0,Periurbain,Actif
TX0002133,2022-10-16,Saint-Louis,Dépôt,23700.0,Orange Money,F,,Urbain,Actif
TX0004047,2022-11-05,Thiès,Dépôt,120200.0,Wizall,,35.0,Urbain,Actif
TX0003837,2022-03-06,Saint-Louis,Retrait,19400.0,Wave,M,51.0,Urbain,Actif
TX0004354,2022-10-23,Saint-Louis,Paiement,639800.0,Wizall,,47.0,Periurbain,Actif
TX0000108,2022-05-06,Thiès,Recharge,24700.0,Free Money,M,21.0,Urbain,Actif
TX0003012,2022-06-17,Dakar,Recharge,18100.0,Wizall,F,22.0,Rural,Actif
TX0002404,2023-01-06,Kaolack,Transfert,35600.0,Free Money,M,51.0,Urbain,Actif
TX0003384,2022-01-19,Saint-Louis,Dépôt,246200.0,Wave,,55.0,Rural,Suspendu
TX0000058,2022-01-25,Ziguinchor,Transfert,21200.0,Free Money,M,46.0,Urbain,Actif
TX0000076,2023-02-26,Kaolack,Retrait,32200.0,Orange Money,M,31.0,Periurbain,Actif
TX0000796,2023-05-25,Dakar,Paiement,11600.0,Wizall,M,33.0,Rural,Actif
TX0000368,2022-04-18,Diourbel,Transfert,63100.0,Wave,F,43.0,Urbain,Actif
TX0000547,2023-01-03,Thiès,Retrait,60000.0,Wave,M,22.0,Periurbain,Inactif
TX0000785,2023-05-12,Ziguinchor,Paiement,33300.0,Free Money,F,59.0,Urbain,Actif
TX0002653,2022-01-29,Thiès,Dépôt,294700.0,Orange Money,M,24.0,Rural,Actif
TX0004053,2022-11-01,Diourbel,Transfert,849000.0,Orange Money,M,36.0,Periurbain,Actif
TX0004257,2022-09-05,Diourbel,Retrait,65900.0,Free Money,M,47.0,Periurbain,Actif
TX0002110,2022-03-18,Ziguinchor,Transfert,38700.0,Wave,F,45.0,Periurbain,Actif
TX0002195,2022-09-02,Ziguinchor,Retrait,30200.0,Orange Money,F,27.0,Urbain,Actif
TX0003685,2022-11-06,Kaolack,Retrait,108100.0,Wave,M,18.0,Urbain,Actif
TX0002042,2022-10-14,Tambacounda,Dépôt,403700.0,Orange Money,M,25.0,Urbain,Actif
TX0002818,2022-01-05,Diourbel,Paiement,160100.0,Free Money,F,,Urbain,Actif
TX0000121,2023-05-06,Tambacounda,Dépôt,87700.0,Wave,F,53.0,Urbain,Actif
TX0004520,2023-04-17,Dakar,Dépôt,103800.0,Wave,F,54.0,Periurbain,Actif
TX0002955,2023-01-15,Thiès,Retrait,15500.0,Wave,M,22.0,Rural,Actif
TX0003803,2023-06-23,Ziguinchor,Dépôt,22700.0,Orange Money,M,55.0,Urbain,Actif
TX0000910,2022-11-19,Thiès,Retrait,113200.0,Free Money,M,31.0,Urbain,Actif
TX0000124,2022-05-05,Saint-Louis,Retrait,75100.0,Wave,M,55.0,Rural,Actif
TX0002078,2023-06-23,Tambacounda,Retrait,80800.0,Orange Money,M,19.0,Urbain,Actif
TX0001586,2023-01-16,Dakar,Paiement,48300.0,Orange Money,F,32.0,Periurbain,Actif
TX0001257,2022-09-26,Diourbel,Retrait,181800.0,Free Money,F,27.0,Urbain,Suspendu
TX0003591,2022-04-06,Ziguinchor,Transfert,35300.0,Free Money,F,21.0,Rural,Actif
TX0003632,2022-09-08,SAINT-LOUIS,Transfert,24800.0,Wave,M,25.0,Periurbain,Actif
TX0003532,2022-06-28,Thiès,Retrait,53400.0,Wave,M,45.0,Rural,Actif
TX0001178,2023-02-21,Ziguinchor,Dépôt,11400.0,Free Money,F,18.0,Urbain,Inactif
TX0002834,2022-08-06,Ziguinchor,Retrait,170500.0,Wave,M,40.0,Rural,Actif
TX0004833,2022-03-27,Ziguinchor,Paiement,11500.0,Free Money,F,37.0,Rural,Actif
TX0003621,2022-05-01,Thiès,Dépôt,170600.0,Orange Money,M,21.0,Rural,Actif
TX0002432,2023-06-23,Kaolack,Dépôt,48700.0,Wave,F,46.0,Rural,Actif
TX0002829,2022-01-16,Tambacounda,Transfert,62300.0,Orange Money,F,22.0,Urbain,Actif
TX0000442,2022-07-24,Saint-Louis,Retrait,28900.0,Orange Money,F,19.0,Urbain,Actif
TX0003407,2023-06-30,Ziguinchor,Transfert,328800.0,Wave,M,32.0,Periurbain,Actif
TX0002998,2022-06-08,Thiès,Retrait,35800.0,Free Money,M,,Urbain,Inactif
TX0000925,2022-01-13,Dakar,Paiement,57300.0,Wizall,M,24.0,Periurbain,Actif
TX0002764,2022-03-15,Thiès,Dépôt,36500.0,Orange Money,F,48.0,Urbain,Actif
TX0002233,2023-04-12,Saint-Louis,Retrait,43700.0,Wave,M,,Urbain,Actif
TX0004868,2022-11-23,Dakar,Paiement,71200.0,Free Money,F,18.0,Urbain,Actif
TX0001411,2022-03-03,Diourbel,Paiement,241500.0,Wave,M,21.0,Periurbain,Actif
TX0003618,2023-03-12,Thiès,Paiement,9500.0,Orange Money,M,28.0,Urbain,Actif
TX0001876,2022-11-19,Ziguinchor,Transfert,13400.0,Orange Money,F,23.0,Rural,Inactif
TX0001509,2023-02-23,Kaolack,Transfert,68400.0,Wave,M,28.0,Urbain,Actif
TX0001227,2022-05-30,Saint-Louis,Dépôt,15500.0,Wave,F,44.0,Periurbain,Actif
TX0003758,2022-08-24,Ziguinchor,Paiement,174600.0,Wave,F,24.0,Urbain,Actif
TX0002488,2022-11-19,Saint-Louis,Paiement,28200.0,Free Money,M,54.0,Urbain,Suspendu
TX0003664,2022-10-29,Tambacounda,Transfert,20400.0,Wave,,51.0,Urbain,Actif
TX0004960,2022-10-26,Tambacounda,Retrait,18500.0,Orange Money,M,63.0,Urbain,Actif
TX0003426,2022-11-05,Kaolack,Paiement,12800.0,Orange Money,F,,Periurbain,Actif
TX0000324,2023-06-07,Ziguinchor,Recharge,84900.0,Wave,F,35.0,Urbain,Actif
TX0003220,2022-10-09,Tambacounda,Retrait,115600.0,Wave,M,33.0,Urbain,Actif
TX0002186,2023-04-22,Kaolack,Dépôt,22500.0,Orange Money,F,27.0,Urbain,Inactif
TX0004584,2023-01-14,Ziguinchor,Paiement,40600.0,Wave,M,,Rural,Suspendu
TX0003765,2022-06-14,Tambacounda,Transfert,56500.0,Orange Money,M,45.0,Periurbain,Actif
TX0004818,2023-05-01,Kaolack,Dépôt,192100.0,Orange Money,M,27.0,Urbain,Actif
TX0003173,2022-03-29,Kaolack,Retrait,35600.0,Orange Money,F,56.0,Urbain,Actif
TX0001498,2022-07-27,Diourbel,Retrait,29100.0,Free Money,F,37.0,Urbain,Actif
TX0001502,2022-01-15,Tambacounda,Retrait,148300.0,Wave,F,44.0,Urbain,Actif
TX0001006,2023-01-14,TAMBACOUNDA,Transfert,37700.0,Wizall,M,22.0,Periurbain,Actif
TX0002282,2022-09-16,Dakar,Dépôt,111800.0,Free Money,M,21.0,Periurbain,Actif
TX0003975,2023-05-10,Ziguinchor,Retrait,34600.0,Orange Money,F,34.0,Periurbain,Actif
TX0003668,2022-01-14,ZIGUINCHOR,Retrait,79400.0,Wave,M,43.0,Periurbain,Actif
TX0001467,2022-08-11,Tambacounda,Paiement,229200.0,Free Money,M,,Rural,Suspendu
TX0001225,2022-12-16,Tambacounda,Paiement,50000.0,Orange Money,F,26.0,Urbain,Actif
TX0003881,2023-02-05,Diourbel,Paiement,84200.0,Orange Money,M,34.0,Urbain,Actif
TX0002509,2023-05-04,Tambacounda,Recharge,191800.0,Wave,F,23.0,Urbain,Actif
TX0004748,2022-08-03,ZIGUINCHOR,Recharge,110500.0,Orange Money,M,44.0,Urbain,Actif
TX0003751,2023-05-13,Saint-Louis,Dépôt,49400.0,Orange Money,F,26.0,Urbain,Actif
TX0001216,2022-02-15,Diourbel,Retrait,48000.0,Orange Money,F,18.0,Urbain,Actif
TX0004442,2022-05-03,Tambacounda,Retrait,69400.0,Free Money,M,41.0,Periurbain,Actif
TX0003650,2023-02-25,Thiès,Transfert,24200.0,Orange Money,M,39.0,Rural,Actif
TX0000420,2023-03-09,Saint-Louis,Paiement,83400.0,Wave,M,58.0,Urbain,Actif
TX0003571,2022-10-22,Saint-Louis,Dépôt,34300.0,Orange Money,F,22.0,Urbain,Actif
TX0000006,2022-02-01,Kaolack,Dépôt,42800.0,Orange Money,M,25.0,Periurbain,Inactif
TX0000932,2023-06-23,Ziguinchor,Dépôt,28900.0,Wave,,40.0,Rural,Actif
TX0001691,2022-10-02,Tambacounda,Dépôt,85700.0,Wave,M,18.0,Periurbain,Actif
TX0000439,2022-02-14,Tambacounda,Retrait,74000.0,Wave,M,28.0,Urbain,Actif
TX0001313,2023-03-24,Ziguinchor,Dépôt,15400.0,Orange Money,M,,Periurbain,Actif
TX0000678,2023-06-15,Diourbel,Transfert,34700.0,Wave,M,45.0,Periurbain,Actif
TX0002741,2022-05-04,Tambacounda,Retrait,56300.0,Orange Money,F,37.0,Periurbain,Actif
TX0004704,2022-08-16,Diourbel,Transfert,4300.0,Orange Money,M,25.0,Periurbain,Actif
TX0001954,2023-07-01,Ziguinchor,Retrait,9100.0,Orange Money,F,46.0,Rural,Actif
TX0004466,2022-03-14,Kaolack,Transfert,28200.0,Wizall,F,,Periurbain,Actif
TX0004995,2023-05-06,Tambacounda,Transfert,881300.0,Free Money,F,38.0,Urbain,Actif
TX0004728,2023-02-11,Thiès,Retrait,229800.0,Wave,,26.0,Urbain,Inactif
TX0002209,2023-05-14,Dakar,Retrait,20700.0,Free Money,M,42.0,Periurbain,Actif
TX0002620,2023-03-08,Diourbel,Retrait,47500.0,Orange Money,M,62.0,Periurbain,Actif
TX0004109,2022-11-12,Saint-Louis,Retrait,14600.0,Wizall,F,60.0,Rural,Actif
TX0001086,2022-12-02,Thiès,Transfert,280900.0,Orange Money,M,34.0,Periurbain,Actif
TX0003806,2022-08-24,Tambacounda,Dépôt,143700.0,Orange Money,F,44.0,Periurbain,Actif
TX0004332,2022-08-29,Kaolack,Dépôt,15500.0,Free Money,M,40.0,Periurbain,Actif
TX0004281,2023-02-06,Saint-Louis,Paiement,102700.0,Orange Money,F,56.0,Periurbain,Inactif
TX0003558,2022-02-15,Kaolack,Retrait,474900.0,Wave,M,34.0,Rural,Actif
TX0000194,2022-07-05,Saint-Louis,Paiement,56000.0,Orange Money,M,30.0,Urbain,Actif
TX0001474,2022-06-28,Tambacounda,Transfert,37800.0,Orange Money,M,27.0,Rural,Actif
TX0003518,2022-02-08,Dakar,Dépôt,28900.0,Wizall,M,25.0,Urbain,Inactif
TX0003648,2022-11-23,Tambacounda,Retrait,21700.0,Orange Money,M,30.0,Urbain,Actif
TX0002229,2022-06-14,Kaolack,Dépôt,70200.0,Orange Money,M,61.0,Periurbain,Actif
TX0001211,2022-09-04,Tambacounda,Transfert,31700.0,Orange Money,M,40.0,Urbain,Actif
TX0002536,2023-02-10,Ziguinchor,Retrait,44700.0,Wave,M,35.0,Rural,Suspendu
TX0001657,2022-06-17,Ziguinchor,Dépôt,103900.0,Orange Money,,60.0,Periurbain,Actif
TX0004747,2022-01-22,Kaolack,Retrait,71400.0,Wave,M,47.0,Urbain,Suspendu
TX0004102,2022-10-27,Tambacounda,Dépôt,187900.0,Wave,F,52.0,Urbain,Actif
TX0002819,2022-07-15,Tambacounda,Dépôt,47400.0,Free Money,F,50.0,Periurbain,Inactif
TX0002313,2023-01-20,Tambacounda,Transfert,4200.0,Free Money,M,38.0,Rural,Inactif
TX0003320,2022-10-27,Tambacounda,Dépôt,95200.0,Orange Money,M,53.0,Urbain,Actif
TX0001988,2022-08-27,Diourbel,Transfert,18800.0,Wave,M,48.0,Urbain,Actif
TX0001130,2023-01-31,Tambacounda,Recharge,124400.0,Free Money,M,64.0,Rural,Actif
TX0001461,2022-12-23,Dakar,Dépôt,66800.0,Free Money,F,62.0,Urbain,Actif
TX0000276,2023-03-13,Dakar,Dépôt,88400.0,Wave,M,29.0,Urbain,Actif
TX0004622,2022-03-22,Thiès,Retrait,3500.0,Wave,M,39.0,Rural,Actif
TX0002316,2022-05-31,Tambacounda,Dépôt,18000.0,Wizall,M,26.0,Urbain,Actif
TX0002794,2022-08-28,Ziguinchor,Dépôt,158600.0,Wave,F,50.0,Periurbain,Actif
TX0004403,2022-07-15,Diourbel,Retrait,89200.0,Orange Money,,24.0,Rural,Actif
TX0001302,2022-01-29,Diourbel,Dépôt,192200.0,Wave,M,59.0,Urbain,Inactif
TX0002619,2022-06-21,Kaolack,Dépôt,301100.0,Free Money,M,29.0,Periurbain,Actif
TX0000222,2022-02-21,Diourbel,Dépôt,35600.0,Wave,M,35.0,Urbain,Actif
TX0004892,2022-11-30,Ziguinchor,Recharge,139800.0,Orange Money,M,61.0,Urbain,Actif
TX0000048,2022-10-27,Diourbel,Retrait,7900.0,Orange Money,M,45.0,Urbain,Actif
TX0000573,2022-12-07,Ziguinchor,Recharge,20000.0,Orange Money,M,42.0,Periurbain,Actif
TX0001236,2023-04-18,Saint-Louis,Retrait,51500.0,Wave,M,,Periurbain,Inactif
TX0003698,2023-05-26,Ziguinchor,Retrait,5000.0,Free Money,F,27.0,Rural,Actif
TX0002221,2022-10-23,Kaolack,Dépôt,9500.0,Wave,M,27.0,Urbain,Actif
TX0003074,2022-11-23,Tambacounda,Transfert,57400.0,Wave,M,23.0,Urbain,Inactif
TX0001334,2023-06-18,Dakar,Dépôt,10300.0,Wave,F,51.0,Periurbain,Actif
TX0004589,2023-02-03,Saint-Louis,Dépôt,10600.0,Orange Money,F,32.0,Urbain,Actif
TX0003196,2023-05-30,Dakar,Transfert,31800.0,Orange Money,M,28.0,Rural,Actif
TX0000418,2023-01-03,Thiès,Transfert,86600.0,Orange Money,F,56.0,Urbain,Inactif
TX0000267,2023-01-20,ZIGUINCHOR,Paiement,15500.0,Orange Money,M,58.0,Urbain,Actif
TX0001104,2023-06-29,Saint-Louis,Dépôt,5000.0,Orange Money,M,26.0,Rural,Actif
TX0000257,2023-01-16,Saint-Louis,Retrait,118800.0,Wave,M,31.0,Periurbain,Actif
TX0000295,2022-10-13,Kaolack,Recharge,39500.0,Orange Money,,26.0,Urbain,Inactif
TX0002458,2022-09-25,Dakar,Dépôt,89000.0,Wave,M,30.0,Urbain,Actif
TX0001935,2023-03-17,Saint-Louis,Paiement,94600.0,Wave,F,59.0,Periurbain,Actif
TX0000386,2022-06-04,Tambacounda,Retrait,460200.0,Wizall,F,56.0,Urbain,Actif
TX0003454,2023-05-31,Dakar,Recharge,316900.0,Orange Money,F,32.0,Urbain,Actif
TX0003231,2022-11-29,Kaolack,Retrait,123500.0,Wave,M,32.0,Urbain,Actif
TX0004814,2023-02-25,Tambacounda,Dépôt,33000.0,Wave,M,49.0,Periurbain,Inactif
TX0002342,2022-02-13,Kaolack,Transfert,29300.0,Free Money,M,35.0,Urbain,Actif
TX0004425,2022-08-04,Thiès,Paiement,94800.0,Wave,F,54.0,Rural,Actif
TX0003667,2022-03-29,Diourbel,Retrait,56500.0,Orange Money,M,53.0,Urbain,Actif
TX0004365,2022-12-31,Saint-Louis,Recharge,593600.0,Wave,M,26.0,Urbain,Actif
TX0002290,2022-12-01,Ziguinchor,Retrait,48000.0,Wave,M,25.0,Rural,Actif
TX0001563,2022-05-31,Dakar,Transfert,164400.0,Orange Money,F,38.0,Urbain,Actif
TX0002031,2022-11-06,Kaolack,Transfert,4500.0,Wave,F,18.0,Periurbain,Suspendu
TX0001400,2022-04-02,Diourbel,Retrait,7800.0,Wave,F,24.0,Rural,Actif
TX0000712,2022-09-15,Thiès,Retrait,139300.0,Orange Money,F,58.0,Periurbain,Suspendu
TX0003044,2023-02-08,Thiès,Paiement,11100.0,Orange Money,M,61.0,Periurbain,Inactif
TX0002633,2022-04-02,Saint-Louis,Paiement,239700.0,Free Money,F,,Periurbain,Actif
TX0000209,2022-03-29,Tambacounda,Transfert,231700.0,Free Money,F,23.0,Urbain,Actif
TX0000909,2022-07-27,Thiès,Paiement,1275500.0,Wizall,M,36.0,Periurbain,Actif
TX0001289,2022-02-12,Dakar,Retrait,109900.0,Wave,M,49.0,Rural,Actif
TX0004931,2022-07-07,Diourbel,Retrait,41700.0,Wave,M,34.0,Urbain,Actif
TX0001842,2022-08-29,DAKAR,Retrait,50700.0,Wave,F,,Periurbain,Actif
TX0000449,2022-02-15,Tambacounda,Transfert,160200.0,Free Money,M,32.0,Urbain,Actif
TX0004177,2023-03-21,Tambacounda,Retrait,60600.0,Wizall,F,20.0,Urbain,Inactif
TX0004957,2022-12-14,Tambacounda,Dépôt,126500.0,Wizall,M,48.0,Periurbain,Actif
TX0001820,2022-04-23,Tambacounda,Paiement,18400.0,Wave,M,31.0,Periurbain,Actif
TX0000958,2022-04-01,Saint-Louis,Retrait,37400.0,Free Money,M,39.0,Rural,Actif
TX0001793,2023-01-08,Tambacounda,Paiement,42700.0,Wizall,M,60.0,Urbain,Inactif
TX0002034,2022-11-29,Dakar,Dépôt,435400.0,Wave,M,41.0,Urbain,Inactif
TX0002135,2023-05-02,Saint-Louis,Transfert,20400.0,Orange Money,M,18.0,Urbain,Actif
TX0000654,2022-08-25,Ziguinchor,Retrait,42900.0,Wizall,M,51.0,Rural,Actif
TX0002505,2022-03-01,Tambacounda,Paiement,34400.0,Orange Money,M,53.0,Urbain,Suspendu
TX0004022,2023-01-03,Diourbel,Retrait,30600.0,Wizall,M,24.0,Rural,Actif
TX0000331,2023-02-19,Diourbel,Dépôt,16400.0,Wizall,F,59.0,Rural,Actif
TX0001760,2022-09-06,Tambacounda,Dépôt,64200.0,Wave,M,26.0,Rural,Actif
TX0002451,2023-06-13,Kaolack,Retrait,27000.0,Orange Money,M,33.0,Periurbain,Actif
TX0004190,2023-02-17,Tambacounda,Recharge,83900.0,Orange Money,F,38.0,Periurbain,Actif
TX0004860,2022-12-09,Thiès,Transfert,108700.0,Free Money,M,41.0,Rural,Actif
TX0000411,2023-06-04,Saint-Louis,Recharge,8000.0,Free Money,M,38.0,Rural,Inactif
TX0001774,2023-03-07,Saint-Louis,Dépôt,102800.0,Wave,F,18.0,Urbain,Inactif
TX0003950,2022-01-13,Tambacounda,Dépôt,14300.0,Orange Money,M,21.0,Rural,Actif
TX0002275,2022-11-25,DAKAR,Dépôt,14200.0,Wave,F,63.0,Rural,Actif
TX0002476,2022-03-13,Kaolack,Dépôt,108000.0,Wave,F,42.0,Periurbain,Actif
TX0003182,2022-06-19,Thiès,Retrait,299700.0,Wave,M,43.0,Urbain,Actif
TX0004401,2022-10-11,Tambacounda,Dépôt,12100.0,Wave,M,34.0,Urbain,Inactif
TX0004872,2022-04-18,Diourbel,Transfert,87200.0,Orange Money,M,60.0,Periurbain,Actif
TX0003864,2022-02-27,Ziguinchor,Paiement,100100.0,Orange Money,,26.0,Urbain,Actif
TX0002111,2022-04-21,Dakar,Transfert,166900.0,Free Money,F,23.0,Urbain,Actif
TX0002805,2023-06-19,Dakar,Retrait,111500.0,Orange Money,M,31.0,Urbain,Actif
TX0002780,2022-01-28,Dakar,Transfert,89300.0,Wave,M,40.0,Urbain,Actif
TX0003712,2023-01-22,Diourbel,Dépôt,219800.0,Wizall,F,57.0,Urbain,Actif
TX0003617,2023-04-08,Dakar,Retrait,46300.0,Orange Money,M,59.0,Periurbain,Actif
TX0003516,2022-02-16,Dakar,Dépôt,28600.0,Wave,M,22.0,Rural,Actif
TX0004381,2022-02-08,Thiès,Retrait,429200.0,Wave,M,62.0,Rural,Actif
TX0003724,2022-07-23,Diourbel,Retrait,17400.0,Orange Money,F,22.0,Periurbain,Actif
TX0000430,2022-03-20,Diourbel,Dépôt,16100.0,Wave,M,21.0,Periurbain,Actif
TX0003265,2022-02-07,Saint-Louis,Transfert,357700.0,Wizall,F,26.0,Periurbain,Actif
TX0003473,2023-01-18,Diourbel,Dépôt,7200.0,Free Money,M,27.0,Rural,Actif
TX0001366,2023-01-27,Kaolack,Recharge,24100.0,Free Money,F,34.0,Rural,Actif
TX0000173,2022-05-04,Kaolack,Transfert,38300.0,Orange Money,F,18.0,Urbain,Suspendu
TX0004896,2022-03-22,Diourbel,Transfert,329100.0,Orange Money,M,50.0,Periurbain,Actif
TX0001176,2023-03-03,Tambacounda,Transfert,9000.0,Orange Money,,44.0,Periurbain,Actif
TX0003479,2022-08-08,Tambacounda,Transfert,59100.0,Free Money,M,31.0,Urbain,Actif
TX0001476,2023-03-18,Tambacounda,Dépôt,30200.0,Free Money,M,18.0,Rural,Actif
TX0004440,2023-04-24,Dakar,Dépôt,66900.0,Orange Money,F,56.0,Urbain,Actif
TX0003075,2023-04-19,Tambacounda,Retrait,21500.0,Wave,M,25.0,Urbain,Actif
TX0000102,2022-06-21,Ziguinchor,Transfert,183300.0,Wave,F,45.0,Periurbain,Actif
TX0003364,2023-05-29,Ziguinchor,Transfert,204000.0,Wizall,F,27.0,Periurbain,Actif
TX0003459,2022-12-21,Diourbel,Transfert,119200.0,Wave,F,52.0,Urbain,Actif
TX0001952,2022-11-24,Thiès,Transfert,102900.0,Wave,M,25.0,Urbain,Actif
TX0001263,2022-09-07,Tambacounda,Retrait,161600.0,Wave,F,22.0,Rural,Actif
TX0003008,2023-01-04,Thiès,Dépôt,12100.0,Free Money,M,46.0,Urbain,Actif
TX0003282,2023-04-13,Saint-Louis,Retrait,59000.0,Orange Money,F,63.0,Urbain,Inactif
TX0003492,2023-04-27,Ziguinchor,Paiement,34800.0,Free Money,F,30.0,Urbain,Actif
TX0003200,2022-10-30,Tambacounda,Dépôt,62400.0,Orange Money,F,,Urbain,Actif
TX0002859,2022-04-06,Dakar,Retrait,20200.0,Free Money,M,33.0,Rural,Actif
TX0004858,2023-05-17,Ziguinchor,Recharge,22500.0,Orange Money,,47.0,Rural,Actif
TX0003316,2022-09-22,Dakar,Dépôt,29700.0,Orange Money,M,22.0,Urbain,Actif
TX0003106,2023-01-31,Diourbel,Transfert,13000.0,Wizall,F,24.0,Urbain,Actif
TX0001643,2022-12-08,Tambacounda,Transfert,25100.0,Free Money,F,63.0,Rural,Actif
TX0000388,2023-02-15,Tambacounda,Paiement,135600.0,Wave,M,56.0,Urbain,Actif
TX0000000,2022-07-24,Saint-Louis,Paiement,29200.0,Orange Money,F,46.0,Periurbain,Actif
TX0001580,2022-05-07,Thiès,Transfert,147900.0,Wizall,M,48.0,Urbain,Actif
TX0002802,2023-06-01,ZIGUINCHOR,Dépôt,18000.0,Orange Money,F,27.0,Urbain,Actif
TX0004201,2022-04-18,Diourbel,Retrait,34300.0,Orange Money,F,39.0,Periurbain,Actif
TX0001356,2023-05-08,Dakar,Recharge,138100.0,Orange Money,M,54.0,Periurbain,Suspendu
TX0003540,2022-04-26,Dakar,Paiement,30600.0,Wave,F,54.0,Urbain,Actif
TX0002577,2022-11-27,Kaolack,Paiement,90000.0,Wave,M,23.0,Periurbain,Actif
TX0002328,2022-12-15,Tambacounda,Retrait,38800.0,Orange Money,F,55.0,Urbain,Actif
TX0002123,2022-08-17,Ziguinchor,Dépôt,43200.0,Orange Money,M,20.0,Urbain,Actif
TX0002312,2022-09-27,Thiès,Retrait,37700.0,Wizall,F,18.0,Urbain,Actif
TX0000396,2023-04-15,Ziguinchor,Retrait,5000.0,Wizall,F,56.0,Periurbain,Actif
TX0003611,2022-03-20,Tambacounda,Transfert,15000.0,Orange Money,M,,Urbain,Actif
TX0001064,2022-08-19,Diourbel,Recharge,210700.0,Free Money,M,52.0,Periurbain,Actif
TX0002457,2022-12-09,Ziguinchor,Retrait,10700.0,Free Money,M,42.0,Rural,Actif
TX0002197,2023-04-18,Ziguinchor,Dépôt,188500.0,Orange Money,F,58.0,Rural,Actif
TX0002242,2022-11-15,Thiès,Retrait,55600.0,Free Money,F,52.0,Urbain,Actif
TX0000818,2022-01-30,Ziguinchor,Retrait,13000.0,Free Money,F,24.0,Periurbain,Inactif
TX0001812,2022-05-25,Tambacounda,Transfert,47300.0,Orange Money,F,49.0,Periurbain,Actif
TX0002658,2022-04-26,Thiès,Dépôt,12700.0,Free Money,M,42.0,Urbain,Actif
TX0001552,2023-03-25,Kaolack,Paiement,100400.0,Wave,M,43.0,Periurbain,Actif
TX0003264,2023-03-10,Diourbel,Paiement,83900.0,Orange Money,M,44.0,Urbain,Actif
TX0000816,2022-11-20,Thiès,Transfert,26900.0,Orange Money,M,23.0,Rural,Suspendu
TX0001572,2023-02-08,Thiès,Transfert,251400.0,Wizall,M,28.0,Periurbain,Actif
TX0003100,2022-02-20,Thiès,Transfert,104100.0,Free Money,M,61.0,Rural,Actif
TX0001800,2023-06-08,Dakar,Dépôt,61400.0,Wizall,M,20.0,Urbain,Actif
TX0004377,2023-04-05,Diourbel,Dépôt,33100.0,Orange Money,M,54.0,Periurbain,Suspendu
TX0000381,2023-01-17,Diourbel,Recharge,16400.0,Wave,M,24.0,Periurbain,Actif
TX0003001,2023-03-12,Diourbel,Retrait,189500.0,Wave,M,46.0,Periurbain,Inactif
TX0004871,2022-03-14,Thiès,Paiement,136300.0,Orange Money,F,33.0,Periurbain,Actif
TX0003655,2022-04-22,Ziguinchor,Recharge,16900.0,Wave,F,41.0,Periurbain,Inactif
TX0004699,2023-06-22,Tambacounda,Dépôt,23800.0,Orange Money,F,38.0,Urbain,Actif
TX0004414,2022-08-13,Tambacounda,Retrait,55900.0,Wave,M,43.0,Rural,Actif
TX0002843,2023-06-05,Ziguinchor,Transfert,36100.0,Orange Money,M,38.0,Urbain,Actif
TX0002535,2023-04-02,Ziguinchor,Transfert,20100.0,Wave,F,21.0,Periurbain,Actif
TX0003365,2022-12-15,Diourbel,Recharge,335600.0,Wizall,F,42.0,Urbain,Suspendu
TX0003880,2022-10-02,Ziguinchor,Dépôt,33100.0,Orange Money,F,49.0,Rural,Actif
TX0003309,2022-09-11,Dakar,Paiement,24700.0,Orange Money,M,64.0,Rural,Actif
TX0000554,2023-04-25,Saint-Louis,Dépôt,22800.0,Orange Money,F,37.0,Periurbain,Actif
TX0001159,2022-01-16,Saint-Louis,Dépôt,109300.0,Free Money,M,50.0,Rural,Actif
TX0001213,2023-03-11,Saint-Louis,Paiement,59100.0,Orange Money,M,58.0,Periurbain,Actif
TX0002295,2022-01-05,Dakar,Retrait,63800.0,Orange Money,M,62.0,Urbain,Actif
TX0004230,2023-01-19,Saint-Louis,Dépôt,82000.0,Wave,F,57.0,Urbain,Actif
TX0002464,2022-12-06,Dakar,Dépôt,54200.0,Orange Money,F,49.0,Periurbain,Actif
TX0000700,2022-10-19,Dakar,Dépôt,45700.0,Wave,M,55.0,Periurbain,Inactif
TX0004600,2022-04-19,Tambacounda,Recharge,26400.0,Orange Money,M,52.0,Rural,Actif
TX0003207,2023-02-14,Dakar,Dépôt,24700.0,Orange Money,M,47.0,Rural,Actif
TX0004939,2023-03-21,Diourbel,Retrait,38300.0,Orange Money,M,46.0,Periurbain,Actif
TX0001455,2023-05-25,Dakar,Transfert,144300.0,Wizall,F,42.0,Urbain,Inactif
TX0004910,2023-04-29,Tambacounda,Retrait,8100.0,Free Money,M,51.0,Periurbain,Actif
TX0002172,2022-04-06,Tambacounda,Recharge,46700.0,Wizall,M,26.0,Periurbain,Actif
TX0002104,2023-03-10,Tambacounda,Retrait,60000.0,Wizall,F,34.0,Rural,Actif
TX0000866,2022-03-26,KAOLACK,Paiement,332000.0,Wave,M,,Periurbain,Actif
TX0001644,2022-02-18,Saint-Louis,Retrait,27600.0,Orange Money,M,23.0,Periurbain,Inactif
TX0004431,2022-10-27,Saint-Louis,Retrait,3200.0,Free Money,M,47.0,Rural,Suspendu
TX0004997,2022-06-29,Ziguinchor,Dépôt,49800.0,Free Money,M,23.0,Urbain,Actif
TX0001490,2022-05-10,Saint-Louis,Transfert,68100.0,Orange Money,,31.0,Rural,Actif
TX0002266,2022-11-20,Ziguinchor,Dépôt,55500.0,Wizall,M,58.0,Urbain,Actif
TX0000729,2022-03-31,Dakar,Retrait,8500.0,Orange Money,M,32.0,Periurbain,Actif
TX0004306,2022-09-18,Kaolack,Retrait,2000000.0,Wave,M,52.0,Periurbain,Actif
TX0002572,2022-06-25,Saint-Louis,Paiement,71300.0,Wave,F,22.0,Rural,Actif
TX0001936,2022-05-28,Saint-Louis,Transfert,22500.0,Orange Money,M,64.0,Urbain,Inactif
TX0001110,2023-03-23,Saint-Louis,Retrait,90200.0,Free Money,F,57.0,Rural,Actif
TX0004151,2022-01-01,Saint-Louis,Dépôt,33300.0,Wave,M,28.0,Urbain,Actif
TX0004564,2022-05-07,Saint-Louis,Dépôt,210600.0,Free Money,M,44.0,Urbain,Actif
TX0001185,2023-05-28,Saint-Louis,Transfert,58900.0,Wave,F,22.0,Rural,Actif
TX0002007,2023-03-01,Kaolack,Dépôt,10000.0,Free Money,M,20.0,Urbain,Actif
TX0000193,2022-12-13,Ziguinchor,Dépôt,37600.0,Orange Money,F,35.0,Periurbain,Actif
TX0001515,2022-01-05,Tambacounda,Dépôt,42900.0,Wave,,34.0,Periurbain,Actif
TX0000578,2022-09-27,Dakar,Retrait,33300.0,Orange Money,F,54.0,Rural,Actif
TX0001429,2023-04-20,Diourbel,Dépôt,15500.0,Wave,F,60.0,Rural,Actif
TX0004952,2022-08-08,Diourbel,Transfert,15600.0,Orange Money,F,19.0,Rural,Inactif
TX0002553,2023-06-03,Diourbel,Paiement,94600.0,Orange Money,M,,Urbain,Actif
TX0001846,2022-03-08,Saint-Louis,Dépôt,7400.0,Wizall,F,36.0,Urbain,Actif
TX0000131,2022-05-02,Diourbel,Retrait,50300.0,Wave,M,20.0,Urbain,Actif
TX0000178,2023-05-28,Tambacounda,Paiement,28900.0,Wizall,F,33.0,Rural,Actif
TX0004559,2023-06-30,Tambacounda,Transfert,34800.0,Wave,M,53.0,Urbain,Actif
TX0002809,2023-01-28,Diourbel,Dépôt,23900.0,Wave,F,41.0,Rural,Suspendu
TX0003789,2023-06-21,Ziguinchor,Dépôt,80200.0,Orange Money,F,22.0,Urbain,Actif
TX0002470,2022-05-05,Thiès,Retrait,6900.0,Orange Money,F,44.0,Urbain,Actif
TX0004368,2022-03-31,Diourbel,Recharge,20300.0,Wizall,M,59.0,Urbain,Actif
TX0002073,2023-04-26,Tambacounda,Retrait,21300.0,Orange Money,M,18.0,Periurbain,Inactif
TX0000658,2022-12-20,Saint-Louis,Retrait,46200.0,Free Money,F,,Urbain,Actif
TX0001896,2022-12-03,Saint-Louis,Transfert,13700.0,Free Money,M,31.0,Urbain,Actif
TX0003464,2022-04-09,Kaolack,Dépôt,38200.0,Wizall,,62.0,Urbain,Actif
TX0003822,2023-03-17,Dakar,Transfert,348500.0,Orange Money,F,18.0,Rural,Actif
TX0000342,2022-04-05,Thiès,Paiement,23500.0,Orange Money,F,44.0,Periurbain,Actif
TX0002651,2022-07-21,Thiès,Recharge,28400.0,Orange Money,M,58.0,Urbain,Actif
TX0000727,2023-03-12,Kaolack,Retrait,62500.0,Wave,F,60.0,Urbain,Inactif
TX0003949,2022-05-08,Thiès,Transfert,213600.0,Orange Money,M,48.0,Urbain,Actif
TX0000976,2022-11-22,Ziguinchor,Retrait,303000.0,Free Money,M,49.0,Urbain,Actif
TX0002124,2023-06-23,Tambacounda,Dépôt,22000.0,Free Money,M,59.0,Rural,Actif
TX0003527,2023-02-20,Diourbel,Dépôt,126200.0,Orange Money,F,64.0,Urbain,Actif
TX0001928,2022-12-18,Thiès,Transfert,27900.0,Wave,F,52.0,Urbain,Actif
TX0004486,2022-01-14,Kaolack,Dépôt,7100.0,Wave,F,48.0,Urbain,Actif
TX0003382,2022-01-18,Dakar,Dépôt,105800.0,Wizall,M,39.0,Periurbain,Actif
TX0001299,2023-01-22,Diourbel,Dépôt,21800.0,Wizall,M,31.0,Rural,Actif
TX0003125,2022-11-28,Kaolack,Paiement,46800.0,Wave,F,46.0,Urbain,Actif
TX0004693,2022-10-12,Diourbel,Transfert,14700.0,Orange Money,F,56.0,Urbain,Actif
TX0000660,2022-07-14,Thiès,Dépôt,426000.0,Free Money,M,,Urbain,Suspendu
TX0001790,2022-03-24,Thiès,Dépôt,204300.0,Orange Money,F,64.0,Urbain,Actif
TX0002492,2023-02-21,Kaolack,Retrait,70400.0,Wizall,F,34.0,Periurbain,Actif
TX0002905,2022-01-30,Tambacounda,Retrait,106000.0,Free Money,M,26.0,Urbain,Actif
TX0003109,2022-12-02,Diourbel,Dépôt,96600.0,Wave,F,49.0,Urbain,Actif
TX0002280,2022-05-20,Saint-Louis,Retrait,53900.0,Orange Money,F,54.0,Urbain,Actif
TX0003189,2023-03-08,Diourbel,Retrait,48000.0,Wizall,F,37.0,Urbain,Actif
TX0002842,2023-05-18,Tambacounda,Transfert,136100.0,Wave,F,53.0,Urbain,Inactif
TX0003753,2023-01-14,Thiès,Retrait,343400.0,Wave,M,36.0,Rural,Actif
TX0003336,2023-05-12,Thiès,Dépôt,54200.0,Free Money,M,51.0,Urbain,Actif
TX0001278,2022-03-19,Dakar,Recharge,509800.0,Free Money,F,40.0,Periurbain,Actif
TX0003209,2022-11-30,Tambacounda,Dépôt,145700.0,Orange Money,F,21.0,Periurbain,Actif
TX0001621,2022-02-02,Thiès,Transfert,146700.0,Orange Money,M,29.0,Urbain,Actif
TX0003150,2022-12-11,Saint-Louis,Dépôt,10400.0,Free Money,,63.0,Urbain,Actif
TX0002954,2023-05-19,Dakar,Retrait,25200.0,Orange Money,F,50.0,Rural,Actif
TX0000067,2023-03-15,Tambacounda,Retrait,128000.0,Free Money,M,38.0,Urbain,Actif
TX0002689,2022-08-10,Tambacounda,Paiement,103600.0,Wave,M,,Urbain,Inactif
TX0002213,2023-06-11,Dakar,Transfert,102600.0,Orange Money,F,33.0,Periurbain,Actif
TX0003957,2022-08-18,Tambacounda,Transfert,33400.0,Orange Money,M,52.0,Rural,Actif
TX0000820,2023-03-16,Diourbel,Dépôt,134100.0,Free Money,M,61.0,Rural,Actif
TX0001226,2022-08-06,Kaolack,Retrait,23900.0,Free Money,F,42.0,Urbain,Actif
TX0003126,2023-01-04,Saint-Louis,Dépôt,411200.0,Orange Money,F,19.0,Periurbain,Actif
TX0004275,2022-11-15,Ziguinchor,Retrait,5100.0,Wave,,44.0,Rural,Actif
TX0003982,2022-05-03,Thiès,Recharge,40900.0,Orange Money,F,47.0,Urbain,Actif
TX0001458,2022-04-28,Dakar,Paiement,14400.0,Orange Money,M,,Urbain,Actif
TX0004550,2023-05-26,Diourbel,Transfert,52300.0,Orange Money,F,44.0,Urbain,Actif
TX0004359,2022-04-12,Ziguinchor,Dépôt,33700.0,Orange Money,F,40.0,Urbain,Actif
TX0003497,2023-04-30,Kaolack,Transfert,127700.0,Orange Money,M,23.0,Urbain,Actif
TX0001143,2022-11-06,Thiès,Transfert,974400.0,Free Money,F,25.0,Urbain,Actif
TX0000397,2022-08-23,Dakar,Retrait,40900.0,Free Money,M,28.0,Rural,Actif
TX0003035,2022-06-01,DIOURBEL,Paiement,199300.0,Wizall,M,61.0,Urbain,Actif
TX0004391,2022-10-24,Ziguinchor,Retrait,140800.0,Free Money,,47.0,Rural,Actif
TX0002879,2022-04-12,Ziguinchor,Recharge,540700.0,Orange Money,M,55.0,Urbain,Inactif
TX0001398,2022-12-04,Diourbel,Dépôt,16900.0,Orange Money,,,Rural,Actif
TX0001659,2022-09-02,Saint-Louis,Retrait,52900.0,Wave,F,51.0,Urbain,Inactif
TX0000979,2022-11-23,Dakar,Transfert,86400.0,Orange Money,F,60.0,Urbain,Actif
TX0001298,2022-12-15,Kaolack,Transfert,53000.0,Free Money,F,23.0,Periurbain,Actif
TX0003143,2022-10-22,Thiès,Retrait,4800.0,Wave,M,31.0,Urbain,Inactif
TX0000082,2022-07-01,Saint-Louis,Dépôt,26500.0,Wave,M,44.0,Urbain,Actif
TX0003405,2023-03-18,Diourbel,Transfert,12800.0,Free Money,F,35.0,Urbain,Actif
TX0002559,2022-10-01,Thiès,Recharge,14000.0,Orange Money,M,60.0,Urbain,Actif
TX0003902,2023-05-16,Dakar,Dépôt,405000.0,Free Money,F,49.0,Urbain,Actif
TX0003947,2022-11-26,Tambacounda,Dépôt,43400.0,Wave,M,34.0,Urbain,Actif
TX0002384,2022-06-24,Thiès,Retrait,32200.0,Wizall,F,34.0,Urbain,Inactif
TX0000423,2022-09-28,Saint-Louis,Dépôt,742300.0,Free Money,F,41.0,Urbain,Actif
TX0004429,2023-03-13,Saint-Louis,Transfert,20000.0,Wizall,F,64.0,Rural,Actif
TX0001904,2023-02-12,Ziguinchor,Transfert,2000000.0,Orange Money,M,34.0,Periurbain,Actif
TX0004631,2022-06-20,Dakar,Dépôt,257200.0,Wave,M,,Periurbain,Actif
TX0003786,2022-11-12,Saint-Louis,Retrait,93600.0,Orange Money,F,32.0,Urbain,Actif
TX0003243,2023-01-16,Dakar,Retrait,136500.0,Wave,F,62.0,Rural,Inactif
TX0001565,2022-08-20,Tambacounda,Paiement,2900.0,Orange Money,M,50.0,Urbain,Actif
TX0003503,2022-01-17,Saint-Louis,Transfert,363400.0,Free Money,F,62.0,Urbain,Actif
TX0000839,2022-12-12,Ziguinchor,Recharge,85000.0,Orange Money,M,42.0,Urbain,Suspendu
TX0000500,2023-01-17,Dakar,Transfert,116100.0,Orange Money,M,18.0,Rural,Actif
TX0000141,2022-05-18,Saint-Louis,Transfert,6000.0,Free Money,F,39.0,Periurbain,Actif
TX0001377,2022-10-09,Ziguinchor,Dépôt,114500.0,Wave,M,50.0,Rural,Actif
TX0003859,2023-04-02,Thiès,Dépôt,26500.0,Free Money,F,60.0,Periurbain,Actif
TX0002232,2023-05-09,Kaolack,Paiement,89800.0,Wizall,M,58.0,Rural,Actif
TX0001138,2022-09-20,Dakar,Retrait,18200.0,Orange Money,F,40.0,Urbain,Actif
TX0002650,2022-04-25,Diourbel,Transfert,349300.0,Free Money,M,60.0,Urbain,Actif
TX0001787,2022-12-02,DAKAR,Recharge,56200.0,Orange Money,M,32.0,Urbain,Actif
TX0004661,2022-11-27,Thiès,Retrait,99000.0,Free Money,F,38.0,Urbain,Actif
TX0000550,2022-10-12,Kaolack,Retrait,29500.0,Wave,F,20.0,Urbain,Actif
TX0003240,2022-08-16,Tambacounda,Retrait,143700.0,Wizall,M,34.0,Rural,Actif
TX0002019,2022-12-30,Ziguinchor,Dépôt,748900.0,Wizall,F,45.0,Rural,Actif
TX0000948,2023-04-24,Ziguinchor,Retrait,22300.0,Wave,,37.0,Periurbain,Actif
TX0002694,2023-06-12,DIOURBEL,Transfert,94700.0,Wave,M,28.0,Rural,Actif
TX0000532,2023-06-30,Dakar,Transfert,165200.0,Orange Money,M,61.0,Periurbain,Actif
TX0001829,2022-06-10,Diourbel,Dépôt,49200.0,Free Money,M,25.0,Rural,Actif
TX0003046,2022-08-20,Saint-Louis,Dépôt,58300.0,Free Money,F,39.0,Urbain,Inactif
TX0004509,2023-05-30,Kaolack,Recharge,103200.0,Free Money,M,50.0,Periurbain,Suspendu
TX0004436,2022-07-11,Saint-Louis,Transfert,158200.0,Orange Money,M,45.0,Rural,Actif
TX0001602,2022-05-04,Diourbel,Retrait,38600.0,Orange Money,F,21.0,Periurbain,Actif
TX0000639,2022-07-26,Tambacounda,Dépôt,18400.0,Wave,M,45.0,Urbain,Actif
TX0004930,2022-08-20,Diourbel,Recharge,7200.0,Orange Money,F,57.0,Periurbain,Actif
TX0000967,2022-06-12,Thiès,Paiement,22300.0,Free Money,M,34.0,Periurbain,Actif
TX0004325,2023-06-04,Dakar,Transfert,16600.0,Orange Money,F,37.0,Urbain,Inactif
TX0004311,2023-05-30,Ziguinchor,Paiement,17500.0,Free Money,F,51.0,Urbain,Actif
TX0001683,2023-03-26,Tambacounda,Dépôt,53300.0,Wave,M,50.0,Urbain,Actif
TX0004563,2022-01-27,Diourbel,Recharge,41500.0,Orange Money,F,47.0,Urbain,Actif
TX0002439,2022-03-26,Diourbel,Retrait,10700.0,Orange Money,M,24.0,Periurbain,Actif
TX0000155,2022-05-13,Dakar,Retrait,29500.0,Orange Money,M,48.0,Periurbain,Actif
TX0002589,2023-01-26,Saint-Louis,Transfert,104000.0,Free Money,,40.0,Rural,Actif
TX0002962,2022-07-03,Dakar,Recharge,38500.0,Orange Money,M,33.0,Urbain,Actif
TX0001089,2022-05-07,Thiès,Transfert,269700.0,Wave,M,38.0,Urbain,Actif
TX0002767,2022-05-13,Dakar,Dépôt,42300.0,Orange Money,F,60.0,Urbain,Actif
TX0004328,2022-02-17,Saint-Louis,Dépôt,10200.0,Wave,F,,Urbain,Actif
TX0000288,2022-06-06,Saint-Louis,Retrait,9100.0,Orange Money,F,63.0,Periurbain,Actif
TX0000930,2022-03-18,Tambacounda,Dépôt,13400.0,Wave,F,59.0,Urbain,Actif
TX0002640,2022-06-13,Thiès,Paiement,43300.0,Wave,M,,Periurbain,Actif
TX0002357,2022-02-06,Kaolack,Paiement,29600.0,Free Money,M,19.0,Urbain,Actif
TX0003520,2022-05-06,Dakar,Paiement,14500.0,Orange Money,M,54.0,Urbain,Actif
TX0002465,2022-04-21,Dakar,Paiement,86500.0,Wave,F,41.0,Periurbain,Actif
TX0003437,2022-11-23,Tambacounda,Transfert,96400.0,Orange Money,F,61.0,Urbain,Actif
TX0000942,2022-12-23,Thiès,Recharge,127900.0,Orange Money,M,63.0,Urbain,Actif
TX0004958,2022-04-12,Thiès,Transfert,52100.0,Orange Money,M,,Rural,Actif
TX0004758,2022-09-10,Dakar,Dépôt,404500.0,Orange Money,M,37.0,Rural,Actif
TX0001698,2023-06-11,Diourbel,Paiement,153800.0,Orange Money,,21.0,Rural,Actif
TX0004805,2022-10-25,Thiès,Retrait,43200.0,Orange Money,F,59.0,Periurbain,Actif
TX0003089,2022-05-19,Saint-Louis,Retrait,31600.0,Wizall,M,29.0,Rural,Actif
TX0003082,2022-04-21,Dakar,Transfert,234400.0,Orange Money,F,40.0,Urbain,Actif
TX0002992,2022-10-30,Tambacounda,Dépôt,171900.0,Orange Money,F,40.0,Rural,Actif
TX0003206,2023-04-15,Saint-Louis,Retrait,308600.0,Orange Money,M,19.0,Urbain,Actif
TX0000985,2022-09-29,Thiès,Retrait,79700.0,Wave,M,21.0,Rural,Inactif
TX0002892,2023-02-26,Saint-Louis,Dépôt,95100.0,Wizall,M,40.0,Urbain,Actif
TX0002517,2022-09-18,Saint-Louis,Transfert,69500.0,Orange Money,,,Rural,Inactif
TX0002318,2022-08-19,Dakar,Transfert,327600.0,Wave,F,46.0,Urbain,Actif
TX0001865,2023-05-28,Thiès,Retrait,38800.0,Wizall,M,46.0,Rural,Actif
TX0000981,2023-02-26,Dakar,Transfert,326800.0,Free Money,M,35.0,Periurbain,Actif
TX0002594,2022-03-20,Saint-Louis,Paiement,19100.0,Wave,M,25.0,Rural,Inactif
TX0002528,2022-01-05,Saint-Louis,Dépôt,62600.0,Orange Money,M,,Periurbain,Actif
TX0003305,2022-07-11,Dakar,Transfert,61000.0,Free Money,M,57.0,Urbain,Actif
TX0003129,2023-04-04,Dakar,Retrait,19500.0,Orange Money,F,37.0,Periurbain,Inactif
TX0003679,2022-08-03,SAINT-LOUIS,Retrait,32700.0,Orange Money,F,47.0,Urbain,Actif
TX0004013,2022-04-16,Dakar,Retrait,743600.0,Free Money,F,40.0,Periurbain,Actif
TX0001457,2023-01-06,Saint-Louis,Retrait,87000.0,Free Money,M,24.0,Rural,Actif
TX0001395,2023-03-30,Tambacounda,Recharge,22900.0,Wave,M,22.0,Periurbain,Actif
TX0000264,2023-04-25,Thiès,Retrait,108300.0,Free Money,F,43.0,Periurbain,Actif
TX0002778,2022-09-01,Ziguinchor,Paiement,118400.0,Orange Money,F,30.0,Rural,Suspendu
TX0000929,2022-05-22,Dakar,Retrait,306200.0,Wave,F,42.0,Rural,Actif
TX0003199,2022-08-03,Diourbel,Paiement,96300.0,Orange Money,F,55.0,Urbain,Actif
TX0002178,2023-01-15,Thiès,Transfert,52200.0,Orange Money,F,57.0,Periurbain,Actif
TX0004119,2023-01-26,Tambacounda,Dépôt,71700.0,Free Money,M,22.0,Periurbain,Actif
TX0000246,2022-08-23,Tambacounda,Transfert,36300.0,Wizall,M,19.0,Periurbain,Actif
TX0003747,2022-08-13,Ziguinchor,Dépôt,47300.0,Wave,M,23.0,Periurbain,Actif
TX0001758,2022-03-02,Saint-Louis,Dépôt,58100.0,Wizall,F,31.0,Urbain,Actif
TX0004963,2023-02-14,Kaolack,Retrait,23900.0,Orange Money,M,41.0,Urbain,Inactif
TX0003959,2022-01-22,KAOLACK,Transfert,15500.0,Wave,F,37.0,Rural,Actif
TX0000923,2023-03-14,Dakar,Recharge,7900.0,Wave,M,40.0,Periurbain,Actif
TX0002714,2022-01-01,Thiès,Transfert,13100.0,Wizall,F,62.0,Urbain,Actif
TX0000268,2022-07-16,Saint-Louis,Paiement,44000.0,Wizall,M,59.0,Rural,Actif
TX0000669,2022-06-05,Tambacounda,Transfert,5300.0,Wave,M,19.0,Rural,Inactif
TX0002855,2022-10-04,Ziguinchor,Transfert,395100.0,Orange Money,F,60.0,Urbain,Inactif
TX0001910,2022-06-17,SAINT-LOUIS,Paiement,124800.0,Wave,M,46.0,Rural,Actif
TX0003119,2022-04-28,Diourbel,Dépôt,122600.0,Orange Money,M,45.0,Urbain,Actif
TX0001152,2023-01-17,Ziguinchor,Recharge,52100.0,Orange Money,M,55.0,Urbain,Inactif
TX0004915,2023-05-17,Ziguinchor,Paiement,70200.0,Wave,F,19.0,Urbain,Inactif
TX0003605,2022-04-11,Thiès,Transfert,18500.0,Wizall,F,21.0,Periurbain,Actif
TX0004329,2023-03-22,Kaolack,Paiement,213100.0,Wave,,55.0,Urbain,Actif
TX0004048,2023-04-11,Ziguinchor,Transfert,255500.0,Orange Money,M,39.0,Rural,Inactif
TX0002302,2022-10-08,Kaolack,Dépôt,29000.0,Orange Money,M,52.0,Rural,Suspendu
TX0003116,2023-02-09,Dakar,Recharge,623900.0,Free Money,M,59.0,Rural,Suspendu
TX0001915,2023-01-30,Ziguinchor,Transfert,32200.0,Wizall,F,62.0,Periurbain,Actif
TX0000612,2022-12-10,Ziguinchor,Retrait,54400.0,Orange Money,M,19.0,Urbain,Actif
TX0004705,2022-08-19,TAMBACOUNDA,Transfert,46000.0,Orange Money,F,48.0,Periurbain,Actif
TX0003682,2023-02-27,Thiès,Dépôt,1569500.0,Orange Money,M,,Periurbain,Actif
TX0001898,2022-07-14,Kaolack,Dépôt,92000.0,Orange Money,M,62.0,Periurbain,Actif
TX0001649,2023-01-23,Diourbel,Transfert,44100.0,Orange Money,M,55.0,Periurbain,Inactif
TX0002552,2023-03-19,Diourbel,Dépôt,17500.0,Wizall,F,54.0,Urbain,Actif
TX0000258,2022-11-08,Tambacounda,Retrait,80200.0,Wizall,M,64.0,Urbain,Actif
TX0000847,2023-06-30,Tambacounda,Transfert,48800.0,Wizall,M,21.0,Urbain,Actif
TX0004340,2022-08-31,Thiès,Retrait,157600.0,Orange Money,M,28.0,Periurbain,Actif
TX0001233,2022-01-18,Thiès,Retrait,520100.0,Wave,M,,Urbain,Actif
TX0001127,2022-08-12,Saint-Louis,Paiement,84700.0,Orange Money,M,60.0,Rural,Actif
TX0001967,2022-07-18,Thiès,Recharge,20300.0,Free Money,F,19.0,Rural,Inactif
TX0000558,2023-02-18,Diourbel,Dépôt,18900.0,Free Money,M,63.0,Periurbain,Actif
TX0004078,2023-02-25,Tambacounda,Recharge,3400.0,Orange Money,F,50.0,Urbain,Actif
TX0000484,2022-11-16,Diourbel,Dépôt,91200.0,Orange Money,M,53.0,Rural,Actif
TX0002211,2023-03-17,Tambacounda,Retrait,21100.0,Free Money,F,64.0,Rural,Actif
TX0001320,2022-05-16,Thiès,Paiement,83000.0,Orange Money,M,25.0,Urbain,Actif
TX0002450,2022-05-28,Kaolack,Dépôt,8900.0,Wave,F,46.0,Urbain,Suspendu
TX0000007,2023-04-19,Tambacounda,Recharge,12900.0,Wave,F,22.0,Periurbain,Actif
TX0003425,2022-12-05,Kaolack,Paiement,34100.0,Wizall,M,46.0,Periurbain,Actif
TX0003334,2023-05-03,Dakar,Retrait,16900.0,Orange Money,F,32.0,Urbain,Actif
TX0001450,2022-09-29,Ziguinchor,Retrait,67700.0,Orange Money,M,54.0,Periurbain,Inactif
TX0001201,2022-01-14,Tambacounda,Paiement,36700.0,Orange Money,F,37.0,Urbain,Actif
TX0001814,2022-02-14,Dakar,Dépôt,118700.0,Free Money,F,49.0,Rural,Actif
TX0000773,2022-08-06,Dakar,Recharge,57200.0,Orange Money,,45.0,Urbain,Actif
TX0002274,2023-06-04,THIÈS,Retrait,60800.0,Orange Money,M,44.0,Rural,Actif
TX0001011,2023-06-25,Dakar,Dépôt,191700.0,Orange Money,F,47.0,Urbain,Actif
TX0003826,2022-09-13,Thiès,Transfert,137700.0,Orange Money,F,26.0,Periurbain,Inactif
TX0004197,2022-06-05,Kaolack,Dépôt,90700.0,Orange Money,M,31.0,Rural,Actif
TX0001991,2022-03-28,Saint-Louis,Dépôt,3700.0,Wave,F,55.0,Urbain,Actif
TX0001277,2023-06-24,Kaolack,Dépôt,14200.0,Orange Money,M,49.0,Urbain,Actif
TX0001783,2022-12-15,Dakar,Dépôt,13900.0,Wave,F,56.0,Urbain,Actif
TX0003247,2022-08-14,Thiès,Transfert,5300.0,Wave,F,19.0,Periurbain,Actif
TX0000446,2023-06-24,Tambacounda,Paiement,71300.0,Orange Money,F,57.0,Urbain,Actif
TX0000880,2022-05-07,Thiès,Dépôt,21700.0,Wizall,F,58.0,Urbain,Actif
TX0004552,2022-03-26,SAINT-LOUIS,Paiement,18300.0,Orange Money,F,27.0,Periurbain,Actif
TX0000781,2022-10-24,Tambacounda,Retrait,41600.0,Wave,M,59.0,Rural,Actif
TX0001749,2022-03-16,Diourbel,Dépôt,7400.0,Wave,M,23.0,Urbain,Actif
TX0003537,2022-07-14,Kaolack,Dépôt,39200.0,Free Money,F,59.0,Rural,Actif
TX0004358,2022-11-09,Tambacounda,Recharge,342700.0,Free Money,,55.0,Periurbain,Actif
TX0004980,2023-06-19,Ziguinchor,Retrait,16200.0,Free Money,M,44.0,Rural,Actif
TX0004411,2022-01-03,Dakar,Dépôt,150900.0,Orange Money,F,34.0,Rural,Actif
TX0000883,2022-02-26,Saint-Louis,Dépôt,80000.0,Free Money,M,37.0,Urbain,Actif
TX0002917,2023-04-10,Diourbel,Dépôt,176000.0,Wizall,F,58.0,Rural,Actif
TX0001091,2022-12-22,Thiès,Recharge,114200.0,Wave,M,46.0,Urbain,Actif
TX0004244,2022-08-14,Diourbel,Dépôt,116900.0,Free Money,M,58.0,Periurbain,Actif
TX0000531,2023-07-01,Tambacounda,Retrait,115000.0,Wave,F,50.0,Urbain,Inactif
TX0004749,2023-03-15,Dakar,Transfert,76300.0,Orange Money,F,53.0,Urbain,Actif
TX0003471,2023-03-03,Tambacounda,Retrait,96800.0,Wave,,23.0,Urbain,Inactif
TX0004182,2023-01-09,Ziguinchor,Transfert,40100.0,Orange Money,F,58.0,Urbain,Actif
TX0002290,2022-12-01,Ziguinchor,Retrait,48000.0,Wave,M,25.0,Rural,Actif
TX0001727,2023-06-30,Saint-Louis,Dépôt,296800.0,Wave,F,47.0,Periurbain,Actif
TX0000610,2022-01-22,Kaolack,Retrait,170700.0,Orange Money,F,50.0,Periurbain,Actif
TX0000570,2022-10-09,Tambacounda,Recharge,29500.0,Wave,F,62.0,Rural,Actif
TX0002851,2022-05-12,Ziguinchor,Retrait,28900.0,Free Money,F,58.0,Urbain,Actif
TX0003165,2022-09-26,Ziguinchor,Dépôt,50000.0,Wave,F,36.0,Urbain,Inactif
TX0000343,2022-08-26,Diourbel,Dépôt,76400.0,Wave,F,61.0,Urbain,Actif
TX0004502,2022-06-07,Ziguinchor,Paiement,75000.0,Wave,M,31.0,Periurbain,Inactif
TX0004674,2022-08-12,Saint-Louis,Transfert,9900.0,Orange Money,F,50.0,Urbain,Actif
TX0000434,2022-02-16,SAINT-LOUIS,Dépôt,3500.0,Wizall,M,22.0,Urbain,Actif
TX0001903,2022-01-20,Thiès,Transfert,31100.0,Wave,M,37.0,Urbain,Suspendu
TX0003971,2022-10-25,Saint-Louis,Retrait,114800.0,Orange Money,M,49.0,Rural,Inactif
TX0003745,2022-04-27,Ziguinchor,Retrait,114900.0,Orange Money,M,,Periurbain,Actif
TX0002069,2022-06-30,Dakar,Dépôt,102300.0,Free Money,M,28.0,Rural,Actif
TX0001537,2023-01-08,Dakar,Recharge,223900.0,Wave,F,29.0,Urbain,Actif
TX0002347,2022-07-17,Tambacounda,Dépôt,41000.0,Orange Money,F,20.0,Rural,Actif
TX0004213,2022-05-08,Thiès,Dépôt,37700.0,Free Money,F,41.0,Rural,Actif
TX0001517,2023-05-07,Saint-Louis,Retrait,46900.0,Orange Money,M,60.0,Rural,Actif
TX0000965,2022-07-14,Saint-Louis,Retrait,15000.0,Wizall,M,,Urbain,Actif
TX0004845,2022-08-03,Thiès,Retrait,41800.0,Orange Money,,53.0,Periurbain,Actif
TX0000528,2022-01-31,Tambacounda,Transfert,88200.0,Wave,M,64.0,Periurbain,Actif
TX0000176,2023-01-13,Saint-Louis,Paiement,34700.0,Orange Money,M,37.0,Urbain,Actif
TX0003634,2022-02-21,Thiès,Dépôt,4500.0,Orange Money,M,,Rural,Actif
TX0002648,2022-08-25,Tambacounda,Dépôt,46200.0,Wave,M,63.0,Rural,Actif
TX0004387,2022-01-27,Ziguinchor,Recharge,51500.0,Orange Money,F,42.0,Periurbain,Actif
TX0000572,2022-08-05,Thiès,Paiement,48400.0,Orange Money,F,51.0,Urbain,Actif
TX0002395,2022-07-09,Ziguinchor,Dépôt,35100.0,Wave,M,29.0,Urbain,Actif
TX0003660,2022-10-06,Thiès,Dépôt,107200.0,Orange Money,F,30.0,Rural,Inactif
TX0004242,2023-02-18,TAMBACOUNDA,Paiement,63900.0,Free Money,F,64.0,Rural,Actif
TX0004613,2022-03-01,Saint-Louis,Paiement,74400.0,Wave,M,23.0,Rural,Actif
TX0003357,2022-07-29,Dakar,Paiement,230000.0,Wave,M,37.0,Periurbain,Actif
TX0003017,2022-08-10,Diourbel,Retrait,67300.0,Wave,M,51.0,Urbain,Actif
TX0002208,2022-06-09,KAOLACK,Dépôt,579900.0,Orange Money,F,62.0,Rural,Actif
TX0002671,2022-08-05,Diourbel,Retrait,835700.0,Free Money,F,,Urbain,Actif
TX0003295,2022-02-06,Diourbel,Retrait,83500.0,Orange Money,F,55.0,Periurbain,Actif
TX0000383,2023-04-25,Ziguinchor,Retrait,207600.0,Wave,F,40.0,Periurbain,Actif
TX0000852,2022-04-25,Saint-Louis,Retrait,50000.0,Orange Money,,38.0,Urbain,Actif
TX0001880,2023-01-12,Kaolack,Recharge,15700.0,Wave,M,52.0,Urbain,Actif
TX0000370,2022-02-25,Tambacounda,Retrait,108400.0,Orange Money,F,35.0,Urbain,Actif
TX0002910,2022-05-07,Diourbel,Transfert,62200.0,Orange Money,,60.0,Urbain,Actif
TX0004953,2023-01-04,Diourbel,Paiement,697200.0,Orange Money,M,19.0,Urbain,Suspendu
TX0001105,2022-04-06,DIOURBEL,Retrait,58300.0,Wave,M,,Periurbain,Actif
TX0004065,2022-02-26,Ziguinchor,Paiement,361400.0,Wave,M,58.0,Urbain,Suspendu
TX0004672,2023-02-01,Diourbel,Dépôt,59000.0,Orange Money,M,55.0,Urbain,Actif
TX0001336,2022-04-20,Diourbel,Paiement,23600.0,Orange Money,F,41.0,Rural,Inactif
TX0002189,2022-12-30,Saint-Louis,Dépôt,31000.0,Wave,F,51.0,Rural,Actif
TX0004687,2022-01-06,Saint-Louis,Retrait,26300.0,Wave,F,51.0,Periurbain,Actif
TX0002416,2022-07-30,Diourbel,Transfert,5600.0,Orange Money,F,45.0,Urbain,Inactif
TX0004929,2023-05-18,Dakar,Retrait,66100.0,Orange Money,,,Urbain,Actif
TX0004710,2022-08-18,Kaolack,Retrait,117600.0,Orange Money,F,33.0,Urbain,Actif
TX0004946,2022-12-07,Diourbel,Dépôt,55200.0,Free Money,M,64.0,Rural,Actif
TX0001171,2023-06-21,Tambacounda,Dépôt,11100.0,Free Money,F,60.0,Urbain,Inactif
TX0002702,2022-03-10,Kaolack,Recharge,18500.0,Free Money,F,58.0,Urbain,Suspendu
TX0003043,2022-08-09,Diourbel,Dépôt,30800.0,Wizall,F,40.0,Rural,Inactif
TX0001422,2022-01-23,Diourbel,Retrait,47700.0,Wave,M,49.0,Rural,Actif
TX0002438,2022-10-24,DIOURBEL,Retrait,707400.0,Free Money,M,,Urbain,Actif
TX0002763,2022-09-02,Tambacounda,Retrait,14800.0,Orange Money,M,59.0,Rural,Actif
TX0004241,2022-08-05,Kaolack,Retrait,70800.0,Orange Money,F,55.0,Rural,Inactif
TX0001464,2023-07-01,Dakar,Transfert,9500.0,Orange Money,M,36.0,Periurbain,Actif
TX0000874,2022-01-14,Tambacounda,Retrait,292000.0,Orange Money,M,22.0,Periurbain,Actif
TX0002297,2022-01-21,DAKAR,Transfert,92300.0,Orange Money,M,20.0,Urbain,Actif
TX0002600,2022-12-11,Kaolack,Dépôt,7300.0,Orange Money,M,47.0,Rural,Actif
TX0004430,2023-01-06,Thiès,Transfert,80800.0,Orange Money,M,21.0,Urbain,Actif
TX0001251,2022-09-21,Diourbel,Dépôt,29500.0,Free Money,F,23.0,Periurbain,Actif
TX0002445,2022-06-15,Tambacounda,Transfert,10900.0,Wizall,M,23.0,Periurbain,Inactif
TX0000840,2022-01-08,Diourbel,Dépôt,7900.0,Orange Money,F,56.0,Periurbain,Actif
TX0003208,2022-08-29,Diourbel,Dépôt,136500.0,Wizall,M,,Urbain,Actif
TX0000581,2023-06-21,Diourbel,Retrait,722200.0,Wave,F,49.0,Urbain,Inactif
TX0000204,2022-11-28,Dakar,Paiement,95400.0,Orange Money,F,20.0,Rural,Actif
TX0001641,2023-04-06,Dakar,Paiement,95700.0,Orange Money,M,54.0,Urbain,Actif
TX0002014,2022-10-19,Thiès,Dépôt,51600.0,Wave,F,34.0,Rural,Actif
TX0000905,2023-05-04,Thiès,Recharge,31700.0,Orange Money,M,57.0,Urbain,Inactif
TX0000631,2023-05-05,Dakar,Transfert,29700.0,Orange Money,F,53.0,Urbain,Actif
TX0003246,2022-10-01,Tambacounda,Retrait,42600.0,Orange Money,M,19.0,Periurbain,Actif
TX0001974,2022-06-13,Tambacounda,Recharge,156000.0,Free Money,M,19.0,Periurbain,Actif
TX0000162,2022-12-13,Ziguinchor,Paiement,55500.0,Wave,F,40.0,Urbain,Actif
TX0003317,2022-01-03,Tambacounda,Retrait,1135800.0,Wizall,M,56.0,Periurbain,Inactif
TX0003077,2022-02-27,Kaolack,Dépôt,64000.0,Orange Money,F,58.0,Urbain,Actif
TX0004588,2023-01-03,Kaolack,Transfert,20800.0,Wizall,M,44.0,Periurbain,Actif
TX0000617,2022-06-01,Diourbel,Retrait,131500.0,Free Money,F,36.0,Rural,Actif
TX0000875,2022-03-27,Diourbel,Transfert,21000.0,Free Money,,26.0,Rural,Suspendu
TX0001431,2022-10-10,Dakar,Dépôt,55200.0,Wave,M,31.0,Urbain,Actif
TX0000547,2023-01-03,Thiès,Retrait,60000.0,Wave,M,22.0,Periurbain,Inactif
TX0003482,2022-06-01,Thiès,Transfert,7000.0,Orange Money,F,38.0,Rural,Actif
TX0004639,2023-03-21,Saint-Louis,Transfert,28500.0,Free Money,M,62.0,Urbain,Actif
TX0004310,2022-06-01,Dakar,Transfert,6300.0,Wizall,M,23.0,Urbain,Actif
TX0002484,2022-09-11,Ziguinchor,Transfert,22500.0,Orange Money,M,52.0,Periurbain,Actif
TX0004046,2022-06-30,Kaolack,Retrait,88400.0,Orange Money,F,56.0,Urbain,Actif
TX0004945,2023-05-30,Thiès,Retrait,51300.0,Orange Money,M,36.0,Rural,Actif
TX0004165,2022-08-01,Diourbel,Dépôt,159900.0,Wave,F,32.0,Periurbain,Inactif
TX0001861,2022-12-25,Saint-Louis,Paiement,531100.0,Free Money,M,26.0,Urbain,Inactif
TX0000640,2022-01-11,Dakar,Dépôt,59400.0,Wave,M,25.0,Urbain,Actif
TX0003121,2022-05-16,Ziguinchor,Dépôt,68900.0,Wave,M,63.0,Periurbain,Actif
TX0000637,2022-05-13,Thiès,Transfert,162400.0,Wizall,F,60.0,Periurbain,Actif
TX0003669,2022-09-03,Kaolack,Transfert,700.0,Orange Money,M,50.0,Periurbain,Actif
TX0003609,2023-06-15,Dakar,Retrait,597600.0,Wave,F,32.0,Periurbain,Actif
TX0004083,2023-02-13,Ziguinchor,Paiement,50800.0,Free Money,F,25.0,Urbain,Actif
TX0004161,2022-02-16,Ziguinchor,Retrait,6300.0,Free Money,M,29.0,Urbain,Actif
TX0002096,2022-11-12,SAINT-LOUIS,Paiement,160200.0,Orange Money,F,64.0,Periurbain,Suspendu
TX0002581,2023-05-02,KAOLACK,Retrait,157700.0,Wave,,58.0,Urbain,Actif
TX0003214,2022-05-06,Diourbel,Paiement,243100.0,Orange Money,M,41.0,Urbain,Actif
TX0003836,2023-05-26,Diourbel,Retrait,45600.0,Free Money,M,54.0,Urbain,Inactif
TX0004287,2022-11-12,Dakar,Transfert,144700.0,Orange Money,M,45.0,Urbain,Actif
TX0000921,2022-09-24,Thiès,Retrait,11800.0,Wave,F,61.0,Urbain,Actif
TX0000546,2022-03-04,Ziguinchor,Paiement,172400.0,Wave,M,61.0,Urbain,Actif
TX0003828,2023-04-05,Tambacounda,Retrait,174500.0,Wave,F,36.0,Periurbain,Actif
TX0001900,2022-10-31,Dakar,Transfert,10000.0,Orange Money,M,52.0,Urbain,Actif
TX0002028,2022-05-21,Tambacounda,Paiement,193100.0,Orange Money,F,29.0,Rural,Actif
TX0002301,2022-11-09,Diourbel,Dépôt,182500.0,Orange Money,F,24.0,Periurbain,Actif
TX0001885,2022-09-10,Ziguinchor,Recharge,62400.0,Wizall,M,40.0,Rural,Actif
TX0001642,2022-10-12,Dakar,Transfert,243000.0,Free Money,,47.0,Urbain,Actif
TX0003661,2022-10-02,Ziguinchor,Recharge,21600.0,Orange Money,M,21.0,Urbain,Actif
TX0004907,2022-04-23,Thiès,Transfert,133600.0,Orange Money,F,46.0,Periurbain,Actif
TX0002097,2022-12-14,Dakar,Paiement,159700.0,Free Money,,25.0,Urbain,Inactif
TX0004447,2023-03-14,Dakar,Retrait,13300.0,Orange Money,F,19.0,Urbain,Actif
TX0003717,2022-02-13,Saint-Louis,Dépôt,21900.0,Free Money,M,52.0,Periurbain,Inactif
TX0004587,2022-03-13,Saint-Louis,Transfert,35100.0,Wave,M,59.0,Urbain,Actif
TX0003759,2023-03-31,Dakar,Retrait,15700.0,Free Money,M,54.0,Periurbain,Actif
TX0000836,2023-05-16,Saint-Louis,Recharge,16100.0,Free Money,M,31.0,Urbain,Actif
TX0000601,2022-06-02,Ziguinchor,Transfert,29200.0,Orange Money,F,35.0,Urbain,Actif
TX0002184,2022-12-24,Kaolack,Retrait,244300.0,Orange Money,F,43.0,Rural,Actif
TX0004036,2023-06-19,Dakar,Retrait,66300.0,Orange Money,F,20.0,Urbain,Actif
TX0002583,2022-09-03,Ziguinchor,Dépôt,84100.0,Orange Money,M,43.0,Urbain,Suspendu
TX0004397,2022-02-12,Diourbel,Retrait,48800.0,Wave,M,45.0,Urbain,Actif
TX0001582,2022-11-22,Tambacounda,Dépôt,21400.0,Orange Money,F,62.0,Urbain,Actif
TX0004356,2022-05-01,Diourbel,Dépôt,47800.0,Free Money,M,22.0,Urbain,Actif
TX0002638,2023-06-05,Diourbel,Retrait,42400.0,Free Money,M,22.0,Rural,Actif
TX0002841,2023-02-17,Tambacounda,Retrait,43500.0,Wave,F,49.0,Periurbain,Inactif
TX0001070,2022-06-12,Tambacounda,Recharge,60500.0,Wave,M,50.0,Urbain,Actif
TX0001775,2022-06-22,Saint-Louis,Recharge,43700.0,Wizall,M,29.0,Urbain,Actif
TX0004906,2023-06-13,Diourbel,Transfert,32900.0,Wave,F,51.0,Urbain,Actif
TX0001283,2022-01-06,Thiès,Dépôt,16500.0,Free Money,M,64.0,Urbain,Actif
TX0003296,2022-12-21,Tambacounda,Recharge,19500.0,Orange Money,M,18.0,Rural,Actif
TX0004851,2022-07-28,Saint-Louis,Dépôt,43000.0,Wave,M,44.0,Periurbain,Suspendu
TX0001836,2022-03-12,Dakar,Retrait,62000.0,Wave,,54.0,Rural,Suspendu
TX0004604,2023-02-15,Dakar,Retrait,66000.0,Wave,F,29.0,Rural,Actif
TX0001019,2022-01-19,Ziguinchor,Transfert,17400.0,Orange Money,M,31.0,Rural,Actif
TX0003351,2022-08-21,Thiès,Transfert,18500.0,Orange Money,F,53.0,Periurbain,Actif
TX0001326,2022-04-10,Kaolack,Retrait,12100.0,Wizall,M,47.0,Periurbain,Actif
TX0000475,2023-06-28,Ziguinchor,Transfert,5800.0,Free Money,M,63.0,Periurbain,Actif
TX0003839,2023-01-10,Thiès,Retrait,202500.0,Orange Money,M,35.0,Periurbain,Actif
TX0001651,2022-06-15,Diourbel,Dépôt,94800.0,Free Money,F,23.0,Urbain,Actif
TX0004742,2022-01-20,THIÈS,Retrait,170400.0,Orange Money,F,26.0,Urbain,Actif
TX0004375,2022-09-22,Dakar,Dépôt,164200.0,Orange Money,M,22.0,Rural,Suspendu
TX0002721,2023-03-05,Kaolack,Retrait,2300.0,Orange Money,M,,Periurbain,Actif
TX0003326,2023-03-16,Tambacounda,Retrait,74600.0,Orange Money,M,28.0,Urbain,Actif
TX0002692,2022-01-06,Thiès,Paiement,24000.0,Wizall,M,40.0,Urbain,Actif
TX0001373,2022-09-27,Thiès,Recharge,43800.0,Free Money,M,,Rural,Inactif
TX0000739,2022-07-26,Thiès,Dépôt,30000.0,Orange Money,F,46.0,Periurbain,Actif
TX0003990,2022-02-15,Kaolack,Dépôt,48600.0,Orange Money,F,31.0,Urbain,Actif
TX0003814,2022-05-19,Saint-Louis,Dépôt,19000.0,Wave,M,19.0,Urbain,Actif
TX0000867,2022-04-10,Saint-Louis,Recharge,36200.0,Orange Money,M,41.0,Rural,Actif
TX0001140,2023-03-28,Thiès,Retrait,66300.0,Orange Money,,33.0,Urbain,Inactif
TX0000997,2022-03-16,Dakar,Retrait,11200.0,Wave,F,50.0,Urbain,Actif
TX0001337,2023-01-08,Thiès,Paiement,65800.0,Orange Money,M,24.0,Urbain,Actif
TX0000541,2022-11-28,Thiès,Transfert,116300.0,Wizall,M,24.0,Rural,Actif
TX0001099,2022-07-11,Ziguinchor,Recharge,7900.0,Wave,M,45.0,Periurbain,Actif
TX0001132,2022-02-14,Ziguinchor,Dépôt,76200.0,Wave,M,39.0,Urbain,Actif
TX0004950,2022-08-05,Dakar,Transfert,19500.0,Wave,M,23.0,Urbain,Actif
TX0003349,2022-05-13,Saint-Louis,Dépôt,27700.0,Wave,M,46.0,Rural,Actif
TX0002258,2022-06-23,Dakar,Paiement,30900.0,Wave,M,51.0,Periurbain,Actif
TX0004127,2023-06-02,Dakar,Transfert,38800.0,Orange Money,F,62.0,Urbain,Actif
TX0000059,2022-06-27,Tambacounda,Transfert,57700.0,Free Money,M,19.0,Urbain,Actif
TX0003011,2022-06-07,Tambacounda,Dépôt,26800.0,Free Money,M,21.0,Periurbain,Actif
TX0001938,2022-09-30,Dakar,Transfert,3300.0,Free Money,F,29.0,Periurbain,Actif
TX0002685,2022-01-11,Kaolack,Transfert,343400.0,Orange Money,M,45.0,Rural,Actif
TX0001064,2022-08-19,Diourbel,Recharge,210700.0,Free Money,M,52.0,Periurbain,Actif
TX0001078,2022-04-30,Dakar,Retrait,55900.0,Orange Money,M,51.0,Rural,Inactif
TX0003047,2022-07-09,Thiès,Dépôt,55900.0,Wave,F,53.0,Urbain,Actif
TX0003271,2022-01-06,Ziguinchor,Retrait,36700.0,Free Money,,22.0,Periurbain,Actif
TX0004346,2023-03-14,Ziguinchor,Retrait,28000.0,Free Money,M,33.0,Rural,Actif
TX0000940,2022-05-30,Tambacounda,Retrait,21500.0,Free Money,F,57.0,Periurbain,Actif
TX0001080,2023-03-07,Saint-Louis,Retrait,47900.0,Wave,M,27.0,Rural,Actif
TX0000187,2022-10-31,Saint-Louis,Dépôt,436900.0,Orange Money,M,55.0,Urbain,Actif
TX0002746,2022-11-13,Dakar,Dépôt,7300.0,Wave,M,58.0,Rural,Actif
TX0002085,2022-09-30,Diourbel,Retrait,9800.0,Free Money,F,31.0,Urbain,Actif
TX0002249,2022-03-04,Ziguinchor,Retrait,16500.0,Wave,M,36.0,Urbain,Inactif
TX0002718,2023-04-09,Saint-Louis,Paiement,162700.0,Orange Money,F,37.0,Periurbain,Actif
TX0004989,2023-02-26,Dakar,Transfert,74000.0,Orange Money,M,50.0,Periurbain,Actif
TX0002023,2022-01-29,Dakar,Paiement,69600.0,Orange Money,M,61.0,Urbain,Actif
TX0002846,2023-03-07,Ziguinchor,Paiement,16000.0,Wave,F,26.0,Urbain,Actif
TX0001492,2022-05-05,Saint-Louis,Paiement,136700.0,Wave,F,18.0,Periurbain,Actif
TX0003764,2022-09-27,Kaolack,Paiement,396700.0,Free Money,M,43.0,Periurbain,Actif
TX0000226,2023-06-17,Dakar,Dépôt,195600.0,Wave,F,23.0,Rural,Actif
TX0003450,2022-09-06,Diourbel,Recharge,12500.0,Orange Money,F,45.0,Urbain,Inactif
TX0001929,2022-02-05,Dakar,Dépôt,76900.0,Free Money,M,58.0,Periurbain,Suspendu
TX0003194,2022-07-13,Saint-Louis,Dépôt,27400.0,Wave,F,36.0,Periurbain,Actif
TX0004582,2023-03-04,Kaolack,Paiement,7400.0,Free Money,M,60.0,Rural,Actif
TX0001404,2022-12-30,THIÈS,Retrait,43100.0,Wave,F,43.0,Urbain,Inactif
TX0002179,2022-10-08,Kaolack,Retrait,71500.0,Orange Money,M,60.0,Rural,Actif
TX0000697,2022-11-14,Diourbel,Dépôt,2000.0,Wave,F,29.0,Rural,Actif
TX0001124,2022-12-25,Thiès,Dépôt,62200.0,Wave,F,28.0,Rural,Actif
TX0003566,2022-11-11,Diourbel,Paiement,22900.0,Free Money,F,59.0,Urbain,Actif
TX0003048,2022-08-06,Saint-Louis,Dépôt,121300.0,Orange Money,M,27.0,Urbain,Actif
TX0001778,2022-05-20,Ziguinchor,Dépôt,35600.0,Free Money,F,21.0,Rural,Actif
TX0003845,2022-12-26,Ziguinchor,Dépôt,27900.0,Free Money,F,40.0,Urbain,Actif
TX0001037,2023-02-01,Tambacounda,Dépôt,4200.0,Wave,F,55.0,Urbain,Actif
TX0004702,2022-12-29,Diourbel,Retrait,81000.0,Orange Money,F,44.0,Urbain,Actif
TX0002256,2022-10-11,Ziguinchor,Paiement,41800.0,Orange Money,M,22.0,Rural,Actif
TX0000313,2023-06-11,Saint-Louis,Recharge,207400.0,Orange Money,F,,Rural,Inactif
TX0002281,2022-07-17,Tambacounda,Transfert,571400.0,Orange Money,M,20.0,Periurbain,Actif
TX0001416,2022-01-22,Dakar,Dépôt,6800.0,Wave,M,31.0,Rural,Actif
TX0001036,2022-07-05,Diourbel,Retrait,95600.0,Wave,M,37.0,Urbain,Actif
TX0002159,2023-02-14,Saint-Louis,Transfert,79000.0,Orange Money,,23.0,Rural,Actif
TX0004719,2023-05-19,Dakar,Paiement,11200.0,Free Money,M,33.0,Rural,Actif
TX0001754,2023-06-18,Kaolack,Recharge,37100.0,Wave,,44.0,Urbain,Suspendu
TX0003256,2023-01-14,Tambacounda,Dépôt,504100.0,Wave,M,31.0,Periurbain,Actif
TX0004479,2022-11-11,Saint-Louis,Transfert,185800.0,Wave,M,64.0,Rural,Actif
TX0002812,2022-12-31,Kaolack,Paiement,5800.0,Wave,M,23.0,Rural,Actif
TX0003353,2022-10-05,Thiès,Dépôt,36200.0,Orange Money,F,43.0,Periurbain,Actif
TX0003493,2023-04-28,Ziguinchor,Retrait,85200.0,Free Money,M,26.0,Rural,Actif
TX0003580,2022-09-22,Tambacounda,Retrait,74000.0,Wizall,M,56.0,Urbain,Actif
TX0001506,2022-11-14,Kaolack,Paiement,87900.0,Orange Money,M,28.0,Urbain,Actif
TX0001923,2022-07-14,Ziguinchor,Retrait,29200.0,Free Money,M,24.0,Rural,Actif
TX0000448,2022-07-25,Kaolack,Transfert,111100.0,Wave,F,40.0,Urbain,Actif
TX0003168,2023-02-23,Kaolack,Transfert,18500.0,Wave,M,55.0,Rural,Actif
TX0002980,2022-08-28,Kaolack,Retrait,100600.0,Wave,M,37.0,Rural,Actif
TX0002878,2022-11-20,Ziguinchor,Dépôt,653700.0,Free Money,M,42.0,Urbain,Actif
TX0004670,2022-07-18,Tambacounda,Dépôt,77800.0,Orange Money,M,18.0,Periurbain,Actif
TX0000361,2022-12-18,Saint-Louis,Paiement,139300.0,Wave,F,27.0,Periurbain,Actif
TX0002183,2022-06-16,Kaolack,Recharge,23500.0,Orange Money,M,47.0,Urbain,Actif
TX0001134,2023-01-09,Saint-Louis,Retrait,62900.0,Wizall,M,25.0,Periurbain,Actif
TX0004051,2023-01-12,Tambacounda,Retrait,178000.0,Orange Money,F,40.0,Urbain,Actif
TX0002155,2022-05-12,Ziguinchor,Paiement,66500.0,Orange Money,F,49.0,Periurbain,Actif
TX0001830,2023-06-21,Kaolack,Transfert,138300.0,Orange Money,M,,Urbain,Actif
TX0001053,2023-03-13,Saint-Louis,Dépôt,56500.0,Wave,M,32.0,Urbain,Actif
TX0002460,2023-06-28,Dakar,Dépôt,38600.0,Wave,F,57.0,Periurbain,Actif
TX0000022,2022-06-09,Dakar,Dépôt,28900.0,Wave,M,55.0,Periurbain,Actif
TX0002066,2022-04-21,Thiès,Paiement,235200.0,Orange Money,M,38.0,Urbain,Actif
TX0001653,2022-07-16,Tambacounda,Paiement,7400.0,Wizall,F,41.0,Rural,Suspendu
TX0002696,2023-01-06,Kaolack,Transfert,37200.0,Wave,F,30.0,Urbain,Actif
TX0004292,2022-11-06,Saint-Louis,Retrait,212600.0,Orange Money,M,64.0,Rural,Actif
TX0003499,2023-02-08,Ziguinchor,Paiement,1707700.0,Free Money,M,27.0,Periurbain,Actif
TX0004152,2023-01-25,Thiès,Transfert,63000.0,Orange Money,F,22.0,Periurbain,Suspendu
TX0002468,2022-09-18,Saint-Louis,Recharge,101500.0,Wave,F,64.0,Urbain,Actif
TX0002325,2023-06-07,DIOURBEL,Dépôt,191500.0,Orange Money,M,37.0,Periurbain,Actif
TX0000460,2022-03-06,Diourbel,Transfert,20800.0,Wave,,54.0,Periurbain,Inactif
TX0001067,2022-03-02,Diourbel,Paiement,50500.0,Orange Money,F,45.0,Periurbain,Actif
TX0000087,2022-12-15,Thiès,Dépôt,156800.0,Wave,,26.0,Urbain,Actif
TX0001430,2022-09-06,Ziguinchor,Dépôt,16100.0,Wizall,F,22.0,Rural,Actif
TX0002759,2022-02-04,Thiès,Dépôt,50200.0,Orange Money,M,47.0,Periurbain,Actif
TX0000282,2022-07-25,Dakar,Retrait,11500.0,Wave,M,20.0,Periurbain,Actif
TX0002483,2022-03-23,Thiès,Dépôt,110400.0,Wave,M,39.0,Periurbain,Actif
TX0000462,2023-02-13,Kaolack,Retrait,51500.0,Orange Money,M,63.0,Urbain,Inactif
TX0000212,2022-12-23,Diourbel,Transfert,196500.0,Orange Money,M,30.0,Urbain,Suspendu
TX0002678,2022-03-02,Thiès,Dépôt,3400.0,Orange Money,M,46.0,Periurbain,Actif
TX0001368,2022-04-09,Dakar,Transfert,43200.0,Orange Money,M,22.0,Urbain,Actif
TX0000234,2022-04-17,Tambacounda,Dépôt,59200.0,Free Money,M,28.0,Urbain,Actif
TX0002890,2022-07-01,Dakar,Dépôt,15000.0,Orange Money,M,51.0,Rural,Actif
TX0000597,2022-04-05,Ziguinchor,Dépôt,150200.0,Wizall,F,37.0,Urbain,Inactif
TX0004511,2022-09-15,Ziguinchor,Recharge,28300.0,Free Money,F,47.0,Urbain,Suspendu
TX0002250,2022-02-21,Dakar,Retrait,26700.0,Orange Money,M,40.0,Urbain,Inactif
TX0004150,2022-03-06,Saint-Louis,Dépôt,52900.0,Orange Money,M,20.0,Periurbain,Actif
TX0002283,2022-01-25,Ziguinchor,Recharge,40400.0,Orange Money,F,57.0,Periurbain,Actif
TX0000662,2022-11-28,Dakar,Transfert,16100.0,Orange Money,F,48.0,Periurbain,Actif
TX0003263,2022-01-10,Saint-Louis,Paiement,72300.0,Wave,M,50.0,Rural,Actif
TX0002285,2022-06-01,Diourbel,Dépôt,96100.0,Wave,F,28.0,Periurbain,Actif
TX0004813,2022-10-07,Ziguinchor,Transfert,274600.0,Orange Money,,57.0,Urbain,Actif
TX0003338,2022-11-23,Thiès,Recharge,23600.0,Orange Money,F,63.0,Rural,Actif
TX0002605,2022-10-07,Dakar,Retrait,22400.0,Free Money,F,33.0,Urbain,Suspendu
TX0004940,2022-07-06,Diourbel,Paiement,194300.0,Wave,F,30.0,Rural,Inactif
TX0000779,2022-12-17,Diourbel,Retrait,111500.0,Free Money,F,52.0,Rural,Actif
TX0003838,2023-05-26,Thiès,Transfert,37700.0,Orange Money,F,63.0,Urbain,Actif
TX0003525,2022-03-22,Thiès,Transfert,38500.0,Wave,M,22.0,Periurbain,Actif
TX0003575,2022-07-23,Tambacounda,Transfert,44500.0,Orange Money,M,41.0,Urbain,Inactif
TX0003433,2022-08-30,Diourbel,Transfert,638500.0,Orange Money,M,47.0,Rural,Inactif
TX0003524,2022-04-02,Ziguinchor,Recharge,40600.0,Orange Money,M,,Periurbain,Inactif
TX0004933,2022-09-01,Thiès,Recharge,40100.0,Wave,F,27.0,Periurbain,Actif
TX0000685,2022-11-01,Saint-Louis,Retrait,24800.0,Wave,F,63.0,Urbain,Actif
TX0003783,2023-03-29,Tambacounda,Retrait,10700.0,Orange Money,F,55.0,Urbain,Actif
TX0002867,2023-02-20,Saint-Louis,Transfert,12500.0,Orange Money,M,40.0,Urbain,Actif
TX0004539,2022-02-18,Diourbel,Dépôt,57600.0,Wizall,,53.0,Rural,Actif
TX0002171,2022-02-08,Kaolack,Retrait,21000.0,Wave,F,60.0,Urbain,Actif
TX0004122,2023-01-17,Saint-Louis,Recharge,20800.0,Free Money,M,36.0,Urbain,Actif
TX0001850,2022-06-06,Saint-Louis,Transfert,85600.0,Orange Money,F,,Periurbain,Suspendu
TX0000487,2022-06-03,Saint-Louis,Retrait,33500.0,Free Money,M,18.0,Urbain,Actif
TX0001688,2022-11-28,TAMBACOUNDA,Retrait,24600.0,Free Money,F,31.0,Urbain,Actif
TX0002230,2023-02-11,Saint-Louis,Retrait,37900.0,Wizall,M,22.0,Periurbain,Actif
TX0003410,2022-08-13,Tambacounda,Paiement,32700.0,Orange Money,M,32.0,Rural,Actif
TX0002320,2023-05-12,THIÈS,Retrait,49500.0,Orange Money,M,50.0,Periurbain,Actif
TX0000782,2022-05-18,Diourbel,Paiement,54300.0,Free Money,M,18.0,Periurbain,Actif
TX0000521,2022-07-28,Diourbel,Paiement,241700.0,Wizall,F,40.0,Urbain,Actif
TX0000522,2023-06-15,Dakar,Transfert,29900.0,Orange Money,F,19.0,Urbain,Actif
TX0003680,2023-02-15,Diourbel,Paiement,22800.0,Orange Money,F,64.0,Urbain,Actif
TX0004111,2022-10-01,Diourbel,Dépôt,33300.0,Orange Money,M,27.0,Urbain,Inactif
TX0002398,2022-12-20,Diourbel,Transfert,19700.0,Free Money,M,52.0,Urbain,Actif
TX0002207,2023-04-15,Dakar,Retrait,81600.0,Free Money,M,30.0,Urbain,Suspendu
TX0003996,2022-07-02,Dakar,Transfert,360200.0,Wave,M,42.0,Urbain,Actif
TX0003706,2023-02-09,Thiès,Dépôt,18100.0,Wave,F,35.0,Urbain,Actif
TX0004419,2022-04-07,Kaolack,Dépôt,81500.0,Orange Money,F,40.0,Periurbain,Actif
TX0002945,2022-02-26,Thiès,Dépôt,522700.0,Orange Money,F,32.0,Urbain,Actif
TX0001511,2023-01-28,Tambacounda,Recharge,15800.0,Wizall,M,40.0,Urbain,Actif
TX0001882,2022-12-15,Dakar,Transfert,29300.0,Free Money,F,23.0,Periurbain,Actif
TX0000651,2022-10-21,Dakar,Paiement,4400.0,Wave,M,21.0,Periurbain,Actif
TX0002908,2022-06-16,Dakar,Dépôt,15600.0,Orange Money,M,48.0,Urbain,Actif
TX0003230,2022-10-12,Thiès,Transfert,48900.0,Wizall,F,64.0,Rural,Actif
TX0000369,2022-02-07,Kaolack,Dépôt,7400.0,Wave,F,29.0,Periurbain,Actif
TX0002751,2023-01-04,Thiès,Paiement,104800.0,Wizall,F,32.0,Rural,Actif
TX0000118,2023-05-04,DIOURBEL,Dépôt,147200.0,Wizall,M,45.0,Rural,Actif
TX0003467,2023-01-01,Thiès,Dépôt,246700.0,Orange Money,F,63.0,Urbain,Inactif
TX0003172,2022-03-29,Thiès,Transfert,214000.0,Free Money,F,63.0,Urbain,Actif
TX0002216,2023-03-30,Saint-Louis,Transfert,66900.0,Wave,M,25.0,Rural,Inactif
TX0004101,2022-08-22,Thiès,Dépôt,186300.0,Wave,M,61.0,Rural,Suspendu
TX0001613,2022-06-27,Kaolack,Retrait,10500.0,Orange Money,M,52.0,Urbain,Actif
TX0003852,2022-12-02,Ziguinchor,Transfert,65400.0,Orange Money,F,,Urbain,Actif
TX0000962,2022-05-15,Tambacounda,Transfert,129800.0,Wizall,F,44.0,Periurbain,Actif
TX0002510,2022-02-04,Tambacounda,Transfert,16000.0,Wave,M,53.0,Periurbain,Actif
TX0004154,2022-05-20,Thiès,Dépôt,239000.0,Free Money,M,45.0,Urbain,Actif
TX0003466,2022-09-06,Diourbel,Paiement,6300.0,Wizall,M,24.0,Rural,Inactif
TX0003595,2022-12-19,Diourbel,Dépôt,4700.0,Orange Money,F,52.0,Periurbain,Actif
TX0003169,2022-08-13,Tambacounda,Transfert,72800.0,Orange Money,M,31.0,Periurbain,Actif
TX0002415,2023-06-12,Tambacounda,Paiement,9400.0,Free Money,F,56.0,Urbain,Actif
TX0004750,2022-07-06,Thiès,Transfert,113100.0,Free Money,M,63.0,Urbain,Actif
TX0004453,2023-03-16,Kaolack,Paiement,175400.0,Wave,M,32.0,Rural,Inactif
TX0002185,2023-05-29,Diourbel,Dépôt,361400.0,Orange Money,M,47.0,Periurbain,Inactif
TX0002944,2023-02-20,Kaolack,Dépôt,10200.0,Wave,F,20.0,Periurbain,Actif
TX0002567,2022-06-03,Tambacounda,Retrait,330900.0,Orange Money,F,34.0,Periurbain,Actif
TX0002037,2022-03-24,Tambacounda,Transfert,107300.0,Orange Money,,21.0,Urbain,Actif
TX0004351,2022-11-24,Thiès,Paiement,829400.0,Wave,F,37.0,Urbain,Actif
TX0000772,2022-03-11,Saint-Louis,Paiement,66000.0,Orange Money,F,54.0,Urbain,Actif
TX0001284,2022-06-28,Kaolack,Dépôt,35800.0,Wave,M,47.0,Rural,Actif
TX0004697,2022-10-05,Kaolack,Transfert,28600.0,Wave,M,36.0,Periurbain,Actif
TX0004834,2022-10-27,Dakar,Retrait,39700.0,Orange Money,F,23.0,Urbain,Actif
TX0002587,2023-01-09,Dakar,Retrait,22900.0,Wave,F,,Urbain,Actif
TX0004669,2023-01-17,Kaolack,Dépôt,120300.0,Wizall,F,34.0,Periurbain,Actif
TX0001414,2022-10-18,Saint-Louis,Retrait,8400.0,Free Money,M,22.0,Periurbain,Actif
TX0001234,2022-12-23,Tambacounda,Paiement,12600.0,Orange Money,M,33.0,Rural,Actif
TX0002813,2022-03-30,Ziguinchor,Retrait,3400.0,Free Money,,37.0,Periurbain,Actif
TX0000435,2023-01-19,Thiès,Recharge,694200.0,Wave,,28.0,Rural,Actif
TX0001674,2023-03-09,Dakar,Dépôt,48900.0,Orange Money,F,39.0,Rural,Actif
TX0000365,2022-07-31,Dakar,Transfert,144100.0,Orange Money,M,49.0,Urbain,Actif
TX0004852,2023-03-01,Ziguinchor,Recharge,14900.0,Orange Money,M,34.0,Rural,Actif
TX0000231,2022-10-02,Saint-Louis,Dépôt,18800.0,Wave,M,19.0,Rural,Actif
TX0004357,2022-12-09,Tambacounda,Dépôt,206700.0,Wizall,M,38.0,Rural,Actif
TX0000147,2022-10-02,Kaolack,Retrait,37600.0,Free Money,M,58.0,Rural,Actif
TX0004489,2022-11-05,Ziguinchor,Retrait,54500.0,Wave,M,59.0,Urbain,Suspendu
TX0000407,2022-01-06,Tambacounda,Dépôt,30500.0,Free Money,F,61.0,Urbain,Inactif
TX0002090,2023-03-01,Saint-Louis,Transfert,109400.0,Wave,F,46.0,Periurbain,Actif
TX0000086,2023-02-04,Diourbel,Paiement,407700.0,Wave,F,55.0,Urbain,Actif
TX0000844,2022-03-23,Kaolack,Paiement,143900.0,Orange Money,F,33.0,Urbain,Actif
TX0001031,2022-11-23,Kaolack,Dépôt,4900.0,Wave,,51.0,Urbain,Inactif
TX0002743,2022-03-19,Dakar,Dépôt,71100.0,Wave,F,25.0,Periurbain,Actif
TX0003347,2022-04-21,Dakar,Retrait,58800.0,Orange Money,M,30.0,Urbain,Actif
TX0004690,2022-07-21,Dakar,Recharge,369000.0,Orange Money,M,55.0,Rural,Actif
TX0003375,2023-03-02,Dakar,Dépôt,266200.0,Free Money,F,32.0,Rural,Actif
TX0002628,2022-09-28,Saint-Louis,Transfert,51000.0,Orange Money,F,41.0,Urbain,Actif
TX0002770,2022-02-11,Thiès,Recharge,334800.0,Orange Money,F,57.0,Rural,Actif
TX0000855,2022-04-15,Dakar,Transfert,5800.0,Orange Money,M,59.0,Urbain,Actif
TX0000078,2022-07-16,Diourbel,Paiement,809300.0,Free Money,M,27.0,Rural,Actif
TX0002247,2023-03-31,Diourbel,Transfert,277700.0,Orange Money,M,56.0,Urbain,Actif
TX0004663,2023-03-30,Saint-Louis,Dépôt,234500.0,Orange Money,F,53.0,Urbain,Actif
TX0004439,2022-05-12,Thiès,Transfert,86500.0,Orange Money,F,21.0,Urbain,Actif
TX0003757,2022-07-07,Kaolack,Dépôt,166200.0,Orange Money,M,59.0,Periurbain,Actif
TX0003038,2022-02-06,Tambacounda,Retrait,12400.0,Orange Money,M,56.0,Urbain,Actif
TX0002279,2022-02-08,Ziguinchor,Transfert,57600.0,Orange Money,M,34.0,Periurbain,Actif
TX0002707,2022-05-26,Tambacounda,Recharge,76200.0,Free Money,M,43.0,Periurbain,Actif
TX0004245,2023-05-27,Thiès,Dépôt,127900.0,Wave,M,57.0,Urbain,Actif
TX0004041,2022-06-08,Ziguinchor,Dépôt,577900.0,Orange Money,F,51.0,Urbain,Actif
TX0004072,2022-11-22,Saint-Louis,Paiement,38100.0,Free Money,M,31.0,Urbain,Suspendu
TX0002176,2022-06-02,Thiès,Dépôt,116100.0,Wave,F,28.0,Rural,Actif
TX0000424,2022-02-01,Dakar,Dépôt,31900.0,Wave,M,50.0,Periurbain,Actif
TX0000392,2022-07-23,Tambacounda,Dépôt,105600.0,Orange Money,F,43.0,Urbain,Actif
TX0004823,2022-08-04,Saint-Louis,Paiement,34700.0,Free Money,M,24.0,Rural,Actif
TX0003740,2023-05-10,Diourbel,Dépôt,46300.0,Wave,,42.0,Urbain,Actif
TX0000104,2023-05-12,Thiès,Retrait,138800.0,Wave,F,30.0,Rural,Actif
TX0002672,2023-01-26,Thiès,Dépôt,150400.0,Free Money,F,39.0,Rural,Actif
TX0003105,2022-08-26,TAMBACOUNDA,Recharge,53600.0,Wave,F,19.0,Rural,Actif
TX0002680,2022-05-27,Tambacounda,Transfert,92800.0,Free Money,M,28.0,Periurbain,Suspendu
TX0004785,2022-07-26,Dakar,Dépôt,177800.0,Free Money,M,50.0,Urbain,Inactif
TX0002932,2022-02-12,Diourbel,Transfert,11900.0,Orange Money,F,29.0,Urbain,Actif
TX0001948,2022-06-29,Thiès,Paiement,45600.0,Free Money,F,40.0,Urbain,Inactif
TX0001459,2022-12-27,Thiès,Dépôt,37200.0,Wave,F,,Urbain,Actif
TX0003403,2022-06-28,Tambacounda,Retrait,17700.0,Wizall,F,27.0,Urbain,Actif
TX0003958,2022-01-28,Kaolack,Paiement,10000.0,Orange Money,F,55.0,Urbain,Actif
TX0002820,2023-05-22,Saint-Louis,Dépôt,85500.0,Orange Money,F,23.0,Periurbain,Actif
TX0003366,2022-06-27,Saint-Louis,Dépôt,17000.0,Wave,F,63.0,Urbain,Actif
TX0001587,2022-08-10,Diourbel,Transfert,52500.0,Orange Money,M,,Urbain,Actif
TX0003821,2022-07-18,Ziguinchor,Transfert,124100.0,Free Money,F,55.0,Periurbain,Actif
TX0001731,2022-12-08,Tambacounda,Retrait,1774800.0,Orange Money,M,62.0,Urbain,Actif
TX0004862,2022-02-07,Ziguinchor,Retrait,96800.0,Orange Money,M,19.0,Periurbain,Actif
TX0003875,2022-08-18,Thiès,Recharge,20400.0,Free Money,M,25.0,Urbain,Actif
TX0002061,2022-10-08,Thiès,Paiement,31000.0,Free Money,F,55.0,Urbain,Actif
TX0001791,2023-02-08,Tambacounda,Dépôt,47600.0,Wizall,F,64.0,Urbain,Actif
TX0002355,2022-03-07,Tambacounda,Recharge,15400.0,Wave,,34.0,Urbain,Actif
TX0001940,2022-02-02,Kaolack,Transfert,134200.0,Orange Money,F,24.0,Periurbain,Actif
TX0000702,2022-07-04,Dakar,Dépôt,128600.0,Orange Money,M,39.0,Periurbain,Inactif
TX0002442,2023-02-21,Tambacounda,Retrait,101500.0,Orange Money,F,52.0,Periurbain,Actif
TX0002937,2022-11-16,Ziguinchor,Retrait,8500.0,Free Money,F,42.0,Urbain,Actif
TX0000496,2022-11-16,Diourbel,Paiement,39800.0,Orange Money,F,64.0,Periurbain,Actif
TX0000464,2023-06-11,Thiès,Paiement,52100.0,Orange Money,F,56.0,Urbain,Actif
TX0002801,2023-05-12,Diourbel,Retrait,10000.0,Orange Money,F,43.0,Rural,Actif
TX0004423,2023-02-03,Tambacounda,Dépôt,91300.0,Wave,F,39.0,Rural,Actif
TX0000172,2022-10-08,Kaolack,Transfert,423200.0,Wave,M,62.0,Periurbain,Actif
TX0003816,2022-07-16,Tambacounda,Dépôt,11100.0,Orange Money,M,,Rural,Actif
TX0004894,2022-07-31,Ziguinchor,Retrait,31100.0,Free Money,F,44.0,Rural,Actif
TX0002540,2022-12-27,Dakar,Transfert,20700.0,Orange Money,F,64.0,Rural,Actif
TX0003408,2022-05-13,Tambacounda,Dépôt,20000.0,Orange Money,M,44.0,Urbain,Actif
TX0004650,2022-01-30,Kaolack,Retrait,611100.0,Orange Money,,28.0,Periurbain,Actif
TX0002260,2023-02-28,Dakar,Retrait,936900.0,Free Money,M,35.0,Urbain,Actif
TX0002112,2022-04-11,Diourbel,Transfert,90200.0,Free Money,M,47.0,Rural,Actif
TX0000900,2022-04-24,Diourbel,Transfert,136300.0,Orange Money,F,27.0,Periurbain,Actif
TX0001446,2023-01-14,Dakar,Retrait,12100.0,Wave,M,21.0,Urbain,Actif
TX0003729,2022-11-22,Kaolack,Transfert,5300.0,Wave,M,21.0,Urbain,Actif
TX0002697,2022-06-20,Tambacounda,Dépôt,57000.0,Orange Money,M,41.0,Urbain,Actif
TX0003279,2023-03-09,Saint-Louis,Retrait,3900.0,Free Money,F,18.0,Rural,Actif
TX0000741,2022-06-14,Kaolack,Retrait,25900.0,Orange Money,M,34.0,Periurbain,Actif
TX0002293,2022-10-10,Diourbel,Paiement,191600.0,Orange Money,M,19.0,Periurbain,Actif
TX0002452,2022-11-02,Saint-Louis,Transfert,20300.0,Orange Money,M,46.0,Urbain,Actif
TX0002964,2023-04-14,Thiès,Dépôt,14800.0,Wave,F,58.0,Urbain,Actif
TX0004625,2023-01-09,Dakar,Dépôt,112800.0,Free Money,M,55.0,Rural,Actif
TX0001206,2023-01-09,Tambacounda,Dépôt,146700.0,Wave,M,34.0,Urbain,Actif
TX0000509,2023-02-01,Saint-Louis,Transfert,33000.0,Free Money,M,55.0,Periurbain,Actif
TX0004240,2023-01-05,Ziguinchor,Paiement,59700.0,Orange Money,F,23.0,Periurbain,Actif
TX0002732,2022-02-01,Kaolack,Dépôt,184100.0,Wizall,F,27.0,Rural,Actif
TX0002925,2023-05-09,Tambacounda,Retrait,22800.0,Free Money,F,31.0,Urbain,Actif
TX0003460,2022-05-31,Saint-Louis,Retrait,52500.0,Wave,F,18.0,Rural,Actif
TX0001549,2022-12-13,Saint-Louis,Dépôt,204000.0,Orange Money,M,23.0,Urbain,Actif
TX0003413,2022-07-17,Tambacounda,Paiement,168900.0,Wave,F,60.0,Urbain,Actif
TX0002202,2022-08-20,Dakar,Retrait,121600.0,Wizall,F,57.0,Periurbain,Actif
TX0002566,2022-05-08,Diourbel,Paiement,13800.0,Wave,M,24.0,Urbain,Actif
TX0003158,2023-03-28,Diourbel,Dépôt,46000.0,Orange Money,F,46.0,Periurbain,Actif
TX0002044,2023-04-16,Thiès,Dépôt,23000.0,Orange Money,M,56.0,Urbain,Actif
TX0000767,2023-04-25,Dakar,Dépôt,57200.0,Wave,,42.0,Rural,Actif
TX0004971,2023-05-07,Kaolack,Dépôt,84000.0,Orange Money,M,60.0,Urbain,Inactif
TX0003901,2022-07-27,Thiès,Recharge,37300.0,Free Money,M,54.0,Periurbain,Actif
TX0000421,2023-03-08,Ziguinchor,Transfert,251300.0,Wave,M,31.0,Rural,Actif
TX0000123,2022-03-02,Kaolack,Dépôt,28000.0,Orange Money,F,19.0,Rural,Actif
TX0004248,2022-11-16,Tambacounda,Transfert,123600.0,Free Money,F,45.0,Urbain,Actif
TX0004200,2023-04-10,Ziguinchor,Dépôt,10600.0,Wave,M,43.0,Periurbain,Actif
TX0000819,2022-07-03,Tambacounda,Retrait,133600.0,Orange Money,M,23.0,Rural,Actif
TX0001403,2023-02-07,Saint-Louis,Dépôt,446800.0,Orange Money,F,51.0,Urbain,Actif
TX0001382,2023-06-15,Kaolack,Paiement,76000.0,Orange Money,M,22.0,Periurbain,Actif
TX0002148,2022-09-28,Ziguinchor,Paiement,146400.0,Orange Money,M,20.0,Periurbain,Actif
TX0001575,2022-02-22,Kaolack,Retrait,127000.0,Orange Money,M,24.0,Rural,Actif
TX0001638,2023-06-27,Tambacounda,Transfert,585600.0,Orange Money,M,34.0,Urbain,Actif
TX0001795,2022-02-16,DAKAR,Retrait,325900.0,Free Money,M,38.0,Urbain,Actif
TX0004913,2022-04-17,Tambacounda,Retrait,27000.0,Orange Money,F,27.0,Periurbain,Actif
TX0000399,2023-02-17,Thiès,Paiement,75400.0,Free Money,M,,Urbain,Actif
TX0002310,2022-10-05,Saint-Louis,Retrait,1419000.0,Wave,M,38.0,Periurbain,Inactif
TX0000882,2022-01-11,Dakar,Dépôt,55500.0,Wave,F,49.0,Urbain,Actif
TX0003270,2022-05-19,Saint-Louis,Retrait,12700.0,Orange Money,F,43.0,Periurbain,Actif
TX0003026,2023-06-01,Ziguinchor,Paiement,55800.0,Wave,F,19.0,Rural,Inactif
TX0001352,2022-08-28,Thiès,Paiement,292800.0,Orange Money,F,47.0,Urbain,Actif
TX0004095,2022-09-12,Saint-Louis,Recharge,11100.0,Free Money,F,55.0,Urbain,Actif
TX0004643,2022-03-14,Kaolack,Retrait,116800.0,Free Money,M,41.0,Rural,Actif
TX0002130,2022-03-30,Tambacounda,Dépôt,74800.0,Free Money,F,58.0,Rural,Actif
TX0000982,2022-02-28,Thiès,Retrait,102400.0,Orange Money,F,55.0,Urbain,Actif
TX0000456,2022-01-07,Saint-Louis,Transfert,218800.0,Wave,F,50.0,Periurbain,Actif
TX0003683,2022-05-10,Dakar,Retrait,164900.0,Orange Money,M,38.0,Periurbain,Actif
TX0001079,2023-06-04,Tambacounda,Transfert,24800.0,Orange Money,,40.0,Rural,Inactif
TX0001950,2022-02-18,Kaolack,Recharge,11200.0,Orange Money,M,40.0,Periurbain,Actif
TX0004404,2023-06-26,Tambacounda,Transfert,38100.0,Orange Money,M,34.0,Urbain,Actif
TX0000689,2022-04-13,Tambacounda,Retrait,31300.0,Wave,F,,Periurbain,Actif
TX0002429,2023-05-01,Thiès,Dépôt,47800.0,Wave,M,56.0,Periurbain,Actif
TX0000641,2022-06-26,Diourbel,Recharge,153400.0,Orange Money,F,25.0,Urbain,Inactif
TX0002392,2022-08-24,Diourbel,Dépôt,52200.0,Orange Money,M,21.0,Periurbain,Suspendu
TX0001953,2023-02-07,Saint-Louis,Transfert,200400.0,Orange Money,F,36.0,Periurbain,Actif
TX0004006,2022-07-17,Thiès,Dépôt,193100.0,Free Money,M,60.0,Urbain,Actif
TX0002886,2022-10-05,Thiès,Transfert,48700.0,Orange Money,F,23.0,Rural,Actif
TX0003585,2022-06-29,Thiès,Transfert,36900.0,Wizall,F,39.0,Urbain,Actif
TX0002710,2023-02-27,Diourbel,Transfert,24400.0,Wave,M,32.0,Periurbain,Actif
TX0003484,2022-11-16,Dakar,Dépôt,40500.0,Orange Money,M,47.0,Periurbain,Actif
TX0004864,2022-06-21,Kaolack,Transfert,21200.0,Wizall,F,46.0,Periurbain,Actif
TX0004970,2022-09-17,DAKAR,Retrait,45800.0,Free Money,F,21.0,Periurbain,Actif
TX0001884,2022-03-29,Thiès,Dépôt,52500.0,Wave,M,33.0,Urbain,Actif
TX0003614,2022-07-20,Saint-Louis,Paiement,289700.0,Wave,F,24.0,Periurbain,Suspendu
TX0000389,2023-03-18,Thiès,Paiement,15000.0,Free Money,F,63.0,Urbain,Actif
TX0002494,2022-10-07,Diourbel,Retrait,11900.0,Wizall,M,52.0,Urbain,Actif
TX0004760,2022-09-22,Diourbel,Retrait,10600.0,Free Money,M,54.0,Urbain,Actif
TX0003908,2022-11-10,Dakar,Dépôt,661900.0,Orange Money,M,27.0,Rural,Actif
TX0000845,2022-08-15,Dakar,Transfert,27400.0,Orange Money,M,44.0,Urbain,Inactif
TX0000542,2022-05-06,TAMBACOUNDA,Recharge,57500.0,Free Money,F,56.0,Periurbain,Actif
TX0000091,2023-01-26,Ziguinchor,Transfert,2000.0,Wave,M,59.0,Periurbain,Actif
TX0004062,2023-02-23,Tambacounda,Dépôt,277500.0,Wizall,F,40.0,Urbain,Actif
TX0001979,2023-04-06,Tambacounda,Dépôt,72700.0,Orange Money,M,55.0,Rural,Suspendu
TX0004203,2023-06-12,Dakar,Recharge,58100.0,Free Money,M,26.0,Urbain,Inactif
TX0004174,2023-04-23,Saint-Louis,Retrait,17700.0,Orange Money,,55.0,Urbain,Actif
TX0004443,2022-08-07,Kaolack,Transfert,10400.0,Orange Money,M,,Periurbain,Actif
TX0002529,2023-06-30,Ziguinchor,Retrait,41000.0,Orange Money,M,45.0,Periurbain,Actif
TX0001676,2022-02-14,Diourbel,Retrait,95600.0,Free Money,,38.0,Urbain,Inactif
TX0001048,2023-04-21,Thiès,Transfert,4800.0,Orange Money,F,48.0,Periurbain,Actif
TX0001960,2022-03-06,Tambacounda,Recharge,49900.0,Orange Money,M,31.0,Urbain,Actif
TX0002530,2023-01-06,Kaolack,Retrait,69900.0,Wave,,18.0,Periurbain,Actif
TX0003932,2022-12-07,Saint-Louis,Paiement,1774600.0,Orange Money,M,23.0,Urbain,Inactif
TX0000237,2022-01-14,Ziguinchor,Retrait,39700.0,Orange Money,F,52.0,Urbain,Actif
TX0002197,2023-04-18,Ziguinchor,Dépôt,188500.0,Orange Money,F,58.0,Rural,Actif
TX0003914,2023-06-13,TAMBACOUNDA,Retrait,14100.0,Wave,M,57.0,Urbain,Actif
TX0001133,2022-05-01,Kaolack,Retrait,67600.0,Wave,M,28.0,Urbain,Actif
TX0001805,2023-02-28,Kaolack,Dépôt,76300.0,Wave,F,52.0,Periurbain,Actif
TX0004228,2022-09-13,Dakar,Transfert,31200.0,Orange Money,M,38.0,Periurbain,Actif
TX0000163,2022-10-21,Diourbel,Paiement,80200.0,Free Money,M,52.0,Urbain,Actif
TX0004406,2023-06-04,Tambacounda,Transfert,120700.0,Orange Money,F,34.0,Periurbain,Suspendu
TX0004806,2022-02-12,TAMBACOUNDA,Transfert,5700.0,Orange Money,M,25.0,Periurbain,Actif
TX0003491,2022-11-28,Diourbel,Dépôt,19700.0,Wave,F,,Urbain,Actif
TX0003603,2022-06-02,Tambacounda,Paiement,105300.0,Orange Money,F,23.0,Urbain,Actif
TX0004390,2022-04-12,Saint-Louis,Paiement,71700.0,Free Money,F,62.0,Urbain,Actif
TX0003795,2022-12-27,Diourbel,Recharge,111700.0,Free Money,M,63.0,Rural,Actif
TX0002001,2022-05-16,Diourbel,Paiement,9400.0,Wave,F,42.0,Urbain,Actif
TX0001811,2023-02-23,Thiès,Transfert,11800.0,Orange Money,F,58.0,Urbain,Actif
TX0003253,2022-03-06,Saint-Louis,Retrait,85600.0,Wave,F,45.0,Periurbain,Actif
TX0004775,2023-03-29,Diourbel,Transfert,71400.0,Orange Money,F,19.0,Urbain,Actif
TX0001428,2022-12-16,Thiès,Paiement,13500.0,Orange Money,M,58.0,Urbain,Actif
TX0003771,2023-05-09,Thiès,Paiement,89300.0,Orange Money,F,40.0,Periurbain,Inactif
TX0002922,2023-03-23,Kaolack,Paiement,59100.0,Wave,F,63.0,Urbain,Actif
TX0003545,2022-03-26,Saint-Louis,Paiement,104100.0,Orange Money,F,,Urbain,Actif
TX0004553,2023-04-30,Saint-Louis,Dépôt,145700.0,Orange Money,M,50.0,Rural,Actif
TX0004745,2022-01-30,DAKAR,Retrait,313700.0,Orange Money,M,31.0,Urbain,Inactif
TX0002943,2023-01-26,Ziguinchor,Dépôt,22500.0,Wizall,F,53.0,Urbain,Actif
TX0001452,2023-04-21,Thiès,Retrait,11000.0,Wizall,M,56.0,Urbain,Actif
TX0000593,2022-07-09,Kaolack,Retrait,27900.0,Orange Money,F,35.0,Urbain,Actif
TX0002725,2022-06-15,Kaolack,Transfert,46300.0,Wizall,M,28.0,Rural,Actif
TX0000041,2022-09-28,Kaolack,Paiement,15500.0,Free Money,M,29.0,Urbain,Actif
TX0000560,2023-01-21,Saint-Louis,Transfert,9000.0,Orange Money,M,50.0,Urbain,Actif
TX0003066,2022-01-09,Thiès,Transfert,301300.0,Orange Money,F,50.0,Urbain,Actif
TX0003179,2023-01-10,DIOURBEL,Retrait,21800.0,Orange Money,M,43.0,Urbain,Inactif
TX0000243,2022-07-22,Ziguinchor,Retrait,92200.0,Free Money,F,47.0,Periurbain,Actif
TX0001339,2022-01-17,Tambacounda,Retrait,132000.0,Wave,F,25.0,Urbain,Actif
TX0004071,2023-01-06,Saint-Louis,Recharge,56000.0,Orange Money,F,,Urbain,Actif
TX0003094,2022-04-14,Thiès,Dépôt,9100.0,Free Money,M,62.0,Urbain,Actif
TX0003966,2022-06-17,Kaolack,Recharge,151400.0,Wizall,M,51.0,Urbain,Actif
TX0001442,2023-01-03,Saint-Louis,Recharge,164500.0,Orange Money,M,48.0,Periurbain,Actif
TX0000261,2023-06-26,Thiès,Transfert,18700.0,Orange Money,F,27.0,Urbain,Actif
TX0003185,2022-10-20,Tambacounda,Transfert,126700.0,Wave,F,19.0,Periurbain,Actif
TX0001689,2023-02-23,Dakar,Retrait,169000.0,Wizall,F,62.0,Urbain,Actif
TX0001725,2022-02-04,Kaolack,Retrait,141500.0,Free Money,M,27.0,Periurbain,Actif
TX0001203,2022-06-27,Kaolack,Retrait,69400.0,Wave,M,54.0,Periurbain,Actif
TX0000834,2022-09-30,Ziguinchor,Dépôt,58200.0,Wave,M,,Urbain,Inactif
TX0001866,2022-01-24,Dakar,Retrait,1534400.0,Wave,M,32.0,Rural,Actif
TX0002496,2022-11-12,Saint-Louis,Retrait,109800.0,Free Money,M,25.0,Rural,Actif
TX0003961,2022-08-03,Tambacounda,Retrait,14600.0,Wizall,F,39.0,Urbain,Actif
TX0002010,2022-01-19,Kaolack,Paiement,25300.0,Free Money,F,48.0,Periurbain,Actif
TX0002897,2022-06-04,Thiès,Dépôt,43900.0,Wizall,F,29.0,Rural,Actif
TX0000340,2022-09-26,Tambacounda,Dépôt,240700.0,Orange Money,M,33.0,Rural,Suspendu
TX0004420,2022-02-23,Ziguinchor,Transfert,12200.0,Orange Money,M,50.0,Urbain,Suspendu
TX0001601,2022-06-26,Dakar,Recharge,47200.0,Wizall,F,45.0,Periurbain,Actif
TX0002796,2022-02-09,Saint-Louis,Transfert,2000000.0,Orange Money,M,31.0,Periurbain,Actif
TX0003139,2022-02-07,Saint-Louis,Recharge,266200.0,Orange Money,M,40.0,Urbain,Actif
TX0004790,2022-02-28,Dakar,Paiement,85100.0,Free Money,F,28.0,Urbain,Actif
TX0000480,2022-12-11,Kaolack,Retrait,270100.0,Wizall,F,45.0,Rural,Actif
TX0002948,2022-07-21,Diourbel,Paiement,201400.0,Free Money,F,44.0,Urbain,Inactif
TX0004260,2022-03-04,Saint-Louis,Retrait,31300.0,Free Money,M,31.0,Urbain,Inactif
TX0004073,2022-11-26,KAOLACK,Transfert,300700.0,Orange Money,F,25.0,Rural,Actif
TX0003543,2022-07-07,Thiès,Dépôt,28200.0,Orange Money,F,54.0,Rural,Actif
TX0004531,2022-04-19,Thiès,Retrait,29300.0,Free Money,F,59.0,Urbain,Actif
TX0004734,2022-08-24,Saint-Louis,Dépôt,76800.0,Orange Money,M,31.0,Urbain,Inactif
TX0003184,2022-10-09,Thiès,Paiement,61600.0,Orange Money,F,57.0,Rural,Actif
TX0000799,2023-05-20,Kaolack,Paiement,108500.0,Free Money,F,23.0,Periurbain,Actif
TX0001766,2023-02-08,Diourbel,Transfert,23700.0,Wizall,F,22.0,Periurbain,Actif
TX0004566,2022-05-21,Saint-Louis,Paiement,29100.0,Wizall,M,38.0,Urbain,Actif
TX0002453,2022-07-09,Dakar,Dépôt,158100.0,Free Money,M,48.0,Periurbain,Actif
TX0003917,2022-07-09,Diourbel,Paiement,115100.0,Free Money,M,54.0,Rural,Actif
TX0004108,2023-05-03,Diourbel,Dépôt,16400.0,Wave,M,25.0,Urbain,Actif
TX0004137,2022-06-26,Ziguinchor,Dépôt,296900.0,Orange Money,F,39.0,Urbain,Actif
TX0004773,2023-03-24,Thiès,Dépôt,118200.0,Wave,M,20.0,Urbain,Actif
TX0003841,2022-01-18,Kaolack,Dépôt,1367100.0,Wave,M,61.0,Urbain,Actif
TX0001271,2023-04-16,Diourbel,Paiement,96700.0,Free Money,,62.0,Urbain,Actif
TX0003552,2022-11-14,Dakar,Retrait,16800.0,Orange Money,M,60.0,Periurbain,Actif
TX0004594,2022-08-22,Saint-Louis,Transfert,128800.0,Orange Money,F,37.0,Rural,Actif
TX0003235,2022-05-09,Ziguinchor,Paiement,18800.0,Wave,F,20.0,Periurbain,Actif
TX0004278,2022-03-11,Thiès,Dépôt,8200.0,Wave,M,18.0,Periurbain,Actif
TX0000347,2022-01-25,Ziguinchor,Dépôt,123800.0,Wave,F,40.0,Urbain,Actif
TX0004052,2023-03-27,Tambacounda,Dépôt,25600.0,Wave,M,21.0,Urbain,Inactif
TX0004718,2022-08-27,Diourbel,Dépôt,952800.0,Wave,F,24.0,Rural,Inactif
TX0002562,2022-01-28,Tambacounda,Dépôt,215000.0,Orange Money,M,44.0,Urbain,Actif
TX0004683,2022-06-13,Saint-Louis,Dépôt,77100.0,Wave,F,58.0,Urbain,Actif
TX0001423,2022-03-23,Kaolack,Dépôt,9900.0,Wave,M,64.0,Periurbain,Actif
TX0000656,2022-06-05,Dakar,Dépôt,99300.0,Wave,F,33.0,Rural,Actif
TX0002102,2022-03-28,Kaolack,Transfert,68300.0,Orange Money,M,43.0,Urbain,Inactif
TX0000632,2022-10-07,Kaolack,Dépôt,24400.0,Wave,M,45.0,Rural,Inactif
TX0003080,2023-02-07,Saint-Louis,Retrait,30700.0,Wizall,F,56.0,Urbain,Actif
TX0002493,2022-07-31,Tambacounda,Transfert,40500.0,Wizall,F,55.0,Periurbain,Actif
TX0002665,2022-06-11,Tambacounda,Dépôt,75000.0,Wave,F,36.0,Rural,Actif
TX0003361,2022-05-29,Ziguinchor,Transfert,89900.0,Wizall,M,42.0,Rural,Actif
TX0003824,2022-04-25,Ziguinchor,Dépôt,1354000.0,Wizall,F,31.0,Periurbain,Suspendu
TX0004925,2022-05-21,ZIGUINCHOR,Recharge,21700.0,Wave,M,38.0,Urbain,Actif
TX0003396,2023-03-28,Dakar,Transfert,61200.0,Orange Money,M,39.0,Urbain,Actif
TX0003752,2022-06-21,Tambacounda,Retrait,125700.0,Wave,F,45.0,Urbain,Actif
TX0002500,2023-03-29,Dakar,Paiement,11400.0,Free Money,M,25.0,Urbain,Suspendu
TX0001465,2022-01-27,Saint-Louis,Dépôt,238100.0,Wave,M,64.0,Rural,Actif
TX0002957,2023-04-17,Thiès,Paiement,10200.0,Orange Money,M,18.0,Rural,Actif
TX0000115,2023-04-22,Ziguinchor,Recharge,102600.0,Wizall,F,45.0,Urbain,Actif
TX0001821,2022-03-08,Tambacounda,Recharge,11100.0,Orange Money,F,61.0,Rural,Actif
TX0001494,2022-11-27,Saint-Louis,Dépôt,55900.0,Wave,M,,Periurbain,Actif
TX0002401,2022-02-09,Tambacounda,Dépôt,49100.0,Wizall,F,19.0,Rural,Actif
TX0001232,2022-04-27,Tambacounda,Dépôt,115800.0,Orange Money,M,34.0,Periurbain,Actif
TX0002661,2023-04-27,Saint-Louis,Paiement,99300.0,Wave,F,41.0,Urbain,Actif
TX0002817,2022-01-07,Diourbel,Dépôt,72400.0,Wizall,M,39.0,Periurbain,Actif
TX0004936,2023-05-13,Diourbel,Dépôt,118200.0,Wave,M,51.0,Rural,Actif
TX0004666,2022-02-27,Tambacounda,Dépôt,2900.0,Orange Money,F,32.0,Periurbain,Actif
TX0001153,2023-01-08,Thiès,Dépôt,39500.0,Wave,M,49.0,Periurbain,Actif
TX0004017,2023-05-05,Tambacounda,Dépôt,37900.0,Orange Money,F,43.0,Urbain,Actif
TX0000057,2022-04-18,Ziguinchor,Retrait,92300.0,Free Money,M,34.0,Urbain,Actif
TX0003544,2023-04-18,Saint-Louis,Paiement,261600.0,Wizall,M,21.0,Periurbain,Actif
TX0004378,2022-03-21,Thiès,Dépôt,5400.0,Wave,M,64.0,Periurbain,Actif
TX0004131,2022-04-30,Thiès,Dépôt,23100.0,Free Money,F,41.0,Urbain,Actif
TX0001735,2023-04-30,Ziguinchor,Dépôt,300800.0,Orange Money,F,34.0,Rural,Actif
TX0002823,2022-05-02,DIOURBEL,Transfert,98400.0,Orange Money,F,62.0,Periurbain,Actif
TX0002196,2022-09-09,Diourbel,Dépôt,63100.0,Orange Money,M,45.0,Rural,Inactif
TX0003707,2022-06-01,Thiès,Paiement,16800.0,Wave,M,20.0,Periurbain,Inactif
TX0002475,2023-04-21,Thiès,Dépôt,351900.0,Wave,M,43.0,Rural,Actif
TX0002564,2022-08-09,Saint-Louis,Paiement,274400.0,Wave,M,19.0,Urbain,Actif
TX0003303,2022-06-25,Tambacounda,Dépôt,28100.0,Wave,F,62.0,Periurbain,Inactif
TX0002721,2023-03-05,Kaolack,Retrait,2300.0,Orange Money,M,26.0,Periurbain,Actif
TX0002608,2023-01-22,Saint-Louis,Retrait,58700.0,Wave,M,21.0,Urbain,Inactif
TX0003817,2023-03-27,Dakar,Retrait,12600.0,Orange Money,F,37.0,Periurbain,Actif
TX0000707,2023-03-20,Saint-Louis,Transfert,45500.0,Free Money,M,63.0,Periurbain,Suspendu
TX0004370,2022-04-21,Ziguinchor,Retrait,80100.0,Wizall,F,62.0,Urbain,Actif
TX0001093,2022-10-08,Ziguinchor,Dépôt,1059400.0,Wave,M,25.0,Periurbain,Actif
TX0003716,2022-07-05,Saint-Louis,Retrait,149000.0,Orange Money,M,47.0,Urbain,Actif
TX0001376,2022-09-01,Thiès,Dépôt,47500.0,Free Money,F,62.0,Rural,Actif
TX0002118,2022-02-15,SAINT-LOUIS,Paiement,63500.0,Orange Money,M,39.0,Urbain,Actif
TX0000072,2022-01-04,Kaolack,Dépôt,54500.0,Wizall,M,26.0,Periurbain,Actif
TX0001922,2022-12-05,Tambacounda,Transfert,30300.0,Free Money,M,37.0,Rural,Actif
TX0003318,2023-03-17,Thiès,Dépôt,647200.0,Free Money,M,21.0,Urbain,Actif
TX0001764,2022-03-24,Saint-Louis,Retrait,192600.0,Orange Money,M,,Periurbain,Inactif
TX0000743,2022-10-02,Saint-Louis,Dépôt,133000.0,Orange Money,F,39.0,Rural,Actif
TX0004059,2023-06-27,Kaolack,Recharge,32700.0,Wave,F,28.0,Urbain,Actif
TX0001005,2022-12-27,Saint-Louis,Paiement,12100.0,Orange Money,M,44.0,Urbain,Actif
TX0002668,2023-02-09,Kaolack,Dépôt,135700.0,Orange Money,F,59.0,Rural,Actif
TX0001190,2022-02-06,Thiès,Transfert,95900.0,Free Money,M,30.0,Periurbain,Actif
TX0004129,2022-01-01,Diourbel,Retrait,134500.0,Orange Money,F,61.0,Urbain,Actif
TX0002601,2022-01-30,TAMBACOUNDA,Recharge,48400.0,Wave,F,61.0,Periurbain,Actif
TX0001125,2022-10-29,Ziguinchor,Recharge,412100.0,Orange Money,F,20.0,Urbain,Actif
TX0001241,2023-03-01,Diourbel,Dépôt,93100.0,Orange Money,M,38.0,Urbain,Inactif
TX0002974,2022-07-30,Kaolack,Retrait,16200.0,Orange Money,M,47.0,Rural,Actif
TX0004215,2023-03-25,Saint-Louis,Dépôt,17300.0,Free Money,M,39.0,Urbain,Inactif
TX0003592,2022-11-07,Ziguinchor,Paiement,31700.0,Wave,F,62.0,Rural,Actif
TX0000998,2023-06-04,ZIGUINCHOR,Recharge,121100.0,Free Money,F,39.0,Urbain,Actif
TX0003535,2022-03-12,Saint-Louis,Transfert,75700.0,Orange Money,F,42.0,Urbain,Actif
TX0002684,2022-07-04,Tambacounda,Dépôt,93700.0,Wave,,39.0,Urbain,Actif
TX0001577,2022-12-18,Thiès,Dépôt,9900.0,Free Money,M,,Periurbain,Actif
TX0004888,2022-01-14,Diourbel,Dépôt,37800.0,Orange Money,M,23.0,Periurbain,Actif
TX0001826,2022-01-23,Thiès,Paiement,76600.0,Free Money,M,24.0,Periurbain,Actif
TX0003438,2023-05-23,Tambacounda,Retrait,183100.0,Wave,F,23.0,Urbain,Actif
TX0001390,2022-05-10,Saint-Louis,Dépôt,81400.0,Wave,F,32.0,Rural,Actif
TX0003688,2022-02-06,Thiès,Transfert,217000.0,Orange Money,M,24.0,Urbain,Inactif
TX0000440,2022-02-16,Tambacounda,Paiement,26900.0,Wizall,M,28.0,Urbain,Actif
TX0000622,2022-07-22,Dakar,Retrait,154900.0,Wave,M,,Urbain,Inactif
TX0001100,2022-02-01,Ziguinchor,Recharge,48800.0,Orange Money,M,47.0,Urbain,Actif
TX0002637,2023-02-21,Dakar,Recharge,7000.0,Orange Money,F,35.0,Rural,Actif
TX0003197,2023-04-25,DIOURBEL,Dépôt,303700.0,Wizall,M,30.0,Urbain,Actif
TX0000649,2022-09-30,Ziguinchor,Paiement,75800.0,Wave,F,31.0,Rural,Actif
TX0001546,2023-03-17,Diourbel,Recharge,25500.0,Orange Money,F,52.0,Periurbain,Actif
TX0003691,2022-10-15,Saint-Louis,Dépôt,139400.0,Orange Money,F,62.0,Rural,Actif
TX0003714,2023-06-26,Tambacounda,Recharge,371000.0,Orange Money,M,52.0,Periurbain,Actif
TX0003308,2022-07-22,Saint-Louis,Transfert,89600.0,Wave,M,48.0,Urbain,Actif
TX0003331,2023-02-11,Kaolack,Dépôt,45700.0,Free Money,F,59.0,Urbain,Actif
TX0003904,2023-04-07,Thiès,Recharge,20500.0,Wizall,F,19.0,Urbain,Actif
TX0000630,2023-01-26,Kaolack,Paiement,158100.0,Wave,F,,Periurbain,Suspendu
TX0000672,2022-02-13,Diourbel,Transfert,64000.0,Orange Money,F,27.0,Urbain,Actif
TX0001249,2022-12-04,Tambacounda,Transfert,57000.0,Wizall,F,63.0,Urbain,Actif
TX0000482,2022-09-06,SAINT-LOUIS,Transfert,20300.0,Orange Money,M,57.0,Urbain,Actif
TX0001584,2023-06-25,Dakar,Transfert,229200.0,Orange Money,M,44.0,Rural,Actif
TX0003213,2023-01-15,Ziguinchor,Dépôt,5000.0,Orange Money,M,28.0,Periurbain,Actif
TX0004722,2022-04-22,Dakar,Retrait,40500.0,Wizall,M,31.0,Periurbain,Actif
TX0003176,2022-12-30,Dakar,Retrait,21800.0,Orange Money,M,45.0,Urbain,Inactif
TX0001462,2022-02-28,Dakar,Paiement,21600.0,Orange Money,M,61.0,Urbain,Actif
TX0004099,2022-01-16,Ziguinchor,Retrait,48100.0,Wizall,F,20.0,Rural,Actif
TX0003780,2022-08-07,Tambacounda,Transfert,73000.0,Orange Money,M,62.0,Rural,Inactif
TX0000185,2022-12-28,Diourbel,Retrait,518400.0,Wizall,F,,Rural,Actif
TX0002578,2022-07-15,Tambacounda,Dépôt,39400.0,Wizall,F,36.0,Periurbain,Actif
TX0003968,2022-11-18,Ziguinchor,Retrait,89500.0,Free Money,F,64.0,Urbain,Suspendu
TX0000049,2022-04-12,Saint-Louis,Paiement,34000.0,Orange Money,F,63.0,Rural,Actif
TX0004379,2022-10-04,Ziguinchor,Transfert,12200.0,Wizall,F,53.0,Periurbain,Actif
TX0004114,2022-11-25,Thiès,Paiement,65800.0,Wave,M,27.0,Urbain,Actif
TX0000858,2022-11-05,Tambacounda,Retrait,110000.0,Wave,M,23.0,Urbain,Inactif
TX0001072,2022-01-24,Diourbel,Retrait,65600.0,Orange Money,F,40.0,Urbain,Inactif
TX0000719,2023-02-04,Ziguinchor,Dépôt,42600.0,Orange Money,M,47.0,Urbain,Actif
TX0004961,2022-04-22,Kaolack,Recharge,72600.0,Wave,,27.0,Periurbain,Actif
TX0002631,2023-01-21,ZIGUINCHOR,Retrait,34100.0,Orange Money,M,57.0,Rural,Actif
TX0004972,2022-10-15,Tambacounda,Recharge,49800.0,Orange Money,F,57.0,Rural,Actif
TX0001660,2022-11-25,Tambacounda,Dépôt,46300.0,Orange Money,M,41.0,Periurbain,Actif
TX0001656,2022-10-30,Dakar,Dépôt,68600.0,Free Money,F,61.0,Urbain,Actif
TX0002425,2023-05-08,Thiès,Transfert,3800.0,Wave,M,39.0,Urbain,Actif
TX0003676,2022-04-05,Saint-Louis,Paiement,12400.0,Wave,F,21.0,Urbain,Actif
TX0004316,2023-01-30,Kaolack,Dépôt,40600.0,Free Money,M,46.0,Urbain,Actif
TX0000325,2023-02-08,Tambacounda,Transfert,5500.0,Orange Money,M,40.0,Periurbain,Actif
TX0003455,2022-04-02,Thiès,Transfert,71000.0,Orange Money,M,61.0,Urbain,Actif
TX0004569,2023-04-15,Tambacounda,Recharge,120800.0,Wave,M,41.0,Urbain,Inactif
TX0003761,2023-02-07,Kaolack,Dépôt,197500.0,Orange Money,F,45.0,Periurbain,Actif
TX0004849,2022-03-01,Diourbel,Recharge,36000.0,Orange Money,F,36.0,Urbain,Actif
TX0002934,2023-01-23,Tambacounda,Dépôt,116000.0,Free Money,M,60.0,Rural,Inactif
TX0004211,2022-11-17,Kaolack,Transfert,9700.0,Wave,F,34.0,Rural,Inactif
TX0003250,2022-10-19,Thiès,Paiement,54300.0,Wizall,M,45.0,Rural,Actif
TX0002606,2022-01-26,DAKAR,Recharge,95700.0,Orange Money,M,36.0,Urbain,Actif
TX0001385,2022-06-27,Thiès,Transfert,77800.0,Orange Money,F,27.0,Rural,Actif
TX0004003,2022-03-26,Ziguinchor,Paiement,19300.0,Wave,M,42.0,Rural,Actif
TX0001399,2023-01-22,Tambacounda,Paiement,100000.0,Wave,M,51.0,Periurbain,Suspendu
TX0001195,2023-04-22,DIOURBEL,Dépôt,143600.0,Orange Money,F,55.0,Urbain,Actif
TX0001408,2022-11-17,Diourbel,Recharge,125100.0,Orange Money,F,37.0,Periurbain,Actif
TX0003992,2023-02-16,Ziguinchor,Transfert,47700.0,Orange Money,M,24.0,Rural,Actif
TX0001798,2022-02-08,Kaolack,Transfert,89900.0,Free Money,F,43.0,Rural,Actif
TX0001475,2023-01-01,Thiès,Transfert,5600.0,Orange Money,M,,Urbain,Actif
TX0003362,2023-01-14,Thiès,Retrait,103500.0,Wave,M,34.0,Rural,Inactif
TX0000035,2023-03-19,Diourbel,Retrait,340000.0,Orange Money,F,45.0,Periurbain,Suspendu
TX0003694,2022-07-08,Ziguinchor,Transfert,16000.0,Wave,F,62.0,Rural,Actif
TX0002345,2023-01-01,Dakar,Dépôt,138500.0,Wizall,M,50.0,Periurbain,Actif
TX0003322,2023-02-24,Ziguinchor,Retrait,50200.0,Free Money,F,,Periurbain,Suspendu
TX0002359,2022-03-19,Diourbel,Transfert,10600.0,Wave,M,63.0,Urbain,Suspendu
TX0003006,2023-05-11,Kaolack,Retrait,38500.0,Orange Money,F,30.0,Rural,Actif
TX0002206,2022-06-03,Diourbel,Dépôt,10200.0,Orange Money,M,41.0,Urbain,Actif
TX0003346,2022-05-29,Tambacounda,Dépôt,168700.0,Wave,F,24.0,Urbain,Actif
TX0003933,2022-05-02,Kaolack,Retrait,39100.0,Free Money,M,64.0,Urbain,Actif
TX0001286,2022-02-18,Diourbel,Recharge,123000.0,Free Money,F,49.0,Periurbain,Actif
TX0000349,2022-12-09,Ziguinchor,Retrait,35700.0,Orange Money,F,61.0,Periurbain,Actif
TX0002137,2023-02-05,Kaolack,Paiement,297700.0,Orange Money,M,64.0,Urbain,Actif
TX0002691,2022-11-22,Tambacounda,Retrait,24000.0,Orange Money,,53.0,Urbain,Actif
TX0003113,2022-02-19,Ziguinchor,Retrait,7500.0,Free Money,,52.0,Rural,Actif
TX0003269,2023-01-12,Saint-Louis,Paiement,38100.0,Wave,F,59.0,Urbain,Inactif
TX0001681,2023-06-18,Tambacounda,Retrait,106100.0,Orange Money,F,59.0,Urbain,Actif
TX0004141,2022-03-15,Kaolack,Retrait,152200.0,Free Money,M,32.0,Rural,Actif
TX0001443,2022-08-31,Dakar,Retrait,61600.0,Wave,F,,Urbain,Actif
TX0004407,2022-03-19,Ziguinchor,Transfert,279500.0,Wave,M,58.0,Periurbain,Actif
TX0001671,2023-04-26,Thiès,Retrait,67000.0,Wave,F,19.0,Rural,Actif
TX0004388,2022-02-23,Dakar,Transfert,46200.0,Orange Money,F,60.0,Rural,Actif
TX0001179,2022-10-24,Tambacounda,Transfert,35500.0,Orange Money,M,23.0,Periurbain,Actif
TX0002798,2023-06-21,Thiès,Dépôt,7700.0,Free Money,F,45.0,Urbain,Actif
TX0001692,2022-08-07,Kaolack,Dépôt,23400.0,Orange Money,F,63.0,Urbain,Actif
TX0004714,2022-10-08,Tambacounda,Dépôt,39100.0,Orange Money,M,41.0,Periurbain,Actif
TX0000372,2022-02-21,Dakar,Retrait,36600.0,Orange Money,,49.0,Urbain,Actif
TX0003768,2022-03-31,TAMBACOUNDA,Transfert,89300.0,Wizall,M,34.0,Urbain,Actif
TX0001916,2023-04-30,Ziguinchor,Transfert,41700.0,Wave,M,56.0,Rural,Actif
TX0001357,2022-08-19,Diourbel,Paiement,83700.0,Orange Money,M,28.0,Periurbain,Actif
TX0001825,2022-10-18,Diourbel,Paiement,54400.0,Wave,M,45.0,Urbain,Actif
TX0000786,2022-11-16,Saint-Louis,Transfert,404800.0,Wizall,F,60.0,Urbain,Actif
TX0000469,2023-06-11,Tambacounda,Dépôt,55600.0,Orange Money,M,,Urbain,Actif
TX0000140,2023-06-11,Saint-Louis,Retrait,448800.0,Wizall,F,18.0,Rural,Actif
TX0000788,2022-09-10,Diourbel,Retrait,14400.0,Wave,F,51.0,Rural,Actif
TX0000323,2022-06-03,Ziguinchor,Transfert,108300.0,Orange Money,F,63.0,Rural,Actif
TX0000050,2023-06-15,Dakar,Recharge,5600.0,Free Money,M,47.0,Periurbain,Inactif
TX0000714,2022-07-10,Saint-Louis,Paiement,41000.0,Orange Money,F,55.0,Urbain,Actif
TX0004581,2022-06-15,Kaolack,Dépôt,17700.0,Orange Money,F,57.0,Rural,Actif
TX0002840,2022-08-03,Diourbel,Recharge,64200.0,Wave,F,20.0,Urbain,Inactif
TX0002446,2022-05-22,Saint-Louis,Transfert,164600.0,Orange Money,F,19.0,Urbain,Actif
TX0004915,2023-05-17,Ziguinchor,Paiement,70200.0,Wave,F,19.0,Urbain,Inactif
TX0004510,2022-04-06,Dakar,Dépôt,20700.0,Orange Money,M,39.0,Rural,Actif
TX0004689,2023-06-18,Thiès,Retrait,42400.0,Free Money,M,55.0,Urbain,Actif
TX0003151,2022-05-16,Saint-Louis,Paiement,250100.0,Wave,F,23.0,Periurbain,Actif
TX0002666,2022-03-16,Ziguinchor,Retrait,23300.0,Free Money,F,41.0,Periurbain,Actif
TX0000406,2022-08-01,Dakar,Dépôt,19400.0,Orange Money,M,61.0,Periurbain,Inactif
TX0004176,2022-11-15,Saint-Louis,Transfert,45300.0,Wave,M,60.0,Periurbain,Actif
TX0001004,2023-03-18,Kaolack,Dépôt,24600.0,Orange Money,,46.0,Rural,Actif
TX0004580,2023-05-27,Thiès,Transfert,33100.0,Orange Money,M,60.0,Urbain,Actif
TX0000890,2023-01-31,Kaolack,Transfert,121200.0,Orange Money,F,43.0,Rural,Actif
TX0002411,2022-03-18,Dakar,Transfert,144500.0,Free Money,M,45.0,Rural,Actif
TX0002545,2022-09-24,Kaolack,Retrait,11100.0,Free Money,F,50.0,Urbain,Actif
TX0003586,2022-09-06,Saint-Louis,Dépôt,10100.0,Orange Money,M,49.0,Rural,Actif
TX0002390,2022-07-24,Tambacounda,Dépôt,35200.0,Orange Money,M,33.0,Periurbain,Actif
TX0004105,2022-12-30,Kaolack,Dépôt,25600.0,Orange Money,M,40.0,Rural,Actif
TX0000042,2022-01-19,Kaolack,Retrait,80100.0,Wave,,39.0,Periurbain,Actif
TX0002830,2022-09-21,Ziguinchor,Retrait,4200.0,Free Money,M,63.0,Urbain,Actif
TX0003456,2022-10-01,Ziguinchor,Retrait,94600.0,Orange Money,F,29.0,Periurbain,Actif
TX0003022,2023-01-10,TAMBACOUNDA,Dépôt,75700.0,Orange Money,M,49.0,Periurbain,Actif
TX0000303,2022-12-15,Saint-Louis,Dépôt,9400.0,Free Money,M,23.0,Periurbain,Inactif
TX0004606,2023-04-08,Tambacounda,Dépôt,35500.0,Orange Money,M,44.0,Urbain,Actif
TX0003910,2022-01-22,Thiès,Recharge,92300.0,Orange Money,M,54.0,Urbain,Inactif
TX0000664,2022-02-25,Tambacounda,Recharge,39600.0,Orange Money,M,22.0,Urbain,Actif
TX0001177,2022-02-28,Ziguinchor,Retrait,159600.0,Wizall,F,21.0,Periurbain,Actif
TX0002676,2022-07-21,Ziguinchor,Retrait,10700.0,Wizall,M,23.0,Periurbain,Inactif
TX0001947,2022-03-22,Tambacounda,Recharge,39300.0,Orange Money,F,27.0,Periurbain,Actif
TX0002501,2023-02-23,Diourbel,Retrait,176700.0,Wizall,M,,Rural,Actif
TX0001473,2022-08-10,Ziguinchor,Transfert,129800.0,Orange Money,M,64.0,Rural,Actif
TX0003635,2022-09-23,Tambacounda,Dépôt,57700.0,Wave,F,32.0,Rural,Actif
TX0004727,2023-04-07,Tambacounda,Transfert,156100.0,Wave,F,56.0,Periurbain,Actif
TX0002132,2022-11-03,Ziguinchor,Paiement,464500.0,Orange Money,F,47.0,Periurbain,Actif
TX0001026,2023-04-17,Saint-Louis,Transfert,42100.0,Wizall,M,25.0,Periurbain,Actif
TX0002989,2023-04-17,Kaolack,Dépôt,166700.0,Orange Money,M,48.0,Rural,Actif
TX0000961,2022-11-26,Ziguinchor,Retrait,38300.0,Wave,F,61.0,Urbain,Actif
TX0002889,2023-04-03,Diourbel,Retrait,24300.0,Orange Money,M,58.0,Periurbain,Actif
TX0003021,2022-08-25,Tambacounda,Dépôt,39700.0,Orange Money,M,53.0,Urbain,Suspendu
TX0003015,2022-07-02,Saint-Louis,Dépôt,523000.0,Orange Money,M,22.0,Periurbain,Actif
TX0004463,2022-03-15,Saint-Louis,Transfert,3500.0,Orange Money,F,38.0,Urbain,Inactif
TX0002009,2022-09-24,Diourbel,Dépôt,61700.0,Wave,M,32.0,Urbain,Actif
TX0002149,2023-03-30,Saint-Louis,Dépôt,67000.0,Wizall,F,48.0,Urbain,Actif
TX0003470,2022-01-11,Kaolack,Dépôt,45600.0,Wave,M,50.0,Periurbain,Actif
TX0002338,2022-03-08,Dakar,Transfert,68600.0,Orange Money,F,21.0,Periurbain,Actif
TX0004890,2022-06-22,Ziguinchor,Retrait,33400.0,Free Money,M,53.0,Periurbain,Actif
TX0000304,2023-02-02,Tambacounda,Paiement,72900.0,Free Money,M,54.0,Rural,Actif
TX0001440,2023-06-15,Ziguinchor,Transfert,20100.0,Free Money,M,37.0,Periurbain,Actif
TX0001496,2022-12-05,Dakar,Retrait,90200.0,Wave,M,51.0,Urbain,Actif
TX0002652,2022-07-22,Diourbel,Retrait,6600.0,Wave,M,37.0,Periurbain,Actif
TX0002875,2022-09-18,Diourbel,Dépôt,10100.0,Wave,M,61.0,Urbain,Actif
TX0000916,2022-06-11,Tambacounda,Transfert,70000.0,Orange Money,F,61.0,Periurbain,Actif
TX0004570,2022-10-01,Diourbel,Transfert,79600.0,Wave,M,58.0,Periurbain,Inactif
TX0004515,2022-08-11,Tambacounda,Dépôt,61600.0,Orange Money,M,22.0,Periurbain,Actif
TX0002772,2023-03-18,Tambacounda,Paiement,5700.0,Orange Money,F,26.0,Rural,Actif
TX0001624,2022-04-06,Tambacounda,Paiement,220900.0,Orange Money,F,56.0,Urbain,Actif
TX0004005,2022-05-27,Kaolack,Transfert,157400.0,Wave,,41.0,Periurbain,Actif
TX0000821,2022-01-03,Saint-Louis,Retrait,94900.0,Orange Money,M,25.0,Rural,Actif
TX0004838,2022-01-22,Thiès,Dépôt,24800.0,Wave,F,39.0,Urbain,Actif
TX0001354,2022-09-24,Diourbel,Retrait,65900.0,Wizall,M,59.0,Urbain,Actif
TX0004590,2022-11-11,Kaolack,Retrait,106500.0,Free Money,F,32.0,Periurbain,Suspendu
TX0000850,2022-02-06,Thiès,Recharge,52200.0,Free Money,F,53.0,Rural,Actif
TX0001000,2022-04-12,Dakar,Paiement,66100.0,Wizall,F,40.0,Urbain,Actif
TX0003979,2022-08-22,Thiès,Recharge,244100.0,Orange Money,F,21.0,Periurbain,Actif
TX0000018,2022-08-25,Saint-Louis,Dépôt,24900.0,Wave,M,35.0,Urbain,Inactif
TX0001637,2022-03-25,Kaolack,Transfert,61000.0,Orange Money,F,50.0,Periurbain,Actif
TX0001667,2023-05-25,Ziguinchor,Dépôt,62600.0,Wave,M,,Periurbain,Actif
TX0000493,2022-04-13,Dakar,Dépôt,138000.0,Wave,F,26.0,Urbain,Actif
TX0001347,2022-07-22,Ziguinchor,Recharge,178500.0,Wave,M,59.0,Urbain,Actif
TX0003018,2022-02-07,Tambacounda,Dépôt,228700.0,Orange Money,F,42.0,Periurbain,Inactif
TX0001250,2023-03-12,Dakar,Retrait,116700.0,Orange Money,M,33.0,Periurbain,Inactif
TX0003738,2023-02-17,Saint-Louis,Recharge,113500.0,Orange Money,,44.0,Periurbain,Actif
TX0000559,2022-12-06,Ziguinchor,Recharge,11800.0,Orange Money,M,45.0,Urbain,Inactif
TX0003633,2022-07-12,Thiès,Transfert,11200.0,Wizall,F,51.0,Urbain,Actif
TX0000687,2022-06-03,Ziguinchor,Dépôt,99700.0,Orange Money,F,53.0,Urbain,Actif
TX0004676,2022-01-26,Kaolack,Dépôt,137600.0,Wave,M,29.0,Urbain,Actif
TX0001608,2022-05-08,Ziguinchor,Dépôt,18600.0,Wizall,F,43.0,Urbain,Actif
TX0004549,2023-03-13,Dakar,Paiement,18700.0,Orange Money,M,29.0,Rural,Actif
TX0003551,2022-03-17,Kaolack,Dépôt,60000.0,Orange Money,F,18.0,Periurbain,Actif
TX0001009,2022-09-25,Tambacounda,Dépôt,269300.0,Wave,F,36.0,Urbain,Actif
TX0002408,2023-06-25,Diourbel,Paiement,1682800.0,Orange Money,M,59.0,Periurbain,Inactif
TX0001092,2022-11-29,Diourbel,Retrait,141300.0,Free Money,F,31.0,Periurbain,Actif
TX0001327,2023-03-08,Dakar,Paiement,142800.0,Wave,M,27.0,Urbain,Actif
TX0004826,2023-01-14,Thiès,Paiement,63800.0,Orange Money,F,26.0,Rural,Actif
TX0001677,2022-08-09,Thiès,Transfert,49800.0,Wizall,M,29.0,Urbain,Actif
TX0001999,2022-06-04,Diourbel,Dépôt,151100.0,Orange Money,F,,Urbain,Actif
TX0001310,2022-02-13,DAKAR,Dépôt,34200.0,Orange Money,M,64.0,Rural,Actif
TX0003555,2022-12-08,Dakar,Transfert,766400.0,Wave,M,35.0,Rural,Actif
TX0003404,2023-02-14,Thiès,Dépôt,22300.0,Wizall,M,42.0,Rural,Inactif
TX0001987,2022-09-29,Tambacounda,Transfert,97100.0,Wave,F,41.0,Periurbain,Actif
TX0003809,2022-01-29,Diourbel,Transfert,87600.0,Wave,F,24.0,Urbain,Actif
TX0000344,2022-08-06,Tambacounda,Dépôt,34600.0,Wave,M,23.0,Urbain,Actif
TX0004272,2022-03-24,Tambacounda,Retrait,32600.0,Orange Money,F,61.0,Rural,Actif
TX0000986,2023-01-12,Dakar,Recharge,12700.0,Free Money,M,22.0,Periurbain,Actif
TX0004181,2023-01-03,Saint-Louis,Retrait,58900.0,Orange Money,M,26.0,Periurbain,Actif
TX0004657,2022-10-28,Kaolack,Retrait,90600.0,Orange Money,M,56.0,Rural,Actif
TX0004402,2022-05-15,Ziguinchor,Dépôt,5500.0,Free Money,M,28.0,Periurbain,Actif
TX0004638,2023-02-16,Saint-Louis,Retrait,73800.0,Wave,M,64.0,Urbain,Actif
TX0003831,2023-03-19,Tambacounda,Recharge,102000.0,Wizall,M,33.0,Periurbain,Actif
TX0003167,2022-02-27,Tambacounda,Transfert,91500.0,Orange Money,M,34.0,Rural,Actif
TX0001142,2023-01-06,Dakar,Dépôt,188600.0,Orange Money,F,25.0,Periurbain,Actif
TX0002358,2022-10-20,Saint-Louis,Dépôt,45900.0,Free Money,M,42.0,Periurbain,Actif
TX0001198,2023-02-15,Kaolack,Retrait,30100.0,Wave,F,30.0,Urbain,Actif
TX0000085,2022-06-27,Thiès,Dépôt,43800.0,Orange Money,F,20.0,Periurbain,Actif
TX0001518,2022-05-14,Diourbel,Paiement,57300.0,Free Money,M,25.0,Rural,Actif
TX0000516,2022-07-25,Kaolack,Paiement,9300.0,Wave,F,52.0,Urbain,Suspendu
TX0001381,2022-08-02,Thiès,Retrait,77100.0,Orange Money,M,22.0,Urbain,Actif
TX0002716,2022-12-20,Saint-Louis,Recharge,52400.0,Orange Money,M,52.0,Rural,Actif
TX0003225,2023-05-03,Dakar,Dépôt,52200.0,Orange Money,F,29.0,Rural,Actif
TX0001014,2023-01-21,Saint-Louis,Dépôt,47300.0,Wave,M,49.0,Periurbain,Actif
TX0000128,2022-01-04,Saint-Louis,Retrait,118900.0,Orange Money,M,36.0,Periurbain,Actif
TX0001364,2023-02-06,THIÈS,Retrait,51300.0,Wave,M,61.0,Rural,Actif
TX0003782,2022-01-06,Dakar,Transfert,427000.0,Wizall,F,30.0,Urbain,Actif
TX0004121,2022-10-15,Saint-Louis,Retrait,197800.0,Orange Money,F,47.0,Urbain,Actif
TX0003268,2022-12-10,Tambacounda,Transfert,1025700.0,Free Money,F,33.0,Periurbain,Suspendu
TX0000891,2023-04-14,Ziguinchor,Dépôt,126000.0,Orange Money,M,57.0,Periurbain,Inactif
TX0002793,2022-05-22,Dakar,Transfert,110400.0,Free Money,F,59.0,Periurbain,Actif
TX0004295,2022-06-12,Ziguinchor,Dépôt,18300.0,Orange Money,M,,Periurbain,Actif
TX0001359,2022-11-21,Kaolack,Paiement,41100.0,Orange Money,F,,Urbain,Inactif
TX0000307,2022-06-26,Saint-Louis,Paiement,55900.0,Orange Money,M,40.0,Periurbain,Actif
TX0001661,2022-10-10,Thiès,Transfert,191800.0,Orange Money,M,19.0,Rural,Actif
TX0002431,2023-03-29,Diourbel,Retrait,276300.0,Orange Money,M,25.0,Urbain,Actif
TX0004103,2022-04-06,Kaolack,Retrait,154300.0,Wizall,M,28.0,Periurbain,Actif
TX0001317,2023-02-05,Tambacounda,Retrait,678100.0,Wizall,M,53.0,Urbain,Actif
TX0004393,2022-01-25,Tambacounda,Paiement,95400.0,Wave,M,61.0,Urbain,Actif
TX0002474,2022-10-19,Thiès,Dépôt,12800.0,Orange Money,M,29.0,Urbain,Actif
TX0002542,2023-04-08,Dakar,Recharge,139200.0,Wizall,F,38.0,Urbain,Inactif
TX0001246,2022-03-13,Diourbel,Dépôt,19900.0,Wave,F,28.0,Periurbain,Actif
TX0004362,2023-02-22,Thiès,Dépôt,162400.0,Orange Money,M,44.0,Urbain,Actif
TX0001208,2022-05-30,Thiès,Transfert,919000.0,Wizall,M,35.0,Urbain,Actif
TX0000216,2022-06-27,Kaolack,Transfert,27500.0,Orange Money,M,43.0,Periurbain,Actif
TX0004382,2022-11-10,Kaolack,Recharge,64800.0,Free Money,F,22.0,Urbain,Actif
TX0004352,2022-08-15,Thiès,Paiement,172600.0,Wave,F,38.0,Rural,Actif
TX0001239,2022-04-12,Diourbel,Dépôt,35000.0,Orange Money,M,64.0,Periurbain,Inactif
TX0002289,2022-04-18,Kaolack,Transfert,38700.0,Free Money,M,51.0,Periurbain,Actif
TX0002740,2022-07-20,Kaolack,Dépôt,141200.0,Wave,M,31.0,Rural,Actif
TX0000275,2022-10-02,Saint-Louis,Recharge,33600.0,Free Money,F,,Periurbain,Actif
TX0000489,2023-05-02,Ziguinchor,Recharge,4100.0,Orange Money,F,45.0,Urbain,Actif
TX0001035,2023-01-16,Ziguinchor,Dépôt,68800.0,Free Money,F,44.0,Urbain,Actif
TX0001229,2022-08-12,Thiès,Retrait,13000.0,Orange Money,F,24.0,Urbain,Actif
TX0004678,2023-01-07,Ziguinchor,Transfert,23200.0,Orange Money,M,32.0,Urbain,Actif
TX0001008,2022-05-17,Dakar,Dépôt,79900.0,Wave,M,41.0,Rural,Actif
TX0004803,2022-04-15,Dakar,Dépôt,26000.0,Orange Money,M,29.0,Urbain,Actif
TX0003081,2023-04-28,Saint-Louis,Retrait,62300.0,Wave,M,60.0,Urbain,Actif
TX0004802,2023-05-13,Diourbel,Dépôt,701900.0,Free Money,,32.0,Periurbain,Actif
TX0002532,2022-06-11,Saint-Louis,Transfert,6700.0,Free Money,M,50.0,Periurbain,Inactif
TX0004255,2022-12-26,Tambacounda,Dépôt,724200.0,Orange Money,M,31.0,Rural,Actif
TX0001058,2022-09-20,Diourbel,Retrait,36000.0,Orange Money,M,31.0,Urbain,Actif
TX0002166,2022-12-13,Ziguinchor,Retrait,113700.0,Orange Money,M,28.0,Urbain,Actif
TX0004183,2022-06-22,Dakar,Transfert,173200.0,Wave,M,55.0,Rural,Actif
TX0004571,2023-01-05,Diourbel,Retrait,106500.0,Free Money,M,56.0,Urbain,Suspendu
TX0000281,2022-07-04,Ziguinchor,Paiement,246300.0,Orange Money,F,33.0,Periurbain,Actif
TX0003720,2022-07-07,Dakar,Retrait,26700.0,Free Money,M,,Periurbain,Actif
TX0001316,2022-10-15,Diourbel,Recharge,8500.0,Free Money,M,40.0,Urbain,Actif
TX0004912,2022-10-20,Saint-Louis,Recharge,50000.0,Free Money,M,54.0,Urbain,Actif
TX0000968,2022-11-06,Ziguinchor,Dépôt,32100.0,Wizall,F,56.0,Urbain,Actif
TX0003270,2022-05-19,Saint-Louis,Retrait,12700.0,Orange Money,F,43.0,Periurbain,Actif
TX0004093,2023-05-24,Thiès,Transfert,648500.0,Orange Money,F,,Periurbain,Actif
TX0003311,2022-12-26,Saint-Louis,Retrait,191000.0,Wave,M,43.0,Periurbain,Actif
TX0003671,2022-01-28,ZIGUINCHOR,Paiement,37400.0,Free Money,M,42.0,Urbain,Actif
TX0000619,2023-02-14,Saint-Louis,Transfert,471100.0,Orange Money,F,42.0,Rural,Inactif
TX0003480,2022-03-26,Thiès,Dépôt,15400.0,Orange Money,M,40.0,Rural,Inactif
TX0001742,2023-02-25,Saint-Louis,Retrait,30400.0,Free Money,F,39.0,Periurbain,Actif
TX0001390,2022-05-10,Saint-Louis,Dépôt,81400.0,Wave,F,32.0,Rural,Actif
TX0004159,2022-11-06,Dakar,Retrait,26500.0,Orange Money,F,39.0,Periurbain,Inactif
TX0001847,2022-04-19,Saint-Louis,Paiement,67100.0,Free Money,F,50.0,Periurbain,Actif
TX0001579,2022-10-27,Diourbel,Transfert,27100.0,Wave,M,49.0,Urbain,Actif
TX0001655,2023-05-28,Ziguinchor,Paiement,43000.0,Orange Money,F,25.0,Rural,Actif
TX0002352,2022-12-02,Kaolack,Recharge,14300.0,Wave,M,54.0,Urbain,Actif
TX0002212,2022-01-10,Saint-Louis,Transfert,142800.0,Free Money,M,46.0,Urbain,Actif
TX0002020,2023-06-11,ZIGUINCHOR,Recharge,62400.0,Free Money,M,29.0,Urbain,Actif
TX0001593,2022-02-26,DAKAR,Retrait,1203900.0,Wizall,F,39.0,Urbain,Actif
TX0001956,2022-12-18,Thiès,Dépôt,62600.0,Orange Money,F,23.0,Urbain,Inactif
TX0003737,2023-02-15,Tambacounda,Dépôt,20900.0,Free Money,F,,Urbain,Actif
TX0003192,2023-06-06,Thiès,Dépôt,37500.0,Free Money,F,60.0,Urbain,Actif
TX0001307,2023-03-15,Dakar,Retrait,99600.0,Orange Money,M,54.0,Urbain,Actif
TX0002003,2022-05-17,SAINT-LOUIS,Transfert,162800.0,Orange Money,F,35.0,Rural,Inactif
TX0004709,2022-12-21,Ziguinchor,Recharge,117400.0,Orange Money,M,43.0,Rural,Actif
TX0000575,2023-06-04,Ziguinchor,Recharge,90500.0,Free Money,M,48.0,Urbain,Inactif
TX0002360,2022-01-07,Ziguinchor,Paiement,189200.0,Wave,,61.0,Periurbain,Suspendu
TX0004333,2022-12-19,Dakar,Retrait,94200.0,Free Money,M,50.0,Urbain,Actif
TX0004529,2022-04-09,Thiès,Transfert,378900.0,Wave,F,24.0,Urbain,Actif
TX0001706,2022-12-17,Diourbel,Transfert,340200.0,Wave,F,44.0,Periurbain,Actif
TX0003905,2022-09-22,Thiès,Recharge,65100.0,Free Money,M,63.0,Periurbain,Actif
TX0003622,2022-04-30,Diourbel,Dépôt,92600.0,Orange Money,F,42.0,Rural,Inactif
TX0001280,2022-12-05,Saint-Louis,Transfert,45700.0,Orange Money,M,47.0,Periurbain,Actif
TX0000861,2022-09-05,Ziguinchor,Transfert,25600.0,Orange Money,F,,Urbain,Actif
TX0004231,2022-11-01,Diourbel,Paiement,23400.0,Free Money,,26.0,Urbain,Actif
TX0001801,2023-02-08,Tambacounda,Retrait,10300.0,Wave,M,,Urbain,Actif
TX0001628,2022-02-22,DAKAR,Transfert,59700.0,Orange Money,,42.0,Urbain,Actif
TX0001993,2022-03-16,KAOLACK,Transfert,101700.0,Orange Money,M,34.0,Periurbain,Actif
TX0002639,2023-01-20,Kaolack,Paiement,80300.0,Orange Money,M,31.0,Periurbain,Actif
TX0000269,2022-06-10,Dakar,Dépôt,31400.0,Wave,F,47.0,Rural,Actif
TX0000629,2022-05-19,Tambacounda,Transfert,41800.0,Free Money,F,39.0,Periurbain,Suspendu
TX0003081,2023-04-28,Saint-Louis,Retrait,62300.0,Wave,M,,Urbain,Actif
TX0002334,2022-03-04,Ziguinchor,Recharge,178500.0,Orange Money,F,63.0,Rural,Actif
TX0002966,2023-02-02,Ziguinchor,Dépôt,21300.0,Orange Money,M,61.0,Periurbain,Actif
TX0000300,2022-01-29,Saint-Louis,Retrait,29500.0,Orange Money,M,45.0,Rural,Inactif
TX0000459,2022-03-06,Ziguinchor,Transfert,216700.0,Wizall,M,22.0,Rural,Actif
TX0001447,2023-04-04,Saint-Louis,Retrait,4400.0,Free Money,F,,Urbain,Actif
TX0001472,2023-04-26,Dakar,Retrait,25600.0,Free Money,F,47.0,Periurbain,Inactif
TX0002046,2022-02-07,Ziguinchor,Recharge,100900.0,Wave,F,61.0,Periurbain,Actif
TX0004315,2022-04-07,Kaolack,Dépôt,78800.0,Orange Money,F,26.0,Urbain,Actif
TX0003929,2022-03-07,Tambacounda,Transfert,587200.0,Free Money,M,29.0,Urbain,Actif
TX0003494,2022-12-27,Diourbel,Paiement,23700.0,Orange Money,M,45.0,Periurbain,Actif
TX0002113,2023-05-05,Saint-Louis,Paiement,362300.0,Free Money,F,27.0,Urbain,Actif
TX0000027,2022-10-09,Kaolack,Dépôt,281700.0,Wave,M,50.0,Periurbain,Actif
TX0004371,2022-07-31,Kaolack,Transfert,21600.0,Orange Money,M,41.0,Urbain,Inactif
TX0004615,2022-06-23,Diourbel,Dépôt,788600.0,Free Money,F,53.0,Urbain,Actif
TX0003710,2022-01-06,Dakar,Recharge,55500.0,Orange Money,M,18.0,Periurbain,Actif
TX0000837,2022-07-18,Dakar,Paiement,1300.0,Orange Money,M,,Urbain,Actif
TX0003994,2022-09-27,Tambacounda,Recharge,4200.0,Orange Money,M,41.0,Rural,Actif
TX0004366,2022-02-13,Saint-Louis,Dépôt,27700.0,Free Money,M,34.0,Urbain,Inactif
TX0002008,2022-02-05,Tambacounda,Retrait,70500.0,Free Money,F,39.0,Periurbain,Actif
TX0000136,2022-10-11,Thiès,Paiement,37600.0,Orange Money,,24.0,Urbain,Actif
TX0000503,2023-03-22,Thiès,Dépôt,24000.0,Orange Money,M,,Urbain,Inactif
TX0003352,2023-05-12,Thiès,Paiement,69300.0,Orange Money,F,36.0,Periurbain,Actif
TX0004394,2023-06-02,Thiès,Retrait,18700.0,Orange Money,M,63.0,Periurbain,Actif
TX0000380,2022-03-06,Kaolack,Transfert,258900.0,Free Money,F,38.0,Urbain,Inactif
TX0001851,2023-03-23,Ziguinchor,Dépôt,70800.0,Free Money,M,31.0,Urbain,Actif
TX0001525,2022-05-21,Kaolack,Retrait,80800.0,Wizall,M,41.0,Urbain,Actif
TX0002365,2022-01-24,Saint-Louis,Retrait,167400.0,Wave,M,34.0,Urbain,Inactif
TX0004464,2023-01-05,Thiès,Transfert,702600.0,Free Money,M,46.0,Urbain,Actif
TX0003052,2022-05-27,Diourbel,Transfert,28100.0,Free Money,F,,Periurbain,Actif
TX0002884,2022-02-07,TAMBACOUNDA,Dépôt,10000.0,Wave,F,36.0,Periurbain,Actif
TX0002340,2023-02-15,Tambacounda,Retrait,180600.0,Orange Money,M,28.0,Rural,Actif
TX0000374,2022-02-08,Thiès,Transfert,15500.0,Orange Money,F,57.0,Urbain,Actif
TX0003406,2023-04-15,Diourbel,Recharge,20300.0,Wizall,M,61.0,Periurbain,Actif
TX0002381,2023-04-15,Diourbel,Recharge,287000.0,Wizall,M,58.0,Periurbain,Inactif
TX0004399,2022-03-11,Diourbel,Transfert,58700.0,Orange Money,M,21.0,Rural,Actif
TX0000939,2022-11-12,Tambacounda,Retrait,311400.0,Orange Money,F,59.0,Rural,Actif
TX0004020,2022-08-13,Saint-Louis,Transfert,23500.0,Wizall,F,34.0,Urbain,Actif
TX0004251,2022-02-03,Saint-Louis,Dépôt,66800.0,Orange Money,F,26.0,Urbain,Actif
TX0002799,2022-04-14,Dakar,Dépôt,37400.0,Orange Money,M,31.0,Urbain,Actif
TX0002147,2022-07-15,Ziguinchor,Recharge,57000.0,Wizall,F,32.0,Urbain,Actif
TX0003985,2023-05-24,Kaolack,Paiement,71000.0,Free Money,F,18.0,Periurbain,Actif
TX0004633,2023-04-17,Ziguinchor,Transfert,97400.0,Free Money,M,34.0,Urbain,Actif
TX0004303,2022-11-17,Kaolack,Recharge,11900.0,Wizall,,53.0,Rural,Actif
TX0002068,2022-04-01,Ziguinchor,Paiement,55800.0,Free Money,F,52.0,Periurbain,Actif
TX0000529,2023-04-19,THIÈS,Transfert,279500.0,Orange Money,F,32.0,Urbain,Actif
TX0003893,2022-08-23,Dakar,Transfert,22300.0,Free Money,M,46.0,Rural,Actif
TX0000636,2022-10-19,Thiès,Retrait,30300.0,Orange Money,M,35.0,Urbain,Actif
TX0001269,2022-06-09,KAOLACK,Transfert,16400.0,Orange Money,M,54.0,Periurbain,Actif
TX0000185,2022-12-28,Diourbel,Retrait,518400.0,Wizall,F,36.0,Rural,Actif
TX0003986,2022-02-22,Kaolack,Transfert,87200.0,Wave,M,50.0,Periurbain,Actif
TX0004513,2022-12-09,Dakar,Recharge,144100.0,Free Money,M,35.0,Periurbain,Actif
TX0003604,2022-04-30,Dakar,Dépôt,60700.0,Free Money,F,32.0,Urbain,Actif
TX0001797,2022-02-09,Tambacounda,Dépôt,67400.0,Orange Money,F,38.0,Urbain,Actif
TX0002979,2023-06-15,Saint-Louis,Retrait,28100.0,Wizall,M,35.0,Periurbain,Actif
TX0001441,2022-02-21,Thiès,Recharge,452000.0,Wizall,F,39.0,Rural,Actif
TX0003576,2022-04-17,Dakar,Dépôt,3400.0,Free Money,F,48.0,Rural,Actif
TX0004973,2023-01-22,Kaolack,Retrait,100700.0,Wizall,M,33.0,Periurbain,Suspendu
TX0001535,2022-03-08,Saint-Louis,Dépôt,58500.0,Orange Money,M,27.0,Urbain,Actif
TX0003593,2022-11-13,Saint-Louis,Retrait,16500.0,Wave,M,,Periurbain,Actif
TX0003188,2023-03-30,Saint-Louis,Transfert,54800.0,Wave,F,61.0,Rural,Actif
TX0001273,2022-01-22,Diourbel,Retrait,109700.0,Orange Money,M,28.0,Rural,Actif
TX0002467,2022-01-22,Kaolack,Transfert,74500.0,Orange Money,M,64.0,Periurbain,Actif
TX0000607,2022-07-19,Ziguinchor,Recharge,45400.0,Wave,F,58.0,Urbain,Actif
TX0003536,2022-05-21,Tambacounda,Dépôt,598600.0,Orange Money,M,53.0,Periurbain,Actif
TX0001712,2023-03-04,Thiès,Retrait,20900.0,Orange Money,F,53.0,Periurbain,Actif
TX0002199,2022-07-28,Thiès,Retrait,56700.0,Wave,M,26.0,Rural,Suspendu
TX0000955,2022-07-29,Dakar,Dépôt,15600.0,Wave,F,38.0,Periurbain,Actif
TX0002579,2022-12-21,Diourbel,Retrait,54700.0,Wave,M,42.0,Rural,Suspendu
TX0004724,2022-05-01,Diourbel,Retrait,18400.0,Free Money,F,46.0,Rural,Actif
TX0004517,2023-05-06,Thiès,Recharge,403300.0,Free Money,M,29.0,Urbain,Actif
TX0003529,2022-08-29,Kaolack,Dépôt,41500.0,Wave,M,57.0,Periurbain,Actif
TX0004772,2022-05-09,Saint-Louis,Recharge,226200.0,Wave,F,22.0,Urbain,Actif
TX0000403,2023-03-29,Ziguinchor,Dépôt,61900.0,Orange Money,F,61.0,Periurbain,Actif
TX0002071,2022-10-12,Diourbel,Paiement,222600.0,Free Money,M,,Urbain,Actif
TX0004853,2022-07-07,Saint-Louis,Dépôt,6800.0,Wave,M,33.0,Periurbain,Actif
TX0001977,2022-08-24,Ziguinchor,Recharge,16000.0,Orange Money,,61.0,Periurbain,Actif
TX0000158,2022-05-10,Ziguinchor,Transfert,9900.0,Orange Money,F,43.0,Urbain,Actif
TX0001748,2023-02-20,Diourbel,Dépôt,65000.0,Orange Money,M,57.0,Urbain,Actif
TX0002909,2022-06-16,Dakar,Recharge,24200.0,Wave,,41.0,Urbain,Actif
TX0003686,2023-05-24,Kaolack,Dépôt,8700.0,Orange Money,F,35.0,Urbain,Actif
TX0000902,2022-04-10,Diourbel,Dépôt,242700.0,Wave,M,,Urbain,Actif
TX0000352,2022-12-27,Tambacounda,Retrait,254700.0,Orange Money,F,40.0,Urbain,Actif
TX0001230,2023-05-05,Diourbel,Paiement,36400.0,Wizall,M,49.0,Periurbain,Actif
TX0004766,2023-04-15,Thiès,Recharge,327000.0,Orange Money,M,25.0,Periurbain,Actif
TX0002140,2023-03-25,Ziguinchor,Retrait,259300.0,Wave,F,54.0,Periurbain,Actif
TX0000444,2023-03-21,Thiès,Recharge,26300.0,Wizall,F,25.0,Urbain,Actif
TX0001217,2023-01-08,Diourbel,Transfert,15400.0,Wave,M,56.0,Urbain,Actif
TX0000754,2022-03-18,Dakar,Dépôt,110400.0,Free Money,M,26.0,Rural,Actif
TX0001737,2022-04-17,Kaolack,Recharge,32900.0,Orange Money,M,27.0,Urbain,Inactif
TX0002971,2022-03-31,Thiès,Recharge,241800.0,Orange Money,F,21.0,Urbain,Actif
TX0001736,2022-09-04,Thiès,Dépôt,92200.0,Wave,M,31.0,Urbain,Actif
TX0002920,2022-06-27,Dakar,Dépôt,609300.0,Wizall,M,18.0,Urbain,Actif
TX0000311,2022-02-12,Ziguinchor,Transfert,16200.0,Orange Money,F,43.0,Periurbain,Actif
TX0000548,2022-10-12,THIÈS,Recharge,96200.0,Wave,M,21.0,Urbain,Actif
TX0000661,2023-06-24,Ziguinchor,Retrait,289000.0,Wizall,M,48.0,Rural,Actif
TX0001056,2023-02-24,Tambacounda,Retrait,157900.0,Orange Money,M,39.0,Rural,Actif
TX0001989,2023-02-04,Diourbel,Retrait,23000.0,Orange Money,M,33.0,Rural,Actif
TX0000306,2022-10-10,Thiès,Retrait,108200.0,Free Money,,42.0,Rural,Actif
TX0002335,2022-07-29,Dakar,Transfert,48000.0,Free Money,F,49.0,Rural,Actif
TX0000694,2022-03-04,Kaolack,Transfert,112200.0,Orange Money,,32.0,Urbain,Actif
TX0002356,2023-05-09,Saint-Louis,Recharge,39500.0,Wave,F,44.0,Urbain,Actif
TX0001927,2022-09-21,Kaolack,Transfert,37700.0,Wave,M,54.0,Urbain,Actif
TX0000684,2023-05-24,Thiès,Dépôt,26900.0,Wave,M,24.0,Periurbain,Actif
TX0000749,2022-12-08,Diourbel,Transfert,80200.0,Orange Money,M,47.0,Rural,Actif
TX0003641,2023-05-12,Saint-Louis,Retrait,307800.0,Wave,M,38.0,Rural,Actif
TX0003392,2023-05-01,Kaolack,Dépôt,80000.0,Wizall,M,51.0,Urbain,Inactif
TX0001266,2022-08-03,THIÈS,Paiement,17500.0,Wave,F,52.0,Urbain,Actif
TX0003431,2023-06-26,Diourbel,Paiement,6100.0,Orange Money,F,32.0,Periurbain,Actif
TX0003697,2023-01-01,Kaolack,Transfert,6700.0,Wave,M,31.0,Urbain,Actif
TX0004515,2022-08-11,Tambacounda,Dépôt,61600.0,Orange Money,M,22.0,Periurbain,Actif
TX0002134,2023-01-29,Dakar,Dépôt,12900.0,Free Money,,28.0,Urbain,Actif
TX0003083,2022-11-18,Dakar,Dépôt,96700.0,Wave,M,30.0,Rural,Actif
TX0003061,2022-02-20,Kaolack,Dépôt,45200.0,Free Money,F,52.0,Urbain,Actif
TX0003025,2022-07-24,Saint-Louis,Dépôt,54600.0,Wave,M,35.0,Periurbain,Actif
TX0000970,2022-12-30,Dakar,Recharge,161500.0,Wave,M,46.0,Rural,Actif
TX0000013,2022-04-27,Diourbel,Paiement,28700.0,Free Money,F,61.0,Periurbain,Actif
TX0000873,2022-08-12,Tambacounda,Dépôt,44500.0,Orange Money,M,35.0,Periurbain,Actif
TX0000808,2022-09-04,Thiès,Retrait,225200.0,Wave,M,25.0,Rural,Actif
TX0003198,2022-02-26,Ziguinchor,Retrait,1300.0,Orange Money,F,,Urbain,Actif
TX0000514,2022-01-25,Diourbel,Dépôt,14900.0,Orange Money,,50.0,Periurbain,Actif
TX0004839,2022-05-30,Ziguinchor,Transfert,188600.0,Free Money,F,23.0,Rural,Inactif
TX0000409,2022-02-19,Tambacounda,Dépôt,63400.0,Orange Money,M,,Urbain,Actif
TX0003557,2022-09-24,Thiès,Dépôt,48300.0,Free Money,,29.0,Rural,Actif
TX0004432,2022-09-17,Kaolack,Retrait,48000.0,Wave,M,47.0,Periurbain,Actif
TX0000207,2022-12-29,Diourbel,Dépôt,80200.0,Free Money,M,50.0,Urbain,Actif
TX0004889,2023-01-13,Saint-Louis,Transfert,28900.0,Wave,F,,Periurbain,Actif
TX0000458,2022-01-31,Diourbel,Dépôt,107400.0,Wave,M,32.0,Urbain,Actif
TX0003623,2023-04-24,Kaolack,Dépôt,7600.0,Wave,F,38.0,Periurbain,Actif
TX0002430,2022-11-26,Kaolack,Dépôt,229300.0,Orange Money,F,32.0,Periurbain,Actif
TX0003819,2022-09-19,Tambacounda,Retrait,140900.0,Orange Money,F,,Urbain,Actif
TX0000110,2022-06-08,Kaolack,Dépôt,104000.0,Orange Money,M,32.0,Urbain,Suspendu
TX0003909,2022-06-27,Diourbel,Retrait,41400.0,Wave,M,55.0,Urbain,Actif
TX0001107,2023-02-19,Saint-Louis,Dépôt,47900.0,Wave,M,27.0,Urbain,Actif
TX0001883,2023-02-21,Dakar,Dépôt,8000.0,Wave,F,21.0,Periurbain,Actif
TX0001713,2022-09-09,Thiès,Retrait,22800.0,Wizall,M,62.0,Urbain,Actif
TX0001287,2022-07-11,Thiès,Transfert,189000.0,Wave,F,23.0,Rural,Actif
TX0003548,2022-06-15,Diourbel,Dépôt,43600.0,Free Money,F,55.0,Periurbain,Inactif
TX0000552,2022-10-29,Dakar,Dépôt,167400.0,Orange Money,M,51.0,Urbain,Actif
TX0001439,2023-01-04,Diourbel,Transfert,28500.0,Wizall,M,36.0,Urbain,Actif
TX0002270,2022-02-27,Diourbel,Paiement,33800.0,Free Money,F,30.0,Urbain,Inactif
TX0003144,2022-05-28,Dakar,Transfert,70700.0,Wave,F,18.0,Urbain,Actif
TX0002821,2022-05-06,Tambacounda,Dépôt,442700.0,Orange Money,M,33.0,Urbain,Actif
TX0004879,2023-03-27,Ziguinchor,Dépôt,299900.0,Free Money,F,45.0,Urbain,Actif
TX0001925,2022-02-20,Dakar,Dépôt,25900.0,Orange Money,M,59.0,Urbain,Suspendu
TX0000634,2022-02-28,Dakar,Transfert,14600.0,Free Money,M,19.0,Periurbain,Actif
TX0004903,2022-06-18,Saint-Louis,Retrait,24600.0,Wizall,F,28.0,Urbain,Inactif
TX0000316,2022-08-12,Thiès,Dépôt,53600.0,Wave,F,57.0,Periurbain,Actif
TX0004304,2023-03-30,Ziguinchor,Retrait,61300.0,Orange Money,M,35.0,Periurbain,Actif
TX0004796,2022-03-31,Tambacounda,Retrait,352800.0,Orange Money,F,30.0,Rural,Actif
TX0001328,2022-12-27,Kaolack,Dépôt,281800.0,Wizall,M,,Urbain,Inactif
TX0000427,2023-05-01,Saint-Louis,Dépôt,78300.0,Wave,M,45.0,Urbain,Actif
TX0003523,2022-02-25,Thiès,Recharge,21300.0,Free Money,,25.0,Urbain,Actif
TX0000105,2022-05-17,KAOLACK,Transfert,1754300.0,Wave,M,51.0,Periurbain,Actif
TX0003041,2023-06-15,Dakar,Paiement,26700.0,Wave,F,26.0,Urbain,Actif
TX0000142,2022-09-29,Dakar,Dépôt,288800.0,Wave,M,37.0,Periurbain,Actif
TX0002169,2022-06-27,Dakar,Transfert,13100.0,Orange Money,F,,Rural,Inactif
TX0004189,2023-01-19,Thiès,Retrait,120800.0,Free Money,F,53.0,Urbain,Actif
TX0000089,2022-09-16,Saint-Louis,Recharge,10900.0,Wave,F,26.0,Urbain,Actif
TX0002918,2022-08-20,Dakar,Recharge,22200.0,Wizall,F,59.0,Urbain,Suspendu
TX0003237,2023-06-10,Ziguinchor,Transfert,25100.0,Orange Money,F,,Periurbain,Actif
TX0002241,2022-01-19,Thiès,Retrait,623700.0,Free Money,F,56.0,Urbain,Actif
TX0003174,2022-02-08,Thiès,Retrait,490800.0,Wizall,F,59.0,Periurbain,Actif
TX0003715,2022-06-20,Saint-Louis,Paiement,4600.0,Wave,M,52.0,Urbain,Actif
TX0002163,2023-04-06,Dakar,Retrait,214400.0,Wave,M,34.0,Periurbain,Actif
TX0002636,2023-06-13,Ziguinchor,Transfert,81200.0,Free Money,F,20.0,Urbain,Actif
TX0001949,2022-08-26,Diourbel,Dépôt,141300.0,Free Money,M,43.0,Urbain,Actif
TX0001768,2022-07-25,Ziguinchor,Transfert,66500.0,Wave,F,50.0,Rural,Actif
TX0003429,2022-11-18,Thiès,Transfert,64200.0,Orange Money,M,32.0,Periurbain,Inactif
TX0002272,2022-09-24,Dakar,Dépôt,20500.0,Wizall,M,46.0,Periurbain,Actif
TX0000001,2023-06-05,SAINT-LOUIS,Recharge,3400.0,Free Money,F,42.0,Periurbain,Actif
TX0003428,2023-04-18,Saint-Louis,Dépôt,76900.0,Wave,,43.0,Urbain,Actif
TX0002794,2022-08-28,Ziguinchor,Dépôt,158600.0,Wave,F,50.0,Periurbain,Actif
TX0001951,2022-05-01,TAMBACOUNDA,Dépôt,9700.0,Orange Money,M,46.0,Rural,Actif
TX0000935,2022-05-29,Diourbel,Retrait,100600.0,Wave,M,32.0,Periurbain,Actif
TX0004386,2023-06-10,Diourbel,Dépôt,64100.0,Orange Money,M,59.0,Urbain,Actif
TX0002720,2023-05-07,Kaolack,Transfert,168900.0,Wave,F,22.0,Urbain,Actif
TX0003638,2022-06-09,Diourbel,Recharge,249500.0,Orange Money,F,45.0,Periurbain,Actif
TX0001109,2022-03-26,Thiès,Retrait,91300.0,Wave,F,28.0,Urbain,Actif
TX0004947,2023-02-10,Thiès,Dépôt,43600.0,Orange Money,F,43.0,Rural,Actif
TX0000591,2022-12-17,Dakar,Retrait,20900.0,Orange Money,M,44.0,Urbain,Actif
TX0001695,2022-02-07,Kaolack,Dépôt,17900.0,Orange Money,F,27.0,Urbain,Actif
TX0004167,2022-02-21,Thiès,Paiement,98500.0,Wave,M,40.0,Urbain,Actif
TX0002936,2023-03-04,Tambacounda,Dépôt,41700.0,Wave,F,21.0,Rural,Actif
TX0004291,2022-02-13,Tambacounda,Dépôt,29900.0,Orange Money,M,37.0,Periurbain,Actif
TX0003560,2022-06-17,Kaolack,Paiement,147900.0,Free Money,,35.0,Rural,Actif
TX0001576,2022-01-13,Dakar,Dépôt,13500.0,Free Money,M,55.0,Urbain,Actif
TX0001111,2022-05-03,Kaolack,Retrait,43200.0,Free Money,M,23.0,Urbain,Inactif
TX0000213,2022-05-03,Saint-Louis,Recharge,46100.0,Wizall,M,61.0,Periurbain,Actif
TX0000778,2023-01-29,Thiès,Dépôt,200500.0,Wave,F,29.0,Rural,Actif
TX0001415,2023-05-28,Diourbel,Dépôt,20200.0,Orange Money,M,23.0,Rural,Inactif
TX0004032,2022-02-14,Ziguinchor,Dépôt,65900.0,Orange Money,,48.0,Periurbain,Actif
TX0002043,2022-03-04,Diourbel,Transfert,30200.0,Orange Money,F,44.0,Periurbain,Actif
TX0002848,2022-11-05,Kaolack,Transfert,53800.0,Orange Money,F,61.0,Rural,Inactif
TX0004630,2022-03-07,Ziguinchor,Dépôt,98000.0,Wave,M,20.0,Periurbain,Actif
TX0003657,2022-10-07,Ziguinchor,Retrait,81300.0,Orange Money,F,48.0,Periurbain,Actif
TX0003980,2023-04-01,Dakar,Retrait,13300.0,Free Money,M,57.0,Rural,Actif
TX0001567,2022-02-22,Ziguinchor,Retrait,50500.0,Orange Money,F,43.0,Urbain,Actif
TX0000165,2023-04-02,Dakar,Dépôt,304900.0,Orange Money,M,50.0,Periurbain,Inactif
TX0004811,2023-04-13,Saint-Louis,Dépôt,38200.0,Orange Money,M,45.0,Urbain,Actif
TX0003739,2022-11-13,Thiès,Dépôt,22800.0,Orange Money,,50.0,Urbain,Actif
TX0002175,2023-04-03,Tambacounda,Dépôt,21900.0,Orange Money,F,31.0,Rural,Actif
TX0001343,2023-02-02,THIÈS,Retrait,98600.0,Free Money,F,,Urbain,Actif
TX0002013,2022-03-18,Diourbel,Dépôt,167700.0,Wave,F,31.0,Periurbain,Actif
TX0000273,2023-05-15,Thiès,Recharge,117000.0,Orange Money,M,28.0,Periurbain,Actif
TX0000071,2022-04-19,Tambacounda,Dépôt,76000.0,Free Money,F,52.0,Periurbain,Actif
TX0004060,2022-06-10,Diourbel,Dépôt,48700.0,Free Money,,33.0,Periurbain,Actif
TX0001087,2022-04-02,Saint-Louis,Dépôt,60900.0,Wave,M,64.0,Rural,Actif
TX0000394,2022-07-06,Thiès,Transfert,8200.0,Wave,M,33.0,Urbain,Actif
TX0000583,2022-06-29,Tambacounda,Dépôt,236400.0,Wave,M,48.0,Periurbain,Actif
TX0001367,2023-05-13,Saint-Louis,Dépôt,18500.0,Free Money,M,43.0,Rural,Inactif
TX0002629,2022-08-01,Saint-Louis,Dépôt,12300.0,Free Money,M,43.0,Urbain,Actif
TX0004738,2022-07-25,Diourbel,Transfert,15500.0,Wave,F,23.0,Periurbain,Actif
TX0002548,2022-08-11,Kaolack,Retrait,68200.0,Free Money,F,31.0,Periurbain,Actif
TX0001013,2022-01-22,Ziguinchor,Dépôt,11300.0,Orange Money,F,,Urbain,Actif
TX0004996,2022-03-07,Ziguinchor,Recharge,106100.0,Orange Money,M,30.0,Rural,Suspendu
TX0003003,2022-12-08,Thiès,Paiement,219600.0,Wave,M,35.0,Periurbain,Actif
TX0004886,2022-07-07,Kaolack,Dépôt,111300.0,Orange Money,M,46.0,Urbain,Inactif
TX0001701,2022-08-25,Ziguinchor,Paiement,305900.0,Orange Money,F,55.0,Rural,Actif
TX0003684,2023-01-06,Saint-Louis,Dépôt,224600.0,Wave,M,57.0,Rural,Actif
TX0001763,2022-09-25,Tambacounda,Recharge,4900.0,Free Money,F,35.0,Urbain,Actif
TX0001875,2022-10-24,Ziguinchor,Dépôt,74000.0,Free Money,M,34.0,Rural,Actif
TX0001259,2022-11-15,Ziguinchor,Paiement,32500.0,Wave,M,62.0,Urbain,Actif
TX0003344,2022-09-17,Diourbel,Retrait,217600.0,Free Money,M,21.0,Rural,Inactif
TX0004623,2023-01-13,Tambacounda,Dépôt,61200.0,Wizall,F,37.0,Periurbain,Actif
TX0002253,2023-03-30,Diourbel,Dépôt,50000.0,Wizall,M,47.0,Rural,Actif
TX0002781,2023-04-07,Ziguinchor,Retrait,3000.0,Wave,M,56.0,Urbain,Actif
TX0003750,2023-05-05,Kaolack,Paiement,359200.0,Orange Money,F,28.0,Periurbain,Actif
TX0000526,2022-08-15,Diourbel,Recharge,68100.0,Orange Money,M,62.0,Urbain,Inactif
TX0003570,2022-06-21,Kaolack,Dépôt,77700.0,Wave,M,33.0,Urbain,Actif
TX0002946,2022-10-09,Diourbel,Dépôt,28000.0,Free Money,F,28.0,Periurbain,Actif
TX0000377,2022-01-13,Saint-Louis,Transfert,40000.0,Free Money,F,20.0,Urbain,Actif
TX0001559,2023-05-08,Dakar,Retrait,113500.0,Orange Money,M,33.0,Urbain,Inactif
TX0003988,2022-07-04,Diourbel,Paiement,124200.0,Orange Money,M,48.0,Rural,Inactif
TX0001963,2022-07-29,Thiès,Transfert,37600.0,Free Money,,32.0,Periurbain,Actif
TX0004830,2023-03-12,Dakar,Dépôt,23300.0,Wizall,M,,Rural,Actif
TX0000348,2022-07-24,Diourbel,Transfert,110200.0,Orange Money,M,60.0,Rural,Actif
TX0002434,2023-06-10,Kaolack,Dépôt,92000.0,Free Money,M,56.0,Periurbain,Actif
TX0002246,2022-02-04,Tambacounda,Retrait,58200.0,Free Money,M,57.0,Urbain,Suspendu
TX0004252,2022-07-05,Saint-Louis,Recharge,68100.0,Free Money,M,32.0,Urbain,Actif
TX0001709,2022-12-22,Kaolack,Retrait,66100.0,Wave,F,39.0,Periurbain,Actif
TX0001050,2023-04-24,Ziguinchor,Recharge,52200.0,Orange Money,,63.0,Urbain,Actif
TX0000590,2022-03-17,Tambacounda,Transfert,109200.0,Orange Money,F,,Periurbain,Actif
TX0000519,2022-03-24,Thiès,Retrait,550900.0,Orange Money,F,61.0,Urbain,Actif
TX0003380,2022-07-21,Ziguinchor,Retrait,34700.0,Wave,M,49.0,Urbain,Actif
TX0004586,2022-08-04,Thiès,Recharge,201300.0,Wave,F,23.0,Periurbain,Actif
TX0004326,2022-01-13,Tambacounda,Recharge,24300.0,Free Money,M,22.0,Rural,Inactif
TX0002477,2023-03-09,Kaolack,Paiement,45500.0,Wave,F,21.0,Rural,Actif
TX0001083,2023-04-26,Saint-Louis,Transfert,13600.0,Orange Money,M,18.0,Urbain,Inactif
TX0004869,2023-03-22,Dakar,Recharge,89000.0,Orange Money,M,62.0,Periurbain,Actif
TX0004876,2022-11-25,Ziguinchor,Recharge,107100.0,Free Money,F,48.0,Urbain,Actif
TX0004602,2023-05-13,Tambacounda,Dépôt,64400.0,Wave,F,55.0,Periurbain,Actif
TX0001294,2023-03-14,Ziguinchor,Retrait,11200.0,Orange Money,M,33.0,Periurbain,Actif
TX0001809,2022-02-23,Ziguinchor,Dépôt,13600.0,Orange Money,F,48.0,Periurbain,Actif
TX0000791,2022-11-17,Kaolack,Transfert,105700.0,Orange Money,F,45.0,Periurbain,Inactif
TX0000792,2022-10-04,Kaolack,Dépôt,84900.0,Wizall,,28.0,Urbain,Actif
TX0004866,2022-07-14,Ziguinchor,Dépôt,107400.0,Orange Money,M,30.0,Periurbain,Actif
TX0001855,2022-05-18,THIÈS,Dépôt,43900.0,Free Money,F,57.0,Periurbain,Actif
TX0004855,2022-04-16,Diourbel,Retrait,175800.0,Wave,M,38.0,Periurbain,Actif
TX0001980,2022-04-12,Ziguinchor,Recharge,129700.0,Orange Money,F,23.0,Periurbain,Actif
TX0003233,2022-02-01,Diourbel,Dépôt,92200.0,Orange Money,M,33.0,Urbain,Actif
TX0004081,2022-05-08,Thiès,Dépôt,19100.0,Wave,F,31.0,Rural,Actif
TX0003534,2022-05-08,Tambacounda,Transfert,4000.0,Wave,F,45.0,Periurbain,Inactif
TX0003328,2022-03-18,SAINT-LOUIS,Paiement,7600.0,Orange Money,M,39.0,Periurbain,Actif
TX0001530,2022-06-20,Dakar,Recharge,38300.0,Orange Money,F,61.0,Urbain,Actif
TX0001410,2022-04-23,Ziguinchor,Transfert,73200.0,Wave,F,33.0,Urbain,Actif
TX0004384,2023-04-26,Thiès,Dépôt,49400.0,Orange Money,M,,Urbain,Actif
TX0004954,2022-09-04,Kaolack,Dépôt,113100.0,Wave,F,54.0,Periurbain,Actif
TX0000083,2022-02-04,Dakar,Dépôt,40900.0,Free Money,M,36.0,Urbain,Actif
TX0000868,2023-04-17,Ziguinchor,Retrait,148400.0,Orange Money,M,35.0,Urbain,Actif
TX0002350,2022-12-14,Ziguinchor,Dépôt,109800.0,Free Money,F,23.0,Rural,Actif
TX0000020,2022-12-01,Saint-Louis,Retrait,63500.0,Free Money,F,19.0,Urbain,Actif
TX0003573,2023-06-26,Dakar,Recharge,105100.0,Wave,F,36.0,Periurbain,Actif
TX0002795,2022-11-21,Tambacounda,Transfert,89200.0,Wave,M,60.0,Rural,Actif
TX0003453,2022-07-24,Saint-Louis,Transfert,6600.0,Wave,M,55.0,Urbain,Actif
TX0004665,2023-01-24,Thiès,Dépôt,490300.0,Wave,M,33.0,Rural,Actif
TX0001562,2023-03-03,Saint-Louis,Transfert,33500.0,Free Money,M,37.0,Rural,Actif
TX0003093,2023-04-05,Thiès,Transfert,260100.0,Orange Money,M,59.0,Urbain,Actif
TX0003155,2022-12-22,Saint-Louis,Retrait,55500.0,Free Money,M,34.0,Urbain,Actif
TX0000973,2022-04-28,Ziguinchor,Dépôt,77200.0,Wave,F,,Rural,Actif
TX0001710,2022-03-25,Dakar,Dépôt,51200.0,Free Money,M,21.0,Rural,Actif
TX0003201,2022-10-03,Saint-Louis,Paiement,8000.0,Orange Money,F,63.0,Periurbain,Actif
TX0004398,2022-04-03,Kaolack,Paiement,66500.0,Wizall,F,27.0,Urbain,Actif
TX0004917,2022-07-23,Ziguinchor,Dépôt,6800.0,Orange Money,F,24.0,Urbain,Actif
TX0001098,2023-03-03,Diourbel,Retrait,109000.0,Free Money,F,30.0,Urbain,Actif
TX0004247,2022-03-07,Thiès,Paiement,186400.0,Wave,F,44.0,Periurbain,Actif
TX0002844,2022-11-12,Thiès,Retrait,193200.0,Free Money,M,23.0,Urbain,Actif
TX0000886,2022-12-24,Ziguinchor,Dépôt,181400.0,Free Money,M,28.0,Periurbain,Actif
TX0003678,2023-03-15,Dakar,Dépôt,22900.0,Orange Money,F,30.0,Urbain,Actif
TX0004993,2022-12-21,Saint-Louis,Dépôt,56500.0,Orange Money,F,42.0,Urbain,Actif
TX0004673,2022-03-03,Dakar,Paiement,18500.0,Free Money,F,27.0,Periurbain,Actif
TX0003721,2023-04-02,Saint-Louis,Recharge,132600.0,Wave,M,45.0,Urbain,Suspendu
TX0004616,2023-03-19,Dakar,Dépôt,53500.0,Free Money,M,40.0,Urbain,Actif
TX0000515,2022-01-15,Saint-Louis,Transfert,12100.0,Free Money,M,23.0,Periurbain,Actif
TX0004715,2022-06-25,Thiès,Dépôt,432500.0,Orange Money,F,62.0,Rural,Actif
TX0000737,2023-03-23,Saint-Louis,Dépôt,80900.0,Orange Money,M,26.0,Urbain,Inactif
TX0001453,2022-11-09,Saint-Louis,Transfert,157000.0,Orange Money,M,24.0,Periurbain,Actif
TX0002006,2022-09-04,Saint-Louis,Dépôt,8100.0,Free Money,M,34.0,Rural,Actif
TX0004797,2023-03-05,Diourbel,Recharge,10100.0,Free Money,F,43.0,Periurbain,Actif
TX0002506,2023-04-13,Diourbel,Dépôt,4000.0,Wave,M,51.0,Periurbain,Inactif
TX0002994,2022-03-14,Saint-Louis,Transfert,339700.0,Wave,M,56.0,Urbain,Actif
TX0002126,2022-12-14,Diourbel,Transfert,169500.0,Orange Money,F,27.0,Periurbain,Actif
TX0002926,2023-03-18,Thiès,Transfert,31800.0,Free Money,F,57.0,Rural,Actif
TX0002681,2023-04-03,Kaolack,Paiement,57100.0,Free Money,F,63.0,Urbain,Actif
TX0000906,2023-03-24,DIOURBEL,Dépôt,30500.0,Wave,F,48.0,Rural,Inactif
TX0003808,2022-01-28,Kaolack,Dépôt,61500.0,Free Money,M,31.0,Urbain,Actif
TX0001030,2022-01-21,Tambacounda,Retrait,17900.0,Wizall,M,38.0,Rural,Actif
TX0002507,2022-08-29,Ziguinchor,Paiement,89600.0,Free Money,F,51.0,Rural,Actif
TX0002428,2022-06-21,Diourbel,Dépôt,43900.0,Free Money,M,25.0,Urbain,Actif
TX0000947,2023-05-08,Diourbel,Dépôt,128400.0,Wave,F,26.0,Periurbain,Actif
TX0003973,2023-01-24,Diourbel,Retrait,60000.0,Wave,F,54.0,Urbain,Actif
TX0000762,2022-05-16,Diourbel,Transfert,119700.0,Free Money,F,63.0,Periurbain,Actif
TX0000715,2023-05-24,Ziguinchor,Dépôt,19400.0,Orange Money,M,54.0,Urbain,Actif
TX0000284,2022-11-13,ZIGUINCHOR,Transfert,563900.0,Wizall,F,49.0,Urbain,Actif
TX0000686,2022-11-09,Ziguinchor,Paiement,223100.0,Wave,M,47.0,Urbain,Actif
TX0000703,2022-03-15,Dakar,Paiement,416500.0,Orange Money,M,50.0,Rural,Suspendu
TX0003341,2022-11-13,Ziguinchor,Dépôt,57100.0,Wave,M,64.0,Urbain,Actif
TX0002353,2023-04-23,Kaolack,Retrait,135200.0,Wave,M,29.0,Periurbain,Actif
TX0002257,2022-08-24,Thiès,Retrait,39000.0,Free Money,F,30.0,Rural,Actif
TX0003705,2023-04-30,Ziguinchor,Dépôt,696200.0,Orange Money,F,56.0,Urbain,Suspendu
TX0000473,2023-05-03,Tambacounda,Transfert,124300.0,Wizall,F,,Periurbain,Actif
TX0000021,2022-03-18,Dakar,Transfert,150600.0,Wave,F,47.0,Periurbain,Actif
TX0002752,2022-05-23,Diourbel,Retrait,111800.0,Free Money,M,64.0,Rural,Actif
TX0000885,2022-04-08,Ziguinchor,Paiement,156000.0,Wizall,M,57.0,Urbain,Actif
TX0002448,2022-02-01,Diourbel,Paiement,5800.0,Orange Money,F,25.0,Urbain,Inactif
TX0000917,2023-06-03,Tambacounda,Transfert,50500.0,Wave,M,57.0,Periurbain,Actif
TX0003922,2023-03-05,Ziguinchor,Recharge,34500.0,Orange Money,F,61.0,Urbain,Actif
TX0003916,2023-02-03,Kaolack,Retrait,2000.0,Orange Money,M,55.0,Periurbain,Inactif
TX0002239,2022-05-12,Saint-Louis,Dépôt,41500.0,Wave,M,35.0,Urbain,Actif
TX0004012,2023-01-17,Diourbel,Transfert,303300.0,Wave,F,54.0,Rural,Actif
TX0003395,2023-06-29,Saint-Louis,Paiement,7400.0,Wave,M,54.0,Rural,Suspendu
TX0001265,2022-02-09,Tambacounda,Recharge,32600.0,Orange Money,M,21.0,Periurbain,Actif
TX0000483,2022-12-10,Saint-Louis,Dépôt,15400.0,Orange Money,F,42.0,Periurbain,Actif
TX0004427,2022-02-23,Kaolack,Dépôt,79500.0,Orange Money,M,23.0,Rural,Actif
TX0002963,2023-06-20,Tambacounda,Transfert,84500.0,Free Money,M,61.0,Urbain,Actif
TX0001219,2022-05-30,Thiès,Retrait,5000.0,Orange Money,F,48.0,Periurbain,Actif
TX0000277,2022-12-22,Tambacounda,Dépôt,6900.0,Orange Money,M,62.0,Periurbain,Inactif
TX0000988,2022-05-15,Ziguinchor,Retrait,223200.0,Free Money,M,18.0,Urbain,Actif
TX0002084,2022-10-22,Tambacounda,Retrait,216600.0,Orange Money,F,,Urbain,Inactif
TX0001245,2022-12-09,Kaolack,Retrait,77400.0,Wave,F,46.0,Urbain,Actif
TX0002382,2023-05-17,Saint-Louis,Transfert,33200.0,Wizall,M,30.0,Urbain,Actif
TX0000571,2023-03-05,Tambacounda,Dépôt,19500.0,Free Money,M,20.0,Periurbain,Suspendu
TX0001435,2022-01-17,Kaolack,Transfert,4000.0,Orange Money,M,22.0,Periurbain,Actif
TX0000993,2022-11-19,KAOLACK,Paiement,114900.0,Wave,F,53.0,Urbain,Actif
TX0004573,2023-02-19,Tambacounda,Recharge,79100.0,Wizall,M,24.0,Rural,Actif
TX0003855,2022-02-12,Diourbel,Transfert,40800.0,Wizall,F,60.0,Rural,Actif
TX0000585,2022-05-12,Saint-Louis,Paiement,149700.0,Orange Money,F,22.0,Rural,Actif
TX0003526,2023-06-17,Kaolack,Retrait,36100.0,Orange Money,M,34.0,Periurbain,Actif
TX0003820,2022-07-11,Dakar,Transfert,17500.0,Free Money,F,43.0,Periurbain,Actif
TX0002514,2022-12-09,Ziguinchor,Paiement,14500.0,Wave,F,48.0,Periurbain,Actif
TX0001349,2022-01-22,Dakar,Transfert,103600.0,Wizall,M,21.0,Urbain,Inactif
TX0001007,2023-04-10,Kaolack,Transfert,100900.0,Wave,F,26.0,Periurbain,Actif
TX0000674,2022-08-13,Ziguinchor,Retrait,236900.0,Wave,M,28.0,Rural,Actif
TX0002412,2022-09-23,Thiès,Dépôt,5000.0,Wave,F,28.0,Periurbain,Actif
TX0002903,2022-08-16,Diourbel,Retrait,101200.0,Orange Money,F,30.0,Rural,Actif
TX0000447,2023-02-17,Dakar,Retrait,120900.0,Orange Money,,37.0,Urbain,Actif
TX0003624,2022-05-17,Ziguinchor,Transfert,38900.0,Wave,F,42.0,Rural,Actif
TX0004865,2022-12-14,Kaolack,Retrait,57800.0,Free Money,F,52.0,Urbain,Actif
TX0003865,2022-07-14,Tambacounda,Retrait,473400.0,Orange Money,M,58.0,Periurbain,Inactif
TX0000359,2022-11-11,Ziguinchor,Dépôt,11600.0,Orange Money,M,22.0,Urbain,Actif
TX0002064,2022-01-29,Tambacounda,Transfert,40700.0,Wave,F,56.0,Rural,Actif
TX0004542,2022-04-28,Ziguinchor,Recharge,647200.0,Wizall,M,28.0,Periurbain,Actif
TX0003977,2022-10-28,Diourbel,Dépôt,104900.0,Orange Money,F,19.0,Rural,Actif
TX0001690,2022-04-06,Kaolack,Paiement,71800.0,Wave,M,,Periurbain,Actif
TX0004416,2022-08-16,Dakar,Dépôt,30400.0,Wave,F,37.0,Urbain,Inactif
TX0001548,2022-01-24,Tambacounda,Transfert,36600.0,Wizall,F,26.0,Urbain,Actif
TX0001247,2022-01-18,Kaolack,Retrait,478000.0,Wave,M,47.0,Rural,Inactif
TX0001985,2022-02-14,Thiès,Retrait,73100.0,Orange Money,F,43.0,Rural,Actif
TX0000294,2022-03-11,Ziguinchor,Transfert,335100.0,Free Money,F,39.0,Urbain,Actif
TX0001547,2022-10-28,Saint-Louis,Transfert,37700.0,Wave,M,64.0,Periurbain,Actif
TX0002012,2023-05-11,Tambacounda,Transfert,113200.0,Wizall,F,43.0,Rural,Actif
TX0000588,2022-03-12,Thiès,Transfert,73200.0,Orange Money,M,36.0,Urbain,Actif
TX0003329,2023-01-03,Ziguinchor,Paiement,79500.0,Orange Money,M,54.0,Rural,Actif
TX0002403,2022-06-20,Ziguinchor,Retrait,65600.0,Wave,M,45.0,Periurbain,Actif
TX0002129,2022-08-22,Diourbel,Retrait,9800.0,Orange Money,M,47.0,Urbain,Actif
TX0004478,2022-11-21,Saint-Louis,Dépôt,84500.0,Free Money,M,34.0,Urbain,Actif
TX0003508,2023-04-09,Thiès,Retrait,34600.0,Orange Money,M,44.0,Rural,Actif
TX0002410,2023-01-12,Dakar,Dépôt,11800.0,Wizall,M,44.0,Periurbain,Actif
TX0002719,2022-01-13,Thiès,Paiement,28100.0,Wave,F,40.0,Urbain,Actif
TX0004647,2022-05-19,Ziguinchor,Dépôt,46600.0,Free Money,F,61.0,Rural,Actif
TX0000425,2022-10-28,Dakar,Retrait,62200.0,Orange Money,M,51.0,Rural,Actif
TX0002582,2022-10-03,THIÈS,Dépôt,229500.0,Orange Money,F,45.0,Rural,Actif
TX0001054,2023-06-30,Tambacounda,Recharge,140600.0,Orange Money,M,55.0,Rural,Actif
TX0004649,2022-04-03,DAKAR,Retrait,8400.0,Orange Money,F,34.0,Periurbain,Inactif
TX0004655,2022-04-03,Dakar,Dépôt,210600.0,Orange Money,M,35.0,Periurbain,Actif
TX0000556,2022-03-15,Ziguinchor,Retrait,4400.0,Wave,M,29.0,Rural,Actif
TX0004448,2022-07-02,Kaolack,Transfert,96300.0,Free Money,M,44.0,Rural,Actif
TX0002054,2023-04-10,Dakar,Dépôt,238800.0,Orange Money,M,38.0,Urbain,Inactif
TX0004809,2023-04-16,Thiès,Retrait,114500.0,Wave,M,46.0,Periurbain,Actif
TX0002469,2022-10-25,Kaolack,Dépôt,53200.0,Wizall,M,53.0,Urbain,Inactif
TX0004807,2023-06-07,Diourbel,Dépôt,41300.0,Wizall,M,48.0,Periurbain,Actif
TX0000355,2022-12-18,Tambacounda,Retrait,69700.0,Free Money,F,46.0,Periurbain,Actif
TX0001193,2022-12-06,Dakar,Dépôt,63600.0,Wizall,F,30.0,Periurbain,Actif
TX0001716,2022-02-01,Thiès,Dépôt,313100.0,Orange Money,,62.0,Urbain,Actif
TX0003416,2022-06-21,Diourbel,Recharge,14300.0,Orange Money,,41.0,Periurbain,Actif
TX0002604,2022-01-01,Thiès,Dépôt,9000.0,Free Money,M,51.0,Periurbain,Suspendu
TX0004214,2022-12-15,Dakar,Paiement,74500.0,Wizall,M,53.0,Urbain,Actif
TX0002828,2022-08-23,Diourbel,Retrait,57600.0,Free Money,M,32.0,Periurbain,Actif
TX0001704,2022-08-29,Diourbel,Transfert,28900.0,Orange Money,F,27.0,Periurbain,Actif
TX0002863,2022-11-15,Tambacounda,Dépôt,51400.0,Wizall,M,48.0,Urbain,Actif
TX0002618,2023-04-06,Diourbel,Transfert,41600.0,Orange Money,F,44.0,Rural,Actif
TX0002400,2022-07-06,Diourbel,Dépôt,50400.0,Wave,,53.0,Rural,Actif
TX0002139,2023-04-15,Saint-Louis,Paiement,87900.0,Wizall,,60.0,Urbain,Actif
TX0003239,2022-11-01,DIOURBEL,Retrait,38900.0,Wave,F,55.0,Rural,Actif
TX0002383,2022-08-24,Saint-Louis,Dépôt,11000.0,Orange Money,F,52.0,Rural,Actif
TX0003218,2023-01-29,Tambacounda,Transfert,83000.0,Free Money,M,63.0,Rural,Actif
TX0003907,2022-06-18,Dakar,Retrait,40500.0,Wave,F,,Periurbain,Actif
TX0001285,2022-10-11,Tambacounda,Dépôt,98600.0,Orange Money,F,54.0,Urbain,Actif
TX0003963,2022-11-16,Kaolack,Dépôt,55000.0,Orange Money,F,,Urbain,Actif
TX0004008,2023-01-07,Saint-Louis,Recharge,11000.0,Orange Money,F,50.0,Urbain,Actif
TX0004561,2022-06-07,Saint-Louis,Transfert,43700.0,Wave,F,33.0,Urbain,Suspendu
TX0002087,2022-12-26,Kaolack,Retrait,29600.0,Orange Money,M,35.0,Periurbain,Suspendu
TX0001889,2023-06-27,Ziguinchor,Paiement,51900.0,Wizall,M,21.0,Rural,Inactif
TX0003658,2022-12-03,Tambacounda,Transfert,51300.0,Wave,M,60.0,Urbain,Actif
TX0001591,2023-06-27,Diourbel,Transfert,77100.0,Orange Money,M,33.0,Periurbain,Actif
TX0001346,2022-07-09,SAINT-LOUIS,Dépôt,29000.0,Wizall,M,,Rural,Actif
TX0004523,2022-11-23,Kaolack,Retrait,37900.0,Wizall,,62.0,Rural,Actif
TX0002162,2022-07-12,Saint-Louis,Transfert,20400.0,Orange Money,M,59.0,Periurbain,Actif
TX0002396,2022-03-26,Diourbel,Retrait,70700.0,Orange Money,M,44.0,Rural,Actif
TX0003804,2022-05-23,Diourbel,Transfert,328700.0,Free Money,F,63.0,Rural,Inactif
TX0002271,2022-07-30,Diourbel,Retrait,12500.0,Free Money,M,39.0,Rural,Suspendu
TX0004726,2023-05-16,Tambacounda,Paiement,95000.0,Wizall,F,25.0,Periurbain,Actif
TX0003111,2022-05-13,Thiès,Dépôt,88400.0,Free Money,F,28.0,Periurbain,Actif
TX0001137,2022-09-28,Ziguinchor,Retrait,352800.0,Free Money,M,25.0,Urbain,Actif
TX0004068,2023-01-04,Thiès,Retrait,42400.0,Wizall,M,20.0,Rural,Actif
TX0000972,2023-02-05,Thiès,Transfert,13000.0,Orange Money,M,24.0,Rural,Actif
TX0000795,2023-04-23,Kaolack,Transfert,62400.0,Orange Money,M,58.0,Urbain,Actif
TX0003020,2022-06-06,Dakar,Dépôt,109000.0,Orange Money,F,24.0,Urbain,Actif
TX0001711,2022-02-03,Kaolack,Dépôt,231900.0,Orange Money,M,46.0,Urbain,Actif
TX0003387,2022-11-01,Diourbel,Retrait,33900.0,Wave,F,18.0,Rural,Actif
TX0000036,2022-06-16,Ziguinchor,Transfert,118400.0,Wave,F,36.0,Periurbain,Actif
TX0000453,2023-05-11,Kaolack,Dépôt,11700.0,Wave,M,31.0,Urbain,Inactif
TX0000913,2022-08-12,Tambacounda,Transfert,996900.0,Orange Money,F,40.0,Urbain,Actif
TX0004173,2022-10-18,Dakar,Dépôt,49400.0,Orange Money,F,,Periurbain,Actif
TX0001199,2022-03-13,Saint-Louis,Paiement,114000.0,Orange Money,M,30.0,Rural,Actif
TX0001274,2022-09-20,Kaolack,Recharge,84900.0,Orange Money,F,43.0,Rural,Inactif
TX0002375,2022-05-31,Ziguinchor,Retrait,31700.0,Wave,F,,Periurbain,Actif
TX0000037,2022-02-23,Kaolack,Dépôt,17000.0,Free Money,F,30.0,Periurbain,Actif
TX0000974,2022-01-18,Dakar,Dépôt,214300.0,Orange Money,F,58.0,Urbain,Inactif
TX0003195,2022-10-04,Tambacounda,Dépôt,28800.0,Wave,F,47.0,Urbain,Actif
TX0000983,2022-02-11,Dakar,Retrait,32800.0,Wizall,M,42.0,Periurbain,Actif
TX0004077,2022-05-31,Diourbel,Retrait,193600.0,Wizall,M,60.0,Periurbain,Actif
TX0004166,2022-05-12,Diourbel,Dépôt,226000.0,Orange Money,M,64.0,Rural,Actif
TX0001418,2022-09-05,Tambacounda,Dépôt,56600.0,Orange Money,F,27.0,Urbain,Actif
TX0003332,2022-04-03,Dakar,Transfert,335600.0,Orange Money,F,30.0,Urbain,Actif
TX0001560,2022-07-13,Tambacounda,Retrait,73000.0,Wizall,F,46.0,Periurbain,Actif
TX0000039,2022-08-29,Kaolack,Dépôt,428800.0,Wave,M,,Urbain,Actif
TX0001486,2022-08-05,Kaolack,Retrait,23700.0,Free Money,M,53.0,Periurbain,Actif
TX0004055,2022-01-09,Ziguinchor,Dépôt,22000.0,Wave,M,24.0,Urbain,Actif
TX0000169,2022-11-20,Kaolack,Recharge,23600.0,Orange Money,M,63.0,Rural,Actif
TX0001355,2023-04-23,Saint-Louis,Dépôt,148800.0,Wave,F,30.0,Periurbain,Actif
TX0002785,2022-05-13,Thiès,Transfert,45800.0,Orange Money,M,47.0,Urbain,Actif
TX0003793,2023-02-09,Thiès,Dépôt,8100.0,Wizall,M,54.0,Urbain,Actif
TX0004846,2023-06-03,Thiès,Dépôt,135300.0,Orange Money,M,30.0,Periurbain,Actif
TX0003612,2022-07-24,Thiès,Paiement,167100.0,Wave,M,61.0,Periurbain,Actif
TX0000987,2022-08-26,Ziguinchor,Transfert,50400.0,Wizall,F,31.0,Periurbain,Actif
TX0002682,2022-01-09,Dakar,Retrait,27300.0,Wizall,F,44.0,Urbain,Inactif
TX0004801,2022-02-08,Saint-Louis,Dépôt,173100.0,Wizall,M,31.0,Urbain,Inactif
TX0004145,2022-12-22,Dakar,Paiement,43500.0,Orange Money,,58.0,Periurbain,Actif
TX0001640,2022-10-23,Kaolack,Transfert,430300.0,Orange Money,M,18.0,Urbain,Actif
TX0001290,2022-08-06,Diourbel,Recharge,16900.0,Free Money,M,29.0,Urbain,Actif
TX0003681,2022-03-10,Saint-Louis,Recharge,24900.0,Free Money,M,29.0,Periurbain,Actif
TX0001380,2022-03-31,Diourbel,Recharge,219900.0,Wizall,M,55.0,Urbain,Actif
TX0001933,2022-11-27,Saint-Louis,Retrait,18500.0,Wave,F,26.0,Rural,Actif
TX0000579,2022-05-22,Thiès,Retrait,217300.0,Orange Money,M,64.0,Periurbain,Actif
TX0004307,2022-12-11,Kaolack,Retrait,134800.0,Free Money,F,58.0,Periurbain,Actif
TX0003160,2022-08-31,Thiès,Transfert,67700.0,Wizall,F,58.0,Urbain,Actif
TX0002030,2022-04-19,Dakar,Dépôt,136400.0,Wave,F,37.0,Periurbain,Actif
TX0000892,2023-03-31,Tambacounda,Paiement,6000.0,Wizall,F,28.0,Urbain,Actif
TX0004110,2022-11-05,Ziguinchor,Dépôt,36000.0,Wizall,M,60.0,Rural,Inactif
TX0000780,2023-01-15,Tambacounda,Transfert,61800.0,Orange Money,F,58.0,Rural,Actif
TX0000159,2023-02-03,Thiès,Transfert,23500.0,Wave,F,39.0,Periurbain,Actif
TX0000002,2023-02-05,Dakar,Dépôt,36500.0,Free Money,,57.0,Urbain,Actif
TX0002263,2022-08-31,Ziguinchor,Recharge,399700.0,Wave,F,25.0,Rural,Actif
TX0003216,2022-04-01,THIÈS,Transfert,21500.0,Free Money,M,49.0,Periurbain,Actif
TX0002109,2023-06-22,Tambacounda,Transfert,203600.0,Orange Money,M,39.0,Periurbain,Actif
TX0000849,2022-11-22,Thiès,Dépôt,37100.0,Wizall,M,33.0,Urbain,Actif
TX0002737,2022-10-25,Thiès,Transfert,31000.0,Wizall,M,60.0,Urbain,Actif
TX0002466,2022-08-05,Tambacounda,Paiement,35400.0,Orange Money,F,18.0,Rural,Actif
TX0003858,2022-08-09,Kaolack,Transfert,22000.0,Free Money,F,26.0,Rural,Actif
TX0003811,2022-09-08,Dakar,Retrait,25100.0,Orange Money,M,62.0,Urbain,Actif
TX0001596,2022-05-30,Dakar,Retrait,13600.0,Wave,F,54.0,Periurbain,Actif
TX0001776,2023-01-12,Tambacounda,Recharge,116700.0,Wave,M,41.0,Urbain,Actif
TX0001913,2022-07-21,Tambacounda,Dépôt,6900.0,Orange Money,,34.0,Rural,Inactif
TX0001043,2022-12-09,Saint-Louis,Dépôt,426300.0,Orange Money,M,57.0,Rural,Actif
TX0004810,2022-04-03,Ziguinchor,Retrait,125900.0,Orange Money,M,21.0,Periurbain,Actif
TX0001544,2023-06-11,Ziguinchor,Transfert,70300.0,Wave,F,23.0,Rural,Suspendu
TX0002736,2023-06-27,Dakar,Paiement,27300.0,Wave,M,54.0,Urbain,Actif
TX0003868,2022-12-27,Diourbel,Paiement,119700.0,Orange Money,F,37.0,Urbain,Actif
TX0004712,2022-05-21,Saint-Louis,Paiement,152700.0,Orange Money,M,36.0,Rural,Inactif
TX0000053,2023-05-05,Ziguinchor,Transfert,62000.0,Wave,M,27.0,Urbain,Inactif
TX0001796,2023-01-27,Saint-Louis,Transfert,28200.0,Orange Money,M,27.0,Urbain,Actif
TX0003588,2022-03-10,Ziguinchor,Transfert,271900.0,Orange Money,,31.0,Urbain,Actif
TX0001911,2023-04-25,Kaolack,Recharge,18500.0,Orange Money,M,62.0,Periurbain,Actif
TX0002306,2022-02-17,Ziguinchor,Retrait,7800.0,Wave,M,23.0,Urbain,Actif
TX0002553,2023-06-03,Diourbel,Paiement,94600.0,Orange Money,M,53.0,Urbain,Actif
TX0002800,2023-03-10,Thiès,Retrait,9100.0,Orange Money,F,36.0,Urbain,Actif
TX0000936,2022-01-11,Diourbel,Transfert,26400.0,Free Money,M,32.0,Periurbain,Actif
TX0004212,2022-10-25,Thiès,Dépôt,182000.0,Orange Money,F,49.0,Urbain,Actif
TX0000824,2022-10-21,Ziguinchor,Dépôt,14500.0,Wizall,M,45.0,Rural,Actif
TX0004831,2023-02-09,Tambacounda,Paiement,131700.0,Wave,F,58.0,Periurbain,Actif
TX0003178,2023-03-22,Dakar,Dépôt,35500.0,Free Money,M,,Periurbain,Actif
TX0003401,2022-02-21,Tambacounda,Dépôt,20100.0,Wave,F,30.0,Rural,Actif
TX0001389,2022-09-06,Kaolack,Retrait,44100.0,Orange Money,,51.0,Rural,Actif
TX0003564,2022-09-08,Thiès,Transfert,76600.0,Wave,F,29.0,Periurbain,Suspendu
TX0004975,2022-09-02,Thiès,Retrait,32600.0,Free Money,,58.0,Urbain,Actif
TX0000884,2023-03-14,Tambacounda,Retrait,66300.0,Wizall,F,30.0,Periurbain,Inactif
TX0003972,2022-05-31,Tambacounda,Transfert,39900.0,Wave,M,34.0,Urbain,Actif
TX0003646,2022-09-24,Dakar,Paiement,96300.0,Wave,M,39.0,Rural,Actif
TX0003731,2023-06-14,Thiès,Dépôt,42300.0,Orange Money,F,32.0,Periurbain,Actif
TX0001607,2023-03-14,Kaolack,Retrait,294700.0,Orange Money,M,53.0,Urbain,Actif
TX0001594,2023-02-01,Diourbel,Transfert,16900.0,Free Money,M,40.0,Urbain,Actif
TX0000771,2023-04-09,Ziguinchor,Transfert,91900.0,Orange Money,M,30.0,Urbain,Actif
TX0002611,2022-01-03,Thiès,Retrait,24400.0,Free Money,F,52.0,Periurbain,Actif
TX0004024,2023-01-04,Kaolack,Retrait,206100.0,Wave,M,18.0,Rural,Actif
TX0002273,2022-12-23,Ziguinchor,Dépôt,8400.0,Orange Money,F,26.0,Periurbain,Actif
TX0001868,2022-03-14,TAMBACOUNDA,Dépôt,225000.0,Free Money,M,55.0,Rural,Actif
TX0001085,2022-09-13,Thiès,Recharge,35300.0,Wave,F,39.0,Periurbain,Actif
TX0000010,2022-01-12,Dakar,Retrait,823200.0,Wave,F,53.0,Rural,Actif
TX0004762,2023-02-17,Ziguinchor,Paiement,485600.0,Wave,M,21.0,Periurbain,Inactif
TX0001325,2022-07-04,Tambacounda,Transfert,31000.0,Wave,M,,Urbain,Inactif
TX0003390,2022-06-26,Thiès,Recharge,1028000.0,Orange Money,M,43.0,Urbain,Actif
TX0001463,2022-12-26,Diourbel,Dépôt,60300.0,Orange Money,M,59.0,Rural,Actif
TX0000806,2023-05-27,Thiès,Dépôt,21100.0,Orange Money,F,,Rural,Actif
TX0003898,2022-10-23,Diourbel,Transfert,55500.0,Orange Money,F,26.0,Urbain,Actif
TX0004126,2023-01-07,Tambacounda,Transfert,62400.0,Orange Money,F,22.0,Urbain,Actif
TX0003937,2022-03-29,Ziguinchor,Dépôt,96700.0,Free Money,M,26.0,Urbain,Actif
TX0002108,2022-06-01,Tambacounda,Recharge,312600.0,Orange Money,M,,Urbain,Actif
TX0004323,2022-09-21,Tambacounda,Dépôt,47400.0,Orange Money,F,,Periurbain,Actif
TX0003348,2022-06-21,Ziguinchor,Transfert,1700.0,Free Money,F,34.0,Urbain,Actif
TX0002234,2023-01-01,Kaolack,Retrait,49600.0,Wizall,F,37.0,Urbain,Actif
TX0003211,2023-01-04,Kaolack,Dépôt,132300.0,Free Money,,25.0,Urbain,Actif
TX0000963,2022-08-01,Saint-Louis,Transfert,182400.0,Wave,M,21.0,Urbain,Actif
TX0003415,2022-11-06,Dakar,Recharge,45400.0,Orange Money,F,33.0,Urbain,Actif
TX0003918,2023-01-03,Kaolack,Recharge,704400.0,Wave,M,35.0,Rural,Actif
TX0000398,2023-02-15,Ziguinchor,Paiement,185200.0,Orange Money,M,41.0,Periurbain,Actif
TX0002632,2022-01-03,Tambacounda,Retrait,72400.0,Wave,M,61.0,Periurbain,Actif
TX0004949,2023-04-08,Kaolack,Paiement,113200.0,Free Money,M,23.0,Urbain,Inactif
TX0002996,2022-03-28,Tambacounda,Paiement,35800.0,Wave,M,29.0,Rural,Inactif
TX0000704,2022-02-04,Tambacounda,Retrait,11300.0,Free Money,F,43.0,Urbain,Inactif
TX0000431,2023-02-21,Diourbel,Dépôt,70400.0,Wave,M,23.0,Periurbain,Actif
TX0004763,2022-05-16,Saint-Louis,Paiement,132800.0,Free Money,M,61.0,Urbain,Inactif
TX0000292,2023-03-26,Kaolack,Paiement,9200.0,Free Money,F,19.0,Periurbain,Actif
TX0004965,2022-04-29,Dakar,Dépôt,9500.0,Free Money,F,42.0,Rural,Actif
TX0000145,2022-01-21,Dakar,Transfert,65900.0,Orange Money,F,38.0,Rural,Actif
TX0004232,2022-07-16,Kaolack,Transfert,34000.0,Orange Money,F,44.0,Urbain,Actif
TX0002033,2023-06-16,Ziguinchor,Transfert,27800.0,Orange Money,M,64.0,Urbain,Actif
TX0003741,2023-03-24,Tambacounda,Dépôt,381100.0,Wizall,F,22.0,Urbain,Actif
TX0004293,2023-05-12,Diourbel,Recharge,154200.0,Wave,M,26.0,Urbain,Inactif
TX0001165,2023-03-24,Ziguinchor,Retrait,63300.0,Orange Money,M,64.0,Urbain,Actif
TX0003500,2022-06-06,Saint-Louis,Transfert,66800.0,Wave,F,40.0,Urbain,Actif
TX0002050,2022-09-08,Tambacounda,Dépôt,18100.0,Free Money,M,23.0,Urbain,Suspendu
TX0003760,2022-03-07,Kaolack,Retrait,27200.0,Wave,M,42.0,Urbain,Actif
TX0002624,2022-07-26,Tambacounda,Dépôt,351600.0,Wave,M,22.0,Urbain,Actif
TX0004527,2023-05-15,Saint-Louis,Transfert,30400.0,Orange Money,F,59.0,Periurbain,Actif
TX0000339,2022-02-23,Kaolack,Dépôt,9800.0,Wave,F,36.0,Rural,Actif
TX0004050,2023-05-27,Thiès,Dépôt,427900.0,Orange Money,M,46.0,Periurbain,Actif
TX0003834,2022-09-09,Ziguinchor,Retrait,208600.0,Wave,M,26.0,Urbain,Actif
TX0002973,2023-02-06,Kaolack,Dépôt,12800.0,Free Money,M,50.0,Periurbain,Actif
TX0000265,2023-02-10,Ziguinchor,Retrait,1900.0,Orange Money,M,38.0,Urbain,Actif
TX0002424,2022-06-08,Kaolack,Recharge,44600.0,Free Money,M,59.0,Urbain,Actif
TX0001262,2022-06-19,Diourbel,Retrait,1043500.0,Wave,F,41.0,Periurbain,Actif
TX0001771,2023-03-06,Tambacounda,Dépôt,96500.0,Wave,F,30.0,Urbain,Actif
TX0003511,2022-02-06,Dakar,Paiement,204000.0,Free Money,M,21.0,Urbain,Actif
TX0000271,2023-03-20,ZIGUINCHOR,Retrait,6400.0,Orange Money,F,27.0,Urbain,Inactif
TX0000696,2022-06-07,Ziguinchor,Paiement,5300.0,Free Money,F,23.0,Rural,Actif
TX0000747,2022-10-25,Dakar,Transfert,33500.0,Orange Money,M,55.0,Rural,Actif
TX0000244,2022-01-09,Thiès,Dépôt,1003400.0,Wizall,M,61.0,Periurbain,Actif
TX0000317,2022-04-05,Diourbel,Dépôt,20600.0,Free Money,F,57.0,Rural,Actif
TX0000476,2022-02-10,Diourbel,Retrait,39300.0,Wave,F,43.0,Periurbain,Actif
TX0002032,2022-09-11,Diourbel,Dépôt,102400.0,Orange Money,M,26.0,Urbain,Actif
TX0000957,2022-01-26,Diourbel,Transfert,123600.0,Wizall,F,58.0,Urbain,Actif
TX0003984,2023-03-24,Dakar,Dépôt,20200.0,Orange Money,F,59.0,Urbain,Actif
TX0000813,2023-05-19,Saint-Louis,Dépôt,85300.0,Free Money,F,50.0,Urbain,Actif
TX0004257,2022-09-05,Diourbel,Retrait,65900.0,Free Money,,47.0,Periurbain,Actif
TX0001914,2022-09-03,Saint-Louis,Retrait,4200.0,Orange Money,F,52.0,Urbain,Actif
TX0003810,2023-01-14,Kaolack,Dépôt,158300.0,Orange Money,F,63.0,Urbain,Actif
TX0004696,2022-10-04,Kaolack,Dépôt,110300.0,Orange Money,M,54.0,Rural,Actif
TX0003487,2022-01-29,Dakar,Dépôt,9200.0,Orange Money,F,28.0,Periurbain,Actif
TX0001297,2022-02-27,Thiès,Paiement,163600.0,Orange Money,M,,Rural,Actif
TX0004149,2023-03-03,Thiès,Dépôt,165300.0,Wave,F,20.0,Urbain,Actif
TX0001804,2022-07-11,Dakar,Retrait,37800.0,Free Money,M,33.0,Periurbain,Actif
TX0000758,2023-05-04,Ziguinchor,Transfert,18200.0,Orange Money,M,47.0,Rural,Suspendu
TX0000250,2022-06-11,Ziguinchor,Retrait,279500.0,Orange Money,,46.0,Urbain,Actif
TX0002461,2023-04-27,Saint-Louis,Recharge,109700.0,Wave,M,25.0,Periurbain,Actif
TX0000545,2022-07-15,Ziguinchor,Recharge,29900.0,Wave,F,44.0,Rural,Actif
TX0003241,2022-08-23,Kaolack,Transfert,19600.0,Wave,F,58.0,Rural,Inactif
TX0000738,2022-08-29,Saint-Louis,Recharge,45400.0,Wizall,F,59.0,Periurbain,Actif
TX0000310,2022-08-29,Dakar,Dépôt,77000.0,Wizall,F,,Periurbain,Actif
TX0003946,2022-12-28,Tambacounda,Paiement,120700.0,Wave,F,63.0,Periurbain,Actif
TX0002941,2022-11-26,Tambacounda,Transfert,47700.0,Wave,F,62.0,Rural,Actif
TX0001131,2022-09-29,Dakar,Paiement,9300.0,Free Money,M,52.0,Urbain,Actif
TX0001449,2023-01-09,Thiès,Recharge,72700.0,Orange Money,M,42.0,Periurbain,Actif
TX0000019,2022-06-09,Ziguinchor,Retrait,578700.0,Free Money,M,57.0,Periurbain,Actif
TX0000015,2022-04-11,Kaolack,Recharge,44900.0,Wave,M,52.0,Periurbain,Actif
TX0003232,2022-05-15,Thiès,Retrait,311600.0,Orange Money,M,39.0,Urbain,Actif
TX0002769,2023-01-07,Dakar,Retrait,332500.0,Orange Money,,29.0,Urbain,Actif
TX0003468,2023-04-04,Thiès,Transfert,211600.0,Wave,M,33.0,Periurbain,Actif
TX0000920,2023-04-21,Diourbel,Transfert,26300.0,Orange Money,F,51.0,Rural,Actif
TX0003029,2022-12-12,Dakar,Dépôt,56300.0,Orange Money,M,22.0,Urbain,Actif
TX0001372,2023-04-13,Ziguinchor,Retrait,27200.0,Wave,M,47.0,Periurbain,Actif
TX0003587,2023-02-22,Saint-Louis,Paiement,5100.0,Wave,M,28.0,Rural,Actif
TX0002544,2022-02-18,Thiès,Dépôt,45500.0,Orange Money,F,20.0,Urbain,Actif
TX0003598,2022-07-23,Tambacounda,Dépôt,124500.0,Free Money,M,36.0,Rural,Actif
TX0000038,2023-01-10,Ziguinchor,Recharge,307100.0,Orange Money,F,33.0,Rural,Actif
TX0000363,2022-10-26,Thiès,Transfert,8800.0,Orange Money,F,54.0,Urbain,Actif
TX0004525,2022-08-24,Saint-Louis,Transfert,321800.0,Wave,M,42.0,Urbain,Actif
TX0000182,2023-05-21,Diourbel,Paiement,86600.0,Orange Money,M,64.0,Periurbain,Actif
TX0003033,2022-02-25,Ziguinchor,Retrait,61700.0,Wave,M,45.0,Urbain,Actif
TX0002983,2023-03-23,Saint-Louis,Dépôt,12300.0,Orange Money,M,45.0,Urbain,Actif
TX0001194,2022-01-26,Ziguinchor,Transfert,106400.0,Orange Money,F,44.0,Periurbain,Actif
TX0002852,2022-04-15,Thiès,Dépôt,47100.0,Wave,F,29.0,Urbain,Actif
TX0003931,2022-04-10,Ziguinchor,Paiement,20300.0,Orange Money,F,52.0,Urbain,Actif
TX0001121,2023-06-07,Ziguinchor,Paiement,12000.0,Orange Money,M,41.0,Rural,Actif
TX0002235,2022-11-21,Saint-Louis,Dépôt,14000.0,Free Money,M,63.0,Periurbain,Inactif
TX0002667,2022-12-23,Ziguinchor,Transfert,76400.0,Orange Money,M,36.0,Rural,Actif
TX0003861,2022-12-01,Dakar,Transfert,75400.0,Orange Money,F,34.0,Urbain,Actif
TX0003223,2022-01-11,Ziguinchor,Dépôt,52100.0,Orange Money,F,33.0,Rural,Actif
TX0001182,2022-12-13,Saint-Louis,Recharge,136900.0,Orange Money,M,22.0,Periurbain,Actif
TX0004270,2022-12-21,Thiès,Transfert,23300.0,Orange Money,F,46.0,Urbain,Actif
TX0004383,2022-11-06,Saint-Louis,Transfert,440400.0,Orange Money,F,50.0,Urbain,Actif
TX0000614,2023-04-23,Kaolack,Paiement,17900.0,Wave,F,49.0,Urbain,Actif
TX0000116,2023-03-16,Dakar,Transfert,189900.0,Free Money,M,39.0,Periurbain,Inactif
TX0001466,2023-06-19,Tambacounda,Retrait,46800.0,Free Money,,55.0,Urbain,Actif
TX0000401,2023-05-09,Saint-Louis,Retrait,204900.0,Wave,F,40.0,Urbain,Actif
TX0003042,2022-03-03,Thiès,Dépôt,13300.0,Wave,M,32.0,Periurbain,Actif
TX0000934,2022-04-04,KAOLACK,Dépôt,12000.0,Free Money,F,18.0,Periurbain,Actif
TX0002419,2022-08-01,Thiès,Recharge,230900.0,Orange Money,F,63.0,Urbain,Actif
TX0004148,2023-02-03,TAMBACOUNDA,Retrait,17000.0,Wave,F,21.0,Rural,Actif
TX0004607,2022-04-10,Kaolack,Paiement,41200.0,Wave,M,56.0,Urbain,Inactif
TX0002641,2022-02-27,Diourbel,Retrait,9400.0,Wave,M,48.0,Periurbain,Actif
TX0004438,2023-06-27,Kaolack,Transfert,67700.0,Orange Money,F,60.0,Urbain,Actif
TX0000726,2022-03-18,Tambacounda,Recharge,21400.0,Orange Money,F,57.0,Rural,Actif
TX0000826,2022-07-09,Ziguinchor,Retrait,205900.0,Orange Money,F,36.0,Urbain,Actif
TX0001521,2023-05-27,Saint-Louis,Dépôt,24400.0,Wave,F,40.0,Periurbain,Actif
TX0004842,2022-07-12,Tambacounda,Recharge,14100.0,Orange Money,F,39.0,Rural,Actif
TX0002930,2022-11-20,Diourbel,Dépôt,11900.0,Wave,F,37.0,Rural,Actif
TX0000136,2022-10-11,Thiès,Paiement,37600.0,Orange Money,F,24.0,Urbain,Actif
TX0003590,2023-06-05,Thiès,Paiement,66500.0,Wave,F,61.0,Periurbain,Suspendu
TX0000628,2022-01-21,Diourbel,Dépôt,29300.0,Orange Money,M,35.0,Urbain,Actif
TX0000334,2022-01-26,Thiès,Recharge,29200.0,Orange Money,F,33.0,Urbain,Inactif
TX0003853,2023-05-29,Saint-Louis,Recharge,250800.0,Orange Money,M,49.0,Periurbain,Actif
TX0000390,2023-06-26,Dakar,Transfert,148100.0,Free Money,F,32.0,Urbain,Actif
TX0004477,2022-07-15,Kaolack,Paiement,32500.0,Orange Money,M,51.0,Rural,Actif
TX0004974,2022-05-18,Thiès,Recharge,496600.0,Wave,M,57.0,Rural,Actif
TX0004497,2022-03-14,Ziguinchor,Paiement,110500.0,Wizall,F,,Rural,Actif
TX0001817,2023-02-25,Dakar,Retrait,166700.0,Wave,M,60.0,Rural,Inactif
TX0000400,2022-02-26,Dakar,Transfert,620300.0,Orange Money,F,35.0,Rural,Actif
TX0000710,2023-02-20,Ziguinchor,Dépôt,63200.0,Wave,M,60.0,Urbain,Actif
TX0001039,2022-06-22,Diourbel,Dépôt,173600.0,Orange Money,M,31.0,Periurbain,Actif
TX0000777,2023-01-31,Dakar,Retrait,68500.0,Orange Money,M,22.0,Urbain,Actif
TX0003359,2022-12-27,Kaolack,Dépôt,32300.0,Wave,M,35.0,Periurbain,Actif
TX0000046,2022-06-20,Saint-Louis,Paiement,602100.0,Wave,M,42.0,Rural,Actif
TX0001561,2022-05-10,Tambacounda,Retrait,11400.0,Orange Money,M,55.0,Periurbain,Actif
TX0004897,2022-06-12,Dakar,Retrait,121800.0,Orange Money,F,47.0,Urbain,Suspendu
TX0003642,2022-09-14,Ziguinchor,Retrait,132600.0,Free Money,F,59.0,Rural,Actif
TX0003726,2022-02-03,Diourbel,Paiement,59600.0,Wave,F,48.0,Periurbain,Suspendu
TX0004941,2022-08-26,Ziguinchor,Retrait,37600.0,Orange Money,M,43.0,Rural,Actif
TX0001112,2022-05-03,Diourbel,Dépôt,13900.0,Free Money,M,34.0,Rural,Actif
TX0002513,2022-10-07,Dakar,Retrait,17900.0,Orange Money,M,64.0,Urbain,Suspendu
TX0003608,2023-05-23,Tambacounda,Transfert,90300.0,Wizall,F,53.0,Urbain,Actif
TX0001223,2023-06-01,Kaolack,Dépôt,192600.0,Free Money,F,25.0,Urbain,Actif
TX0004955,2023-02-14,Kaolack,Retrait,86300.0,Free Money,F,20.0,Urbain,Actif
TX0003023,2022-07-01,Dakar,Retrait,114100.0,Orange Money,F,38.0,Periurbain,Actif
TX0002421,2022-01-13,Kaolack,Retrait,135900.0,Wave,M,57.0,Rural,Actif
TX0001508,2022-11-29,Ziguinchor,Dépôt,35200.0,Wave,M,36.0,Urbain,Actif
TX0001750,2022-10-20,Diourbel,Retrait,89100.0,Wave,M,32.0,Urbain,Actif
TX0004935,2022-07-12,Saint-Louis,Dépôt,13800.0,Orange Money,M,30.0,Rural,Actif
TX0004180,2022-08-09,Kaolack,Retrait,99000.0,Orange Money,M,55.0,Urbain,Actif
TX0001799,2022-01-07,Dakar,Retrait,18200.0,Orange Money,F,58.0,Periurbain,Actif
TX0000338,2022-09-17,TAMBACOUNDA,Paiement,738100.0,Orange Money,F,33.0,Rural,Inactif
TX0000215,2022-05-10,Diourbel,Dépôt,33800.0,Orange Money,M,57.0,Rural,Actif
TX0003663,2022-01-20,Thiès,Dépôt,24900.0,Orange Money,M,23.0,Urbain,Actif
TX0001341,2022-09-11,Tambacounda,Dépôt,122900.0,Free Money,M,38.0,Periurbain,Actif
TX0000011,2023-06-15,Diourbel,Retrait,118700.0,Wave,M,24.0,Periurbain,Actif
TX0003886,2023-05-17,Ziguinchor,Transfert,75300.0,Wave,M,,Urbain,Actif
TX0001520,2022-02-02,Kaolack,Transfert,221500.0,Wizall,F,,Urbain,Inactif
TX0003894,2023-02-05,Thiès,Paiement,139300.0,Orange Money,F,61.0,Urbain,Actif
TX0003640,2022-05-11,Ziguinchor,Recharge,57900.0,Wizall,F,63.0,Periurbain,Actif
TX0000329,2022-05-16,Diourbel,Dépôt,31900.0,Orange Money,M,63.0,Urbain,Actif
TX0003941,2023-05-07,Diourbel,Recharge,55900.0,Wave,F,32.0,Periurbain,Actif
TX0003004,2022-11-09,KAOLACK,Transfert,6600.0,Orange Money,M,20.0,Urbain,Actif
TX0002864,2022-08-27,Ziguinchor,Retrait,20100.0,Orange Money,M,39.0,Periurbain,Actif
TX0003115,2023-04-25,Diourbel,Retrait,57900.0,Free Money,F,,Urbain,Actif
TX0004938,2023-02-21,Diourbel,Paiement,4500.0,Free Money,F,29.0,Periurbain,Suspendu
TX0002322,2022-11-29,Thiès,Recharge,29100.0,Orange Money,F,18.0,Urbain,Actif
TX0002571,2023-05-11,Ziguinchor,Dépôt,41500.0,Free Money,F,53.0,Rural,Actif
TX0002913,2023-06-13,ZIGUINCHOR,Transfert,456900.0,Orange Money,M,43.0,Urbain,Actif
TX0000101,2022-12-15,Thiès,Transfert,85800.0,Free Money,M,34.0,Urbain,Actif
TX0003549,2022-11-05,Saint-Louis,Paiement,23600.0,Wizall,F,44.0,Rural,Actif
TX0001458,2022-04-28,Dakar,Paiement,14400.0,Orange Money,M,64.0,Urbain,Actif
TX0000171,2022-01-10,Dakar,Transfert,9500.0,Wizall,F,39.0,Urbain,Actif
TX0000107,2023-02-18,Thiès,Dépôt,96000.0,Orange Money,M,20.0,Urbain,Actif
TX0004283,2022-02-02,Tambacounda,Recharge,33700.0,Wave,M,34.0,Periurbain,Actif
TX0003569,2023-04-17,Kaolack,Transfert,1072800.0,Free Money,M,53.0,Urbain,Actif
TX0004011,2022-08-03,Dakar,Recharge,11300.0,Wizall,M,39.0,Rural,Actif
TX0003874,2022-01-23,Kaolack,Retrait,29900.0,Wave,M,21.0,Urbain,Actif
TX0004385,2022-11-02,Tambacounda,Recharge,44700.0,Orange Money,,64.0,Urbain,Inactif
TX0000024,2022-09-07,Thiès,Transfert,87000.0,Orange Money,F,24.0,Periurbain,Actif
TX0004031,2022-05-29,Saint-Louis,Retrait,32400.0,Orange Money,F,25.0,Urbain,Actif
TX0004207,2022-10-24,Kaolack,Dépôt,30600.0,Free Money,M,20.0,Rural,Inactif
TX0000938,2022-03-06,Tambacounda,Dépôt,197300.0,Orange Money,M,53.0,Urbain,Actif
TX0000060,2022-08-01,Tambacounda,Retrait,61200.0,Wizall,M,33.0,Rural,Actif
TX0001240,2023-04-21,Kaolack,Transfert,47100.0,Free Money,F,50.0,Urbain,Actif
TX0004733,2023-05-24,SAINT-LOUIS,Recharge,176800.0,Wizall,M,61.0,Rural,Actif
TX0001040,2022-10-23,Diourbel,Paiement,84500.0,Wave,M,27.0,Rural,Actif
TX0004273,2022-09-19,Thiès,Recharge,79800.0,Free Money,M,44.0,Urbain,Actif
TX0002760,2022-03-22,Tambacounda,Transfert,4200.0,Wizall,F,46.0,Rural,Actif
TX0002120,2023-03-16,Tambacounda,Paiement,38600.0,Orange Money,M,43.0,Periurbain,Actif
TX0001524,2022-09-23,Dakar,Dépôt,85200.0,Wave,F,38.0,Urbain,Actif
TX0003521,2022-09-14,Thiès,Paiement,15000.0,Wave,F,53.0,Rural,Actif
TX0000153,2022-09-25,Tambacounda,Dépôt,17400.0,Orange Money,M,53.0,Urbain,Actif
TX0002248,2022-11-24,Tambacounda,Recharge,219600.0,Orange Money,M,20.0,Urbain,Actif
TX0000481,2023-01-16,Saint-Louis,Paiement,186300.0,Wave,F,53.0,Periurbain,Actif
TX0004320,2022-11-14,Thiès,Dépôt,47700.0,Wave,M,24.0,Periurbain,Actif
TX0004395,2023-04-06,Ziguinchor,Retrait,11800.0,Wave,F,48.0,Periurbain,Actif
TX0003578,2023-02-10,Ziguinchor,Recharge,195300.0,Wizall,M,24.0,Urbain,Actif
TX0004210,2022-02-27,Thiès,Transfert,32700.0,Wizall,F,43.0,Periurbain,Actif
TX0003920,2023-06-02,SAINT-LOUIS,Paiement,10900.0,Free Money,F,37.0,Periurbain,Actif
TX0003562,2022-02-01,DAKAR,Retrait,26900.0,Wave,F,41.0,Urbain,Actif
TX0003315,2022-12-28,Tambacounda,Paiement,130400.0,Orange Money,M,25.0,Periurbain,Actif
TX0001762,2022-02-23,Dakar,Dépôt,39700.0,Free Money,M,64.0,Rural,Actif
TX0003538,2023-01-04,Thiès,Recharge,45700.0,Wave,F,20.0,Urbain,Actif
TX0004901,2022-09-22,Diourbel,Recharge,42400.0,Wave,,29.0,Urbain,Actif
TX0000750,2022-03-05,Tambacounda,Dépôt,187500.0,Orange Money,F,19.0,Urbain,Actif
TX0003619,2022-04-06,Thiès,Dépôt,15500.0,Wave,M,19.0,Urbain,Suspendu
TX0001785,2023-05-05,Kaolack,Dépôt,45400.0,Orange Money,,48.0,Urbain,Actif
TX0004624,2023-06-01,Kaolack,Dépôt,262100.0,Wizall,M,64.0,Rural,Actif
TX0003383,2022-05-22,Dakar,Paiement,140000.0,Free Money,M,37.0,Urbain,Actif
TX0004223,2023-03-20,Saint-Louis,Dépôt,2000000.0,Orange Money,F,50.0,Urbain,Actif
TX0000405,2023-05-05,Thiès,Dépôt,9000.0,Orange Money,M,56.0,Rural,Actif
TX0000757,2022-10-19,Kaolack,Retrait,34100.0,Wizall,F,44.0,Rural,Actif
TX0002711,2022-10-11,Kaolack,Paiement,89800.0,Wave,F,33.0,Urbain,Suspendu
TX0002670,2022-12-19,Kaolack,Dépôt,13700.0,Free Money,F,22.0,Urbain,Actif
TX0004124,2023-03-10,Diourbel,Transfert,242100.0,Wave,F,28.0,Rural,Actif
TX0000097,2022-08-22,Kaolack,Dépôt,26200.0,Orange Money,,27.0,Periurbain,Actif
TX0001333,2023-06-29,Thiès,Transfert,153300.0,Orange Money,M,57.0,Rural,Actif
TX0004544,2022-08-07,Kaolack,Dépôt,98800.0,Orange Money,F,23.0,Rural,Actif
TX0002791,2023-06-21,Tambacounda,Dépôt,26500.0,Free Money,F,58.0,Rural,Actif
TX0002854,2022-02-25,Diourbel,Paiement,379600.0,Wave,M,27.0,Rural,Suspendu
TX0000186,2023-03-24,Thiès,Dépôt,24800.0,Orange Money,,23.0,Urbain,Actif
TX0001136,2023-04-11,TAMBACOUNDA,Retrait,89400.0,Wizall,M,46.0,Urbain,Actif
TX0002723,2022-09-08,Saint-Louis,Transfert,19800.0,Orange Money,M,35.0,Periurbain,Actif
TX0003583,2023-04-16,Thiès,Retrait,23200.0,Wave,M,45.0,Urbain,Inactif
TX0002058,2022-12-23,Kaolack,Recharge,15700.0,Orange Money,M,50.0,Urbain,Actif
TX0001319,2022-02-03,Diourbel,Retrait,23500.0,Free Money,F,18.0,Urbain,Actif
TX0004560,2023-01-29,Thiès,Retrait,582000.0,Wave,F,40.0,Periurbain,Actif
TX0000148,2022-01-29,Ziguinchor,Paiement,16000.0,Wave,F,50.0,Periurbain,Actif
TX0000028,2022-11-21,Thiès,Dépôt,37200.0,Free Money,F,57.0,Urbain,Actif
TX0004229,2022-04-14,Dakar,Dépôt,272800.0,Wave,M,42.0,Urbain,Actif
TX0001394,2022-07-04,Diourbel,Dépôt,32400.0,Orange Money,F,26.0,Urbain,Inactif
TX0003363,2022-05-25,Tambacounda,Retrait,1600.0,Wave,F,56.0,Rural,Suspendu
TX0000692,2022-10-05,Thiès,Dépôt,26500.0,Free Money,F,,Periurbain,Actif
TX0002866,2022-10-10,Kaolack,Paiement,38100.0,Orange Money,M,29.0,Rural,Inactif
TX0003776,2023-03-26,Ziguinchor,Dépôt,41800.0,Orange Money,F,40.0,Rural,Suspendu
TX0001386,2023-02-28,Ziguinchor,Paiement,105900.0,Wizall,F,36.0,Periurbain,Actif
TX0001845,2022-05-12,Kaolack,Transfert,615800.0,Free Money,,24.0,Periurbain,Actif
TX0004828,2022-06-19,Saint-Louis,Transfert,38200.0,Wave,F,47.0,Urbain,Actif
TX0000129,2022-10-07,Saint-Louis,Dépôt,25700.0,Wave,M,48.0,Rural,Actif
TX0001599,2023-05-05,Dakar,Dépôt,444100.0,Orange Money,M,54.0,Urbain,Actif
TX0003629,2022-12-10,Ziguinchor,Transfert,62100.0,Wave,M,45.0,Periurbain,Actif
TX0004596,2023-02-12,Saint-Louis,Dépôt,89200.0,Orange Money,M,35.0,Rural,Actif
TX0000701,2022-01-29,Saint-Louis,Paiement,317100.0,Orange Money,M,26.0,Periurbain,Suspendu
TX0003547,2022-09-23,Thiès,Dépôt,158000.0,Orange Money,F,59.0,Urbain,Actif
TX0003028,2023-01-03,TAMBACOUNDA,Dépôt,16700.0,Wave,M,59.0,Periurbain,Inactif
TX0002969,2022-09-29,Thiès,Dépôt,298700.0,Wave,M,34.0,Periurbain,Actif
TX0004446,2022-04-09,Ziguinchor,Retrait,29500.0,Free Money,M,39.0,Periurbain,Actif
TX0001708,2022-12-05,Diourbel,Paiement,48500.0,Orange Money,F,29.0,Rural,Actif
TX0002953,2022-09-10,Ziguinchor,Transfert,31400.0,Orange Money,F,38.0,Urbain,Actif
TX0000454,2022-03-02,THIÈS,Paiement,20300.0,Orange Money,,18.0,Urbain,Actif
TX0002868,2022-06-04,Thiès,Retrait,101700.0,Wave,F,45.0,Urbain,Suspendu
TX0002040,2023-04-11,Tambacounda,Paiement,653200.0,Orange Money,M,52.0,Rural,Actif
TX0001772,2023-05-03,Thiès,Dépôt,96100.0,Orange Money,F,26.0,Urbain,Actif
TX0002315,2022-03-13,Saint-Louis,Retrait,11900.0,Wave,M,37.0,Periurbain,Actif
TX0000609,2023-01-13,Diourbel,Transfert,163900.0,Wave,M,64.0,Periurbain,Actif
TX0000167,2022-04-13,Dakar,Paiement,79100.0,Wave,M,63.0,Periurbain,Actif
TX0000730,2022-03-31,Diourbel,Dépôt,106500.0,Free Money,M,,Urbain,Actif
TX0004337,2023-05-09,Dakar,Dépôt,233900.0,Orange Money,M,31.0,Periurbain,Actif
TX0003358,2023-03-26,Ziguinchor,Transfert,27100.0,Free Money,M,40.0,Rural,Actif
TX0003896,2022-03-22,Tambacounda,Paiement,43000.0,Orange Money,M,27.0,Periurbain,Actif
TX0002074,2023-04-27,Ziguinchor,Dépôt,817700.0,Orange Money,M,,Rural,Actif
TX0004153,2022-07-15,Tambacounda,Paiement,1416900.0,Free Money,M,46.0,Periurbain,Actif
TX0003945,2022-01-10,Kaolack,Paiement,8200.0,Wave,F,59.0,Urbain,Actif
TX0003700,2022-12-01,Kaolack,Dépôt,35200.0,Wave,F,48.0,Rural,Actif
TX0001622,2022-11-04,Ziguinchor,Dépôt,62200.0,Wave,F,24.0,Rural,Actif
TX0000587,2022-03-12,Saint-Louis,Dépôt,30900.0,Wave,M,28.0,Urbain,Actif
TX0001401,2022-04-02,Dakar,Transfert,30500.0,Wave,M,43.0,Urbain,Actif
TX0003045,2023-01-21,Diourbel,Retrait,736200.0,Orange Money,F,62.0,Urbain,Actif
TX0003224,2022-04-01,Saint-Louis,Retrait,583900.0,Orange Money,F,53.0,Rural,Actif
TX0001700,2023-06-13,Tambacounda,Dépôt,2000.0,Wave,F,29.0,Urbain,Inactif
TX0003088,2022-11-15,Ziguinchor,Paiement,11700.0,Wizall,M,23.0,Urbain,Actif
TX0004480,2022-03-30,Ziguinchor,Transfert,29200.0,Wizall,F,36.0,Urbain,Actif
TX0002981,2022-05-09,Ziguinchor,Transfert,25300.0,Wave,F,51.0,Urbain,Actif
TX0000040,2022-03-08,Dakar,Paiement,2000000.0,Wave,,28.0,Periurbain,Actif
TX0001379,2022-11-21,Dakar,Paiement,14200.0,Wave,M,38.0,Periurbain,Inactif
TX0002089,2022-07-28,Diourbel,Transfert,36000.0,Wave,M,,Urbain,Actif
TX0003924,2023-06-26,Dakar,Retrait,168100.0,Wave,M,21.0,Urbain,Actif
TX0002175,2023-04-03,Tambacounda,Dépôt,21900.0,Orange Money,F,31.0,Rural,Actif
TX0003217,2022-01-02,Dakar,Retrait,36900.0,Orange Money,F,42.0,Periurbain,Actif
TX0002885,2023-05-30,Dakar,Recharge,59000.0,Wave,M,34.0,Periurbain,Actif
TX0000074,2023-01-22,Kaolack,Transfert,33600.0,Wave,M,61.0,Urbain,Actif
TX0004082,2022-12-09,Ziguinchor,Transfert,1400.0,Orange Money,F,43.0,Periurbain,Inactif
TX0004063,2022-05-19,TAMBACOUNDA,Dépôt,118700.0,Wizall,M,40.0,Periurbain,Inactif
TX0002657,2023-04-11,Tambacounda,Recharge,483700.0,Wave,M,32.0,Urbain,Inactif
TX0003180,2022-03-02,Tambacounda,Retrait,33700.0,Wizall,M,23.0,Periurbain,Actif
TX0002076,2022-05-11,Kaolack,Retrait,50200.0,Orange Money,M,59.0,Periurbain,Actif
TX0000441,2023-06-24,Tambacounda,Dépôt,75900.0,Orange Money,M,44.0,Urbain,Actif
TX0004160,2022-10-09,Dakar,Transfert,33600.0,Orange Money,M,60.0,Periurbain,Actif
TX0002051,2022-09-23,Thiès,Retrait,111600.0,Orange Money,F,20.0,Urbain,Actif
TX0002541,2023-02-24,TAMBACOUNDA,Retrait,40200.0,Wave,F,33.0,Urbain,Actif
TX0003306,2022-07-23,Kaolack,Retrait,6000.0,Wave,M,62.0,Rural,Suspendu
TX0001301,2023-05-28,Thiès,Retrait,131300.0,Free Money,F,46.0,Periurbain,Inactif
TX0001781,2023-05-09,Diourbel,Dépôt,29000.0,Wave,M,54.0,Periurbain,Actif
TX0004912,2022-10-20,Saint-Louis,Recharge,50000.0,Free Money,M,54.0,Urbain,Actif
TX0003430,2022-11-14,Ziguinchor,Dépôt,37300.0,Wizall,M,42.0,Rural,Inactif
TX0001304,2023-01-23,Kaolack,Retrait,29200.0,Free Money,M,35.0,Urbain,Actif
TX0000236,2022-06-03,Saint-Louis,Transfert,527600.0,Free Money,F,28.0,Urbain,Actif
TX0004262,2022-08-15,Kaolack,Dépôt,37100.0,Orange Money,,22.0,Urbain,Actif
TX0002599,2022-03-15,Kaolack,Transfert,2400.0,Wave,,33.0,Periurbain,Actif
TX0000520,2022-11-21,Saint-Louis,Paiement,164700.0,Wizall,F,28.0,Urbain,Actif
TX0002573,2022-09-18,Saint-Louis,Retrait,25700.0,Orange Money,M,,Urbain,Inactif
TX0003280,2022-09-04,Saint-Louis,Retrait,46900.0,Free Money,F,23.0,Rural,Actif
TX0003186,2022-07-15,Ziguinchor,Transfert,75500.0,Wave,F,38.0,Rural,Actif
TX0003953,2022-03-16,Kaolack,Retrait,31000.0,Free Money,M,63.0,Rural,Inactif
TX0002768,2022-10-01,Kaolack,Recharge,216900.0,Orange Money,M,43.0,Rural,Actif
TX0000735,2023-04-25,Tambacounda,Dépôt,225700.0,Orange Money,,32.0,Periurbain,Actif
TX0004800,2022-03-09,Tambacounda,Transfert,70100.0,Free Money,F,64.0,Periurbain,Suspendu
TX0002421,2022-01-13,Kaolack,Retrait,135900.0,Wave,M,57.0,Rural,Actif
TX0002106,2023-04-14,Thiès,Transfert,11900.0,Orange Money,M,42.0,Urbain,Actif
TX0002679,2022-10-10,Dakar,Retrait,75400.0,Orange Money,F,28.0,Urbain,Inactif
TX0003229,2022-05-02,Diourbel,Retrait,44500.0,Free Money,F,37.0,Rural,Actif
TX0002761,2022-01-05,Thiès,Retrait,11200.0,Wave,M,18.0,Rural,Actif
TX0000592,2022-04-10,Thiès,Recharge,145900.0,Wave,M,46.0,Rural,Actif
TX0001303,2022-10-24,Saint-Louis,Paiement,58900.0,Wave,F,43.0,Rural,Actif
TX0001387,2022-03-13,Diourbel,Dépôt,7400.0,Free Money,M,49.0,Rural,Actif
TX0004791,2023-06-06,Saint-Louis,Retrait,6300.0,Wave,M,52.0,Urbain,Inactif
TX0004619,2023-04-15,Dakar,Dépôt,140300.0,Orange Money,M,28.0,Rural,Actif
TX0001523,2022-02-25,Saint-Louis,Transfert,58400.0,Orange Money,,56.0,Rural,Actif
TX0001890,2022-02-24,Tambacounda,Recharge,15900.0,Free Money,F,57.0,Urbain,Inactif
TX0002987,2022-10-04,Dakar,Dépôt,16500.0,Wizall,M,62.0,Urbain,Actif
TX0000898,2022-01-08,Thiès,Retrait,22800.0,Wave,M,28.0,Rural,Inactif
TX0003297,2022-02-10,Ziguinchor,Dépôt,18100.0,Wave,M,37.0,Urbain,Actif
TX0000904,2022-08-19,Tambacounda,Dépôt,4400.0,Orange Money,M,52.0,Urbain,Actif
TX0004703,2022-11-22,Tambacounda,Dépôt,5600.0,Orange Money,F,45.0,Periurbain,Actif
TX0001279,2022-09-30,Thiès,Retrait,60800.0,Orange Money,F,40.0,Periurbain,Actif
TX0000933,2022-10-15,Tambacounda,Retrait,17700.0,Free Money,F,46.0,Periurbain,Suspendu
TX0004998,2023-03-23,Tambacounda,Paiement,327200.0,Wave,M,46.0,Urbain,Actif
TX0002308,2022-03-04,Kaolack,Retrait,30200.0,Wizall,M,28.0,Rural,Actif
TX0001555,2022-04-26,Saint-Louis,Transfert,27400.0,Wave,M,33.0,Periurbain,Actif
TX0004626,2022-07-01,ZIGUINCHOR,Dépôt,102200.0,Wizall,M,33.0,Rural,Actif
TX0003190,2022-06-18,Thiès,Retrait,121900.0,Orange Money,M,20.0,Rural,Actif
TX0004534,2022-10-31,Thiès,Dépôt,71900.0,Wave,M,33.0,Urbain,Actif
TX0000706,2022-06-26,Thiès,Transfert,8600.0,Wizall,M,24.0,Urbain,Actif
TX0004786,2023-04-25,Tambacounda,Paiement,98300.0,Free Money,F,41.0,Urbain,Actif
TX0003070,2023-01-22,Dakar,Dépôt,170700.0,Wave,M,41.0,Rural,Actif
TX0000745,2023-05-08,Ziguinchor,Retrait,19100.0,Wave,F,60.0,Urbain,Actif
TX0003594,2022-09-25,Saint-Louis,Recharge,35700.0,Wave,F,46.0,Urbain,Actif
TX0001939,2022-02-12,Saint-Louis,Dépôt,318400.0,Orange Money,M,55.0,Rural,Inactif
TX0004490,2022-05-23,Diourbel,Dépôt,27900.0,Wizall,M,64.0,Urbain,Actif
TX0002862,2023-06-04,Ziguinchor,Dépôt,21200.0,Wizall,F,18.0,Periurbain,Inactif
TX0001920,2023-01-16,Ziguinchor,Retrait,40100.0,Orange Money,M,35.0,Urbain,Actif
TX0000513,2023-04-19,Kaolack,Retrait,84700.0,Orange Money,F,41.0,Periurbain,Actif
TX0001308,2022-07-05,Kaolack,Dépôt,18800.0,Free Money,M,55.0,Rural,Actif
TX0000914,2022-10-29,Diourbel,Dépôt,170200.0,Orange Money,F,43.0,Urbain,Actif
TX0003452,2023-01-06,Saint-Louis,Dépôt,63100.0,Orange Money,F,47.0,Periurbain,Actif
TX0003695,2022-01-17,Saint-Louis,Transfert,38800.0,Orange Money,M,47.0,Rural,Inactif
TX0003156,2023-05-28,Thiès,Retrait,20900.0,Free Money,M,45.0,Urbain,Actif
TX0002198,2022-10-27,Diourbel,Retrait,33500.0,Orange Money,M,35.0,Periurbain,Actif
TX0000774,2023-03-13,Dakar,Retrait,1051800.0,Wave,F,31.0,Urbain,Actif
TX0000943,2023-03-30,Ziguinchor,Retrait,33900.0,Wave,M,30.0,Rural,Actif
TX0000822,2022-07-02,Dakar,Recharge,18200.0,Orange Money,M,41.0,Rural,Actif
TX0000164,2022-02-19,DIOURBEL,Retrait,42100.0,Orange Money,F,37.0,Rural,Inactif
TX0003983,2022-05-04,Dakar,Dépôt,123100.0,Wizall,F,50.0,Periurbain,Actif
TX0002538,2023-02-17,ZIGUINCHOR,Transfert,137600.0,Wave,F,49.0,Urbain,Actif
TX0004873,2022-05-10,Saint-Louis,Recharge,64800.0,Wave,F,20.0,Urbain,Suspendu
TX0001311,2023-05-05,Thiès,Dépôt,10100.0,Orange Money,M,46.0,Urbain,Actif
TX0004640,2023-06-02,Thiès,Paiement,8600.0,Orange Money,F,40.0,Periurbain,Actif
TX0004263,2022-07-31,Thiès,Retrait,35000.0,Wave,,61.0,Periurbain,Actif
TX0004741,2022-03-02,Saint-Louis,Transfert,162300.0,Orange Money,M,41.0,Rural,Actif
TX0003300,2022-08-26,Dakar,Paiement,21500.0,Wave,F,61.0,Urbain,Actif
TX0003310,2023-01-31,Tambacounda,Retrait,212800.0,Free Money,M,63.0,Urbain,Actif
TX0000327,2022-12-01,Tambacounda,Paiement,182600.0,Wizall,F,52.0,Rural,Actif
TX0002490,2022-06-06,Saint-Louis,Transfert,10100.0,Wave,M,,Urbain,Suspendu
TX0004781,2022-04-13,Ziguinchor,Retrait,87900.0,Orange Money,F,22.0,Periurbain,Actif
TX0000832,2022-03-19,Ziguinchor,Transfert,3700.0,Wave,F,30.0,Periurbain,Actif
TX0003079,2023-06-01,Ziguinchor,Dépôt,8500.0,Orange Money,F,51.0,Rural,Actif
TX0003462,2022-12-14,Saint-Louis,Dépôt,23700.0,Orange Money,M,48.0,Rural,Actif
TX0004481,2022-09-16,Dakar,Dépôt,21100.0,Free Money,,27.0,Rural,Actif
TX0000054,2022-11-24,Tambacounda,Transfert,4900.0,Orange Money,F,20.0,Urbain,Actif
TX0004064,2023-04-19,Ziguinchor,Dépôt,67600.0,Free Money,F,49.0,Periurbain,Inactif
TX0003451,2023-01-05,Kaolack,Dépôt,39600.0,Free Money,M,36.0,Rural,Actif
TX0001901,2022-01-03,Kaolack,Paiement,4700.0,Wave,F,,Rural,Inactif
TX0001481,2022-03-07,Thiès,Dépôt,53700.0,Free Money,M,48.0,Periurbain,Actif
TX0003335,2023-02-15,Ziguinchor,Retrait,55200.0,Wizall,M,55.0,Periurbain,Actif
TX0000946,2022-03-16,Saint-Louis,Retrait,78700.0,Wizall,M,55.0,Urbain,Actif
TX0003293,2022-10-24,Kaolack,Retrait,280300.0,Wizall,M,31.0,Urbain,Actif
TX0002161,2022-12-06,Saint-Louis,Dépôt,91100.0,Wizall,M,64.0,Periurbain,Actif
TX0003057,2022-02-12,Ziguinchor,Retrait,96600.0,Wave,M,40.0,Periurbain,Actif
TX0000768,2022-07-07,Ziguinchor,Dépôt,28900.0,Orange Money,F,26.0,Urbain,Inactif
TX0004799,2022-12-14,Diourbel,Dépôt,371100.0,Wave,F,,Urbain,Actif
TX0003495,2022-04-26,Thiès,Dépôt,55900.0,Wizall,M,63.0,Urbain,Actif
TX0000285,2022-01-20,Ziguinchor,Transfert,99100.0,Free Money,M,38.0,Urbain,Actif
TX0002222,2022-02-22,Saint-Louis,Dépôt,398400.0,Wizall,M,,Periurbain,Actif
TX0004541,2022-10-11,Tambacounda,Recharge,12200.0,Wizall,M,49.0,Urbain,Actif
TX0002332,2022-11-27,Saint-Louis,Recharge,36900.0,Wave,M,46.0,Periurbain,Actif
TX0002717,2023-06-17,Saint-Louis,Retrait,85700.0,Wave,M,37.0,Urbain,Suspendu
TX0002079,2023-02-27,Ziguinchor,Retrait,96700.0,Wave,M,34.0,Periurbain,Actif
TX0003389,2022-12-31,DAKAR,Paiement,142800.0,Free Money,M,60.0,Rural,Actif
TX0000722,2022-02-06,Tambacounda,Dépôt,141800.0,Free Money,F,42.0,Periurbain,Actif
TX0000951,2022-12-30,Diourbel,Retrait,51600.0,Free Money,M,31.0,Urbain,Actif
TX0004456,2023-01-14,Tambacounda,Retrait,134800.0,Wave,F,45.0,Urbain,Actif
TX0002262,2023-05-04,Dakar,Retrait,14800.0,Wizall,M,53.0,Urbain,Actif
TX0000989,2023-03-25,Saint-Louis,Transfert,4300.0,Orange Money,M,39.0,Periurbain,Inactif
TX0003212,2022-04-09,Tambacounda,Paiement,37700.0,Wizall,F,31.0,Urbain,Actif
TX0001759,2022-10-27,Tambacounda,Retrait,46100.0,Wave,M,40.0,Urbain,Actif
TX0004982,2022-12-29,Thiès,Paiement,15600.0,Orange Money,M,37.0,Urbain,Actif
TX0001724,2023-01-14,Kaolack,Dépôt,137700.0,Wave,M,27.0,Urbain,Actif
TX0000341,2022-09-16,Thiès,Retrait,192500.0,Orange Money,F,22.0,Periurbain,Actif
TX0003701,2023-01-07,Thiès,Dépôt,60400.0,Orange Money,M,23.0,Periurbain,Actif
TX0000688,2023-02-25,Thiès,Retrait,9400.0,Wave,M,,Urbain,Actif
TX0003432,2023-02-18,Diourbel,Dépôt,105300.0,Orange Money,M,37.0,Periurbain,Inactif
TX0000966,2023-01-29,Diourbel,Recharge,82600.0,Wave,F,,Periurbain,Actif
TX0004824,2022-10-25,ZIGUINCHOR,Paiement,202600.0,Free Money,F,26.0,Rural,Actif
TX0002203,2022-01-23,Tambacounda,Dépôt,46000.0,Wave,M,40.0,Rural,Actif
TX0002713,2022-07-23,Tambacounda,Dépôt,529700.0,Orange Money,F,34.0,Urbain,Inactif
TX0004874,2022-06-14,Thiès,Recharge,43400.0,Wave,M,57.0,Periurbain,Inactif
TX0003572,2023-04-05,Ziguinchor,Recharge,14600.0,Orange Money,M,43.0,Rural,Actif
TX0001990,2023-02-23,Ziguinchor,Dépôt,67700.0,Orange Money,M,38.0,Rural,Actif
TX0004120,2022-06-10,Dakar,Retrait,9900.0,Orange Money,F,23.0,Rural,Actif
TX0004575,2022-06-20,Tambacounda,Transfert,281000.0,Wave,M,62.0,Urbain,Actif
TX0004840,2023-06-07,Diourbel,Transfert,247800.0,Orange Money,F,41.0,Urbain,Actif
TX0003600,2022-03-19,Thiès,Transfert,155400.0,Orange Money,M,43.0,Urbain,Actif
TX0004660,2022-10-07,Tambacounda,Transfert,1333300.0,Wave,M,25.0,Urbain,Actif
TX0000684,2023-05-24,Thiès,Dépôt,26900.0,Wave,M,24.0,Periurbain,Actif
TX0004209,2022-02-01,Ziguinchor,Dépôt,31200.0,Wave,M,30.0,Rural,Actif
TX0000385,2023-03-16,Thiès,Dépôt,176400.0,Wizall,F,19.0,Periurbain,Actif
TX0004460,2022-08-09,Tambacounda,Retrait,126800.0,Wizall,F,58.0,Urbain,Suspendu
TX0004662,2022-09-10,Kaolack,Transfert,125000.0,Orange Money,F,38.0,Urbain,Actif
TX0000536,2023-04-10,Tambacounda,Paiement,11200.0,Wave,F,44.0,Urbain,Actif
TX0004761,2023-06-24,Dakar,Dépôt,128800.0,Orange Money,F,57.0,Periurbain,Actif
TX0003507,2022-09-12,Diourbel,Recharge,44100.0,Wave,M,24.0,Rural,Actif
TX0000201,2022-02-16,Tambacounda,Paiement,87000.0,Orange Money,F,44.0,Periurbain,Actif
TX0001332,2022-05-05,DIOURBEL,Retrait,36600.0,Orange Money,F,26.0,Urbain,Actif
TX0003502,2023-06-30,Ziguinchor,Retrait,7100.0,Wave,F,43.0,Rural,Actif
TX0002708,2022-01-10,Tambacounda,Recharge,81500.0,Free Money,M,24.0,Periurbain,Actif
TX0004021,2022-05-12,Kaolack,Recharge,144700.0,Orange Money,F,47.0,Periurbain,Actif
TX0001854,2023-05-18,Tambacounda,Transfert,2000000.0,Orange Money,M,31.0,Periurbain,Actif
TX0004562,2023-04-27,Thiès,Retrait,11500.0,Orange Money,M,,Urbain,Inactif
TX0002872,2023-05-04,Kaolack,Transfert,10800.0,Free Money,F,18.0,Urbain,Actif
TX0003030,2022-04-19,Ziguinchor,Retrait,593900.0,Wave,F,61.0,Urbain,Actif
TX0001205,2023-02-26,Dakar,Recharge,46500.0,Orange Money,F,26.0,Urbain,Actif
TX0001645,2023-02-18,Saint-Louis,Recharge,2200.0,Free Money,M,58.0,Urbain,Actif
TX0003417,2022-12-24,Kaolack,Paiement,616800.0,Wave,F,40.0,Urbain,Actif
TX0003476,2023-06-10,Saint-Louis,Dépôt,58500.0,Wizall,M,19.0,Periurbain,Actif
TX0002861,2022-06-04,Diourbel,Paiement,445700.0,Wave,M,39.0,Rural,Actif
TX0001792,2022-10-08,Kaolack,Retrait,30100.0,Wizall,M,32.0,Rural,Actif
TX0003797,2022-02-26,Kaolack,Retrait,125300.0,Wave,M,58.0,Periurbain,Inactif
TX0003368,2022-04-15,Thiès,Transfert,34900.0,Wave,M,43.0,Periurbain,Actif
TX0003367,2022-05-28,Thiès,Dépôt,18600.0,Wave,M,45.0,Urbain,Actif
TX0003533,2022-06-13,Diourbel,Dépôt,477500.0,Wave,F,21.0,Rural,Actif
TX0004483,2022-11-08,THIÈS,Transfert,57600.0,Orange Money,F,26.0,Urbain,Actif
TX0003449,2022-01-30,Saint-Louis,Recharge,65700.0,Orange Money,M,53.0,Periurbain,Actif
TX0000603,2022-02-18,Thiès,Paiement,120700.0,Orange Money,F,42.0,Urbain,Actif
TX0003056,2022-11-27,Ziguinchor,Recharge,59500.0,Orange Money,F,43.0,Urbain,Actif
TX0004450,2022-08-18,Diourbel,Retrait,395900.0,Wizall,F,22.0,Urbain,Actif
TX0000126,2023-03-24,Thiès,Paiement,14400.0,Orange Money,M,48.0,Urbain,Actif
TX0003876,2022-04-03,Ziguinchor,Paiement,34900.0,Free Money,F,42.0,Urbain,Actif
TX0002935,2022-04-02,Diourbel,Dépôt,24800.0,Wave,M,30.0,Urbain,Actif
TX0003531,2023-03-13,KAOLACK,Recharge,276300.0,Wave,M,29.0,Rural,Actif
TX0002730,2023-02-13,Kaolack,Dépôt,93200.0,Orange Money,F,40.0,Urbain,Actif
TX0000827,2022-07-09,Dakar,Dépôt,155800.0,Wizall,M,26.0,Urbain,Actif
TX0001639,2023-05-23,Dakar,Retrait,204400.0,Orange Money,F,39.0,Rural,Actif
TX0000984,2023-02-03,Ziguinchor,Retrait,35000.0,Orange Money,F,51.0,Urbain,Actif
TX0003281,2022-04-11,SAINT-LOUIS,Paiement,2000000.0,Orange Money,M,28.0,Urbain,Actif
TX0003383,2022-05-22,Dakar,Paiement,140000.0,Free Money,M,37.0,Urbain,Actif
TX0002188,2023-03-08,DIOURBEL,Paiement,86000.0,Orange Money,F,50.0,Periurbain,Actif
TX0004707,2022-04-18,Saint-Louis,Dépôt,15500.0,Wave,F,59.0,Urbain,Inactif
TX0002443,2023-04-02,Thiès,Dépôt,274200.0,Orange Money,,44.0,Periurbain,Inactif
TX0000362,2022-09-08,Tambacounda,Transfert,12500.0,Free Money,M,,Rural,Actif
TX0002349,2022-01-06,Tambacounda,Retrait,348100.0,Orange Money,M,,Urbain,Suspendu
TX0000345,2022-12-03,Kaolack,Recharge,74800.0,Orange Money,F,51.0,Periurbain,Actif
TX0000814,2023-04-21,Ziguinchor,Retrait,9900.0,Wizall,M,60.0,Rural,Actif
TX0003205,2023-04-04,Tambacounda,Dépôt,2500.0,Free Money,M,32.0,Rural,Actif
TX0004246,2022-05-18,Kaolack,Dépôt,135800.0,Wizall,M,24.0,Urbain,Inactif
TX0004893,2022-05-12,Saint-Louis,Transfert,58500.0,Wave,M,37.0,Urbain,Actif
TX0003325,2023-02-16,Kaolack,Transfert,65800.0,Orange Money,M,56.0,Rural,Suspendu
TX0004106,2023-06-13,Tambacounda,Transfert,12700.0,Wave,M,47.0,Urbain,Actif
TX0002116,2022-08-29,Kaolack,Transfert,1426000.0,Orange Money,M,,Periurbain,Actif
TX0001834,2023-03-21,Ziguinchor,Dépôt,103000.0,Orange Money,M,,Urbain,Actif
TX0000793,2022-12-01,TAMBACOUNDA,Retrait,189000.0,Wave,M,25.0,Rural,Actif
TX0002524,2023-03-17,Thiès,Dépôt,21600.0,Orange Money,F,22.0,Periurbain,Actif
TX0002674,2023-05-02,Kaolack,Dépôt,221300.0,Orange Money,M,38.0,Rural,Actif
TX0000094,2023-02-26,Dakar,Paiement,111300.0,Orange Money,F,37.0,Periurbain,Inactif
TX0004225,2023-02-04,DIOURBEL,Transfert,142500.0,Free Money,M,53.0,Urbain,Inactif
TX0003756,2022-04-11,Tambacounda,Retrait,102100.0,Orange Money,M,48.0,Urbain,Inactif
TX0002891,2023-01-15,Tambacounda,Recharge,68200.0,Orange Money,M,22.0,Urbain,Actif
TX0002371,2023-04-08,Tambacounda,Recharge,124200.0,Free Money,F,,Periurbain,Actif
TX0004235,2022-06-22,Dakar,Retrait,374700.0,Wizall,M,61.0,Urbain,Actif
TX0004524,2023-03-20,Thiès,Dépôt,123600.0,Orange Money,M,33.0,Periurbain,Inactif
TX0003228,2022-02-27,Thiès,Recharge,33500.0,Orange Money,M,55.0,Urbain,Actif
TX0002853,2023-05-18,Saint-Louis,Transfert,321000.0,Orange Money,M,44.0,Periurbain,Actif
TX0002912,2023-02-03,Diourbel,Transfert,61500.0,Orange Money,F,58.0,Urbain,Actif
TX0001865,2023-05-28,Thiès,Retrait,38800.0,Wizall,,46.0,Rural,Actif
TX0001857,2022-09-09,Ziguinchor,Dépôt,27500.0,Orange Money,F,,Urbain,Actif
TX0002645,2022-07-16,Ziguinchor,Retrait,43800.0,Wave,M,31.0,Urbain,Actif
TX0002243,2023-06-29,Thiès,Transfert,24400.0,Orange Money,M,32.0,Rural,Actif
TX0002336,2022-09-07,Tambacounda,Dépôt,14000.0,Orange Money,F,,Rural,Actif
TX0000950,2022-11-25,Diourbel,Retrait,30200.0,Orange Money,M,25.0,Periurbain,Actif
TX0003068,2022-05-18,Saint-Louis,Dépôt,84900.0,Wave,F,51.0,Rural,Inactif
TX0001120,2023-05-02,Thiès,Paiement,40000.0,Orange Money,F,24.0,Urbain,Actif
TX0002597,2022-09-29,DAKAR,Retrait,17500.0,Wave,,47.0,Rural,Actif
TX0002204,2023-02-09,Diourbel,Paiement,64600.0,Wave,F,60.0,Periurbain,Actif
TX0000419,2023-02-16,Tambacounda,Recharge,22300.0,Free Money,F,26.0,Periurbain,Inactif
TX0000922,2023-05-05,Saint-Louis,Dépôt,54700.0,Orange Money,F,36.0,Urbain,Actif
TX0001254,2023-01-11,Tambacounda,Dépôt,205900.0,Wave,F,60.0,Urbain,Actif
TX0000477,2022-10-30,Tambacounda,Dépôt,4200.0,Free Money,F,54.0,Urbain,Actif
TX0002035,2022-07-11,Dakar,Dépôt,126500.0,Free Money,M,51.0,Urbain,Actif
TX0001202,2022-01-13,Thiès,Transfert,178000.0,Wave,F,53.0,Periurbain,Actif
TX0002626,2022-02-18,Ziguinchor,Retrait,77800.0,Wave,M,35.0,Periurbain,Actif
TX0004916,2022-06-29,Tambacounda,Dépôt,8700.0,Orange Money,F,36.0,Rural,Actif
TX0001970,2022-01-14,Ziguinchor,Retrait,270800.0,Orange Money,F,58.0,Rural,Inactif
TX0003110,2022-12-15,Kaolack,Dépôt,211100.0,Orange Money,M,29.0,Rural,Actif
TX0004018,2022-06-12,Saint-Louis,Retrait,28100.0,Orange Money,M,46.0,Urbain,Actif
TX0002151,2022-04-06,Kaolack,Recharge,21000.0,Wave,F,26.0,Urbain,Actif
TX0003687,2022-07-31,Saint-Louis,Recharge,96200.0,Orange Money,M,30.0,Urbain,Suspendu
TX0001997,2022-02-07,Dakar,Retrait,871300.0,Free Money,M,60.0,Urbain,Inactif
TX0004033,2023-06-27,Ziguinchor,Paiement,88000.0,Orange Money,M,48.0,Rural,Actif
TX0003054,2022-12-26,Thiès,Recharge,150700.0,Free Money,M,32.0,Periurbain,Actif
TX0001248,2023-05-19,Thiès,Paiement,27900.0,Wave,F,35.0,Urbain,Actif
TX0002192,2023-01-02,Dakar,Recharge,22900.0,Free Money,M,33.0,Urbain,Actif
TX0002712,2022-07-10,DAKAR,Dépôt,31100.0,Orange Money,M,38.0,Rural,Actif
TX0000992,2022-05-29,Diourbel,Retrait,34500.0,Wave,F,30.0,Urbain,Actif
TX0002190,2022-05-23,Tambacounda,Retrait,563700.0,Wave,F,35.0,Urbain,Actif
TX0003762,2022-10-18,Saint-Louis,Dépôt,24000.0,Wave,F,53.0,Urbain,Actif
TX0003597,2022-10-30,Saint-Louis,Dépôt,41200.0,Wizall,M,37.0,Periurbain,Actif
TX0001318,2022-02-14,Dakar,Transfert,269200.0,Free Money,M,45.0,Urbain,Actif
TX0001863,2022-10-26,TAMBACOUNDA,Paiement,70600.0,Wave,F,55.0,Urbain,Actif
TX0002343,2022-07-14,Ziguinchor,Dépôt,28600.0,Orange Money,F,58.0,Urbain,Actif
TX0002449,2022-07-07,Dakar,Dépôt,59600.0,Free Money,M,62.0,Urbain,Actif
TX0002136,2022-02-13,Thiès,Retrait,12000.0,Wave,F,44.0,Urbain,Actif
TX0001065,2023-02-08,Ziguinchor,Paiement,107500.0,Wave,F,54.0,Urbain,Actif
TX0004268,2023-03-22,Dakar,Paiement,126400.0,Wizall,F,56.0,Rural,Actif
TX0004227,2022-12-17,Diourbel,Retrait,52200.0,Free Money,M,53.0,Periurbain,Actif
TX0002621,2023-05-03,Saint-Louis,Dépôt,350100.0,Wave,F,25.0,Rural,Actif
TX0000077,2022-02-10,Tambacounda,Retrait,53900.0,Wave,F,41.0,Rural,Actif
TX0002898,2022-08-21,Tambacounda,Dépôt,27900.0,Orange Money,M,64.0,Periurbain,Actif
TX0001314,2022-09-05,Kaolack,Retrait,36500.0,Orange Money,F,54.0,Urbain,Inactif
TX0004462,2023-06-30,Saint-Louis,Retrait,303400.0,Orange Money,F,64.0,Periurbain,Suspendu
TX0000872,2022-12-19,Kaolack,Transfert,86600.0,Free Money,M,35.0,Periurbain,Actif
TX0003850,2022-08-17,Kaolack,Dépôt,19700.0,Orange Money,F,62.0,Urbain,Actif
TX0004885,2023-04-29,Thiès,Dépôt,89600.0,Orange Money,M,59.0,Urbain,Suspendu
TX0002965,2023-01-19,Kaolack,Dépôt,39000.0,Orange Money,M,31.0,Urbain,Actif
TX0003391,2023-05-07,Saint-Louis,Retrait,319500.0,Orange Money,M,24.0,Urbain,Actif
TX0002560,2023-03-11,Saint-Louis,Retrait,101300.0,Wave,M,59.0,Rural,Actif
TX0004995,2023-05-06,Tambacounda,Transfert,881300.0,Free Money,F,38.0,Urbain,Actif
TX0002635,2022-12-31,Tambacounda,Dépôt,17900.0,Orange Money,F,44.0,Urbain,Actif
TX0003530,2022-06-02,Dakar,Retrait,13600.0,Orange Money,F,56.0,Urbain,Actif
TX0000375,2022-06-24,Ziguinchor,Paiement,231800.0,Orange Money,F,30.0,Urbain,Actif
TX0001908,2022-06-28,Kaolack,Dépôt,80200.0,Free Money,M,45.0,Periurbain,Actif
TX0004422,2022-11-24,Kaolack,Retrait,171600.0,Free Money,M,24.0,Rural,Actif
TX0004503,2022-01-04,Diourbel,Dépôt,21600.0,Free Money,F,33.0,Periurbain,Actif
TX0004027,2022-03-27,Saint-Louis,Dépôt,233100.0,Orange Money,F,63.0,Urbain,Inactif
TX0001604,2022-02-07,Ziguinchor,Dépôt,689000.0,Orange Money,F,55.0,Periurbain,Actif
TX0001118,2022-05-26,Diourbel,Transfert,41500.0,Wave,M,22.0,Urbain,Suspendu
TX0003677,2022-07-27,Dakar,Transfert,96100.0,Orange Money,F,45.0,Urbain,Actif
TX0003490,2022-02-16,Diourbel,Paiement,104100.0,Orange Money,M,54.0,Rural,Actif
TX0004962,2022-06-09,Dakar,Retrait,36000.0,Orange Money,F,44.0,Periurbain,Actif
TX0002958,2022-05-30,Ziguinchor,Retrait,186500.0,Orange Money,F,24.0,Periurbain,Actif
TX0001994,2023-02-16,Ziguinchor,Dépôt,261000.0,Wave,F,63.0,Rural,Actif
TX0001014,2023-01-21,Saint-Louis,Dépôt,47300.0,Wave,M,49.0,Periurbain,Actif
TX0004445,2023-06-20,Dakar,Recharge,93400.0,Orange Money,M,26.0,Periurbain,Actif
TX0002376,2022-06-17,Diourbel,Retrait,188900.0,Free Money,F,54.0,Urbain,Actif
TX0001342,2023-04-20,Diourbel,Transfert,417700.0,Free Money,F,52.0,Urbain,Actif
TX0000320,2022-10-28,Dakar,Dépôt,149000.0,Wizall,M,45.0,Urbain,Actif
TX0001619,2023-02-04,Saint-Louis,Dépôt,58000.0,Orange Money,F,54.0,Rural,Actif
TX0003713,2022-12-07,Dakar,Retrait,40100.0,Wave,M,46.0,Urbain,Actif
TX0002060,2022-02-04,Diourbel,Retrait,19300.0,Free Money,M,19.0,Urbain,Actif
TX0002219,2022-03-03,Thiès,Paiement,170400.0,Orange Money,M,,Urbain,Actif
TX0001673,2023-03-17,Thiès,Dépôt,2800.0,Wizall,F,51.0,Urbain,Actif
TX0000260,2022-12-03,Tambacounda,Retrait,18300.0,Wave,M,27.0,Urbain,Actif
TX0004508,2022-11-16,Diourbel,Retrait,7300.0,Wave,M,62.0,Periurbain,Actif
TX0002039,2022-05-18,Tambacounda,Dépôt,420000.0,Orange Money,M,40.0,Periurbain,Suspendu
TX0000901,2022-01-15,Tambacounda,Retrait,50500.0,Orange Money,M,20.0,Rural,Actif
TX0003744,2022-01-04,Saint-Louis,Retrait,32900.0,Orange Money,F,63.0,Rural,Actif
TX0002026,2023-02-04,Saint-Louis,Retrait,89800.0,Orange Money,F,44.0,Rural,Actif
TX0004234,2022-01-12,Kaolack,Retrait,408400.0,Wave,M,49.0,Urbain,Actif
TX0001917,2022-11-21,Kaolack,Recharge,28100.0,Orange Money,M,54.0,Periurbain,Actif
TX0001828,2023-03-13,Thiès,Recharge,577300.0,Free Money,F,49.0,Periurbain,Actif
TX0001573,2023-04-17,Kaolack,Dépôt,9700.0,Wave,M,27.0,Rural,Actif
TX0004484,2022-04-25,Kaolack,Dépôt,162200.0,Free Money,M,28.0,Rural,Actif
TX0004208,2022-02-17,Kaolack,Retrait,104900.0,Orange Money,F,33.0,Periurbain,Actif
TX0000224,2022-05-26,Saint-Louis,Transfert,41900.0,Orange Money,F,42.0,Rural,Actif
TX0000723,2023-02-10,Saint-Louis,Retrait,49500.0,Orange Money,M,26.0,Periurbain,Actif
TX0004578,2023-06-19,Dakar,Dépôt,45200.0,Wave,F,30.0,Rural,Actif
TX0001141,2022-07-10,Dakar,Dépôt,16600.0,Orange Money,M,52.0,Periurbain,Actif
TX0002762,2022-12-12,Dakar,Retrait,44400.0,Wizall,F,33.0,Rural,Actif
TX0000846,2022-02-16,Ziguinchor,Recharge,4900.0,Orange Money,F,47.0,Rural,Actif
TX0004289,2023-03-16,Thiès,Retrait,6500.0,Wizall,M,53.0,Urbain,Actif
TX0002551,2022-03-02,Diourbel,Recharge,132800.0,Wave,M,46.0,Periurbain,Actif
TX0002928,2023-02-17,Ziguinchor,Dépôt,97800.0,Wave,M,35.0,Urbain,Actif
TX0000117,2022-04-13,Ziguinchor,Paiement,45100.0,Orange Money,M,26.0,Urbain,Actif
TX0000645,2023-05-03,Kaolack,Paiement,180400.0,Orange Money,F,38.0,Rural,Actif
TX0000003,2022-11-24,DAKAR,Dépôt,179200.0,Wave,M,43.0,Periurbain,Inactif
TX0004170,2022-04-07,Tambacounda,Retrait,7300.0,Free Money,M,61.0,Urbain,Actif
TX0000467,2023-04-21,Tambacounda,Paiement,171300.0,Orange Money,M,64.0,Urbain,Actif
TX0000005,2022-03-27,Thiès,Paiement,100100.0,Wave,M,48.0,Urbain,Actif
TX0000919,2022-03-18,Dakar,Dépôt,22200.0,Wizall,M,18.0,Urbain,Inactif
TX0002595,2023-03-01,KAOLACK,Transfert,138000.0,Orange Money,M,53.0,Urbain,Actif
TX0004324,2023-03-19,Dakar,Retrait,163400.0,Wizall,F,20.0,Urbain,Actif
TX0001063,2022-08-17,Dakar,Recharge,13000.0,Free Money,F,64.0,Rural,Inactif
TX0002590,2023-03-26,Diourbel,Retrait,380200.0,Orange Money,M,53.0,Periurbain,Actif
TX0000242,2023-05-16,Diourbel,Dépôt,33700.0,Orange Money,M,53.0,Rural,Actif
TX0001160,2023-03-28,Dakar,Recharge,80700.0,Wave,F,22.0,Urbain,Actif
TX0002870,2023-05-05,Saint-Louis,Paiement,21900.0,Wizall,F,44.0,Periurbain,Actif
TX0003735,2022-09-15,Diourbel,Recharge,800.0,Wave,M,21.0,Urbain,Actif
TX0002397,2022-01-14,Kaolack,Recharge,56700.0,Orange Money,M,21.0,Urbain,Actif
TX0003517,2022-07-30,THIÈS,Dépôt,11900.0,Wave,M,26.0,Urbain,Actif
TX0003421,2022-12-08,Ziguinchor,Transfert,30800.0,Wave,M,,Rural,Actif
TX0002563,2022-02-09,Tambacounda,Dépôt,43900.0,Free Money,F,58.0,Urbain,Actif
TX0001605,2022-10-11,Saint-Louis,Transfert,105100.0,Orange Money,M,63.0,Periurbain,Actif
TX0004926,2022-09-12,Diourbel,Retrait,63200.0,Wizall,M,45.0,Urbain,Actif
TX0002324,2023-03-27,Saint-Louis,Transfert,65400.0,Free Money,M,49.0,Periurbain,Actif
TX0002709,2022-06-10,Kaolack,Paiement,39600.0,Orange Money,M,52.0,Urbain,Actif
TX0004988,2023-02-04,Kaolack,Dépôt,38600.0,Free Money,M,34.0,Urbain,Actif
TX0001312,2022-10-27,Kaolack,Dépôt,22400.0,Orange Money,F,51.0,Rural,Actif
TX0003448,2022-11-21,Diourbel,Dépôt,279100.0,Orange Money,F,57.0,Urbain,Actif
TX0003812,2022-05-04,Tambacounda,Dépôt,63900.0,Wizall,M,35.0,Urbain,Actif
TX0004751,2022-08-31,Kaolack,Transfert,51900.0,Wave,M,48.0,Urbain,Actif
TX0002362,2022-06-11,Saint-Louis,Transfert,5800.0,Free Money,M,,Rural,Actif
TX0001975,2023-05-30,Dakar,Dépôt,6300.0,Orange Money,M,,Urbain,Actif
TX0003514,2023-04-12,Saint-Louis,Transfert,20100.0,Wave,M,37.0,Urbain,Actif
TX0001761,2023-04-07,Thiès,Dépôt,29000.0,Free Money,F,59.0,Periurbain,Actif
TX0002739,2022-02-11,Ziguinchor,Recharge,82600.0,Orange Money,F,63.0,Urbain,Actif
TX0004755,2023-04-19,Thiès,Dépôt,11200.0,Free Money,F,62.0,Periurbain,Actif
TX0002472,2023-05-13,DAKAR,Transfert,92700.0,Orange Money,F,59.0,Urbain,Actif
TX0004007,2022-08-12,Kaolack,Paiement,60500.0,Wave,M,54.0,Rural,Actif
TX0001493,2022-02-10,Diourbel,Retrait,28700.0,Wizall,F,55.0,Urbain,Actif
TX0004206,2022-11-17,Diourbel,Retrait,82200.0,Orange Money,M,26.0,Rural,Actif
TX0002158,2022-09-04,Thiès,Dépôt,29600.0,Wave,M,61.0,Urbain,Actif
TX0001169,2022-06-07,Saint-Louis,Dépôt,1260800.0,Wizall,M,24.0,Urbain,Actif
TX0004609,2022-07-26,Ziguinchor,Retrait,24600.0,Orange Money,F,57.0,Rural,Actif
TX0000232,2022-11-12,Thiès,Dépôt,48500.0,Wave,F,64.0,Periurbain,Actif
TX0000066,2022-03-19,Thiès,Paiement,33300.0,Free Money,M,29.0,Urbain,Actif
TX0001603,2022-07-14,Dakar,Dépôt,8100.0,Wave,M,49.0,Urbain,Actif
TX0003283,2023-04-28,Diourbel,Recharge,15600.0,Free Money,M,33.0,Periurbain,Actif
TX0003596,2022-05-06,Thiès,Recharge,24800.0,Wave,,30.0,Rural,Actif
TX0000125,2022-08-22,Ziguinchor,Transfert,85500.0,Free Money,F,43.0,Rural,Actif
TX0001296,2022-04-02,Ziguinchor,Recharge,74300.0,Wave,M,58.0,Periurbain,Actif
TX0001976,2022-05-22,Thiès,Retrait,130000.0,Wave,F,57.0,Urbain,Actif
TX0004610,2022-07-05,Dakar,Dépôt,112700.0,Free Money,M,36.0,Urbain,Inactif
TX0004574,2023-02-20,Dakar,Retrait,19700.0,Orange Money,F,47.0,Urbain,Actif
TX0002075,2023-04-22,Kaolack,Paiement,75600.0,Wave,M,39.0,Urbain,Inactif
TX0003086,2022-08-12,Ziguinchor,Retrait,14900.0,Wave,M,56.0,Urbain,Actif
TX0004435,2022-06-03,Tambacounda,Retrait,19700.0,Orange Money,M,48.0,Rural,Actif
TX0003345,2023-01-27,Thiès,Dépôt,210400.0,Orange Money,M,55.0,Urbain,Inactif
TX0004557,2023-01-07,Thiès,Dépôt,214700.0,Orange Money,M,42.0,Rural,Actif
TX0002797,2022-12-07,Dakar,Recharge,17400.0,Orange Money,F,27.0,Urbain,Actif
TX0000918,2023-02-22,Saint-Louis,Retrait,33800.0,Wizall,F,29.0,Periurbain,Actif
TX0001646,2022-03-11,Diourbel,Dépôt,248500.0,Wave,F,31.0,Urbain,Actif
TX0000364,2023-05-30,Thiès,Dépôt,28100.0,Orange Money,M,,Urbain,Actif
TX0003287,2023-03-16,Ziguinchor,Transfert,132600.0,Wave,,27.0,Urbain,Actif
TX0002125,2023-01-01,Tambacounda,Transfert,223400.0,Free Money,M,,Periurbain,Actif
TX0004123,2023-05-08,Saint-Louis,Dépôt,66700.0,Wave,F,31.0,Urbain,Actif
TX0000525,2022-09-14,Tambacounda,Dépôt,98800.0,Wave,F,57.0,Rural,Actif
TX0000055,2023-05-20,Kaolack,Transfert,40800.0,Wizall,M,36.0,Rural,Actif
TX0000638,2022-05-28,Thiès,Dépôt,77000.0,Orange Money,M,26.0,Rural,Inactif
TX0000302,2022-10-23,Saint-Louis,Transfert,61700.0,Wave,M,54.0,Urbain,Inactif
TX0002766,2022-10-17,Kaolack,Transfert,346200.0,Wave,M,47.0,Urbain,Inactif
TX0001276,2022-05-13,Dakar,Dépôt,32300.0,Free Money,M,30.0,Periurbain,Actif
TX0002055,2023-01-01,Saint-Louis,Retrait,13900.0,Orange Money,M,23.0,Rural,Actif
TX0003644,2023-02-21,Dakar,Retrait,17200.0,Wave,F,49.0,Periurbain,Actif
TX0004143,2023-03-31,Thiès,Retrait,79400.0,Orange Money,F,63.0,Urbain,Actif
TX0002878,2022-11-20,Ziguinchor,Dépôt,653700.0,Free Money,M,42.0,Urbain,Actif
TX0004202,2022-03-10,Saint-Louis,Retrait,220000.0,Wave,M,32.0,Urbain,Suspendu
TX0002286,2023-06-16,THIÈS,Dépôt,162000.0,Orange Money,M,44.0,Urbain,Actif
TX0002261,2022-11-26,Dakar,Transfert,563000.0,Wave,F,21.0,Periurbain,Inactif
TX0002296,2022-04-30,Diourbel,Paiement,24200.0,Free Money,M,60.0,Rural,Actif
TX0001753,2022-05-12,Saint-Louis,Dépôt,112300.0,Orange Money,M,58.0,Rural,Actif
TX0001968,2022-07-02,Ziguinchor,Retrait,109900.0,Orange Money,F,30.0,Rural,Actif
TX0004441,2023-03-31,Saint-Louis,Dépôt,266000.0,Wave,M,36.0,Urbain,Actif
TX0003117,2022-01-08,Tambacounda,Dépôt,136500.0,Orange Money,M,19.0,Urbain,Suspendu
TX0002393,2022-03-19,Tambacounda,Transfert,66200.0,Orange Money,F,58.0,Urbain,Actif
TX0000523,2023-04-06,Kaolack,Dépôt,14900.0,Wizall,M,47.0,Urbain,Actif
TX0003900,2022-08-24,Thiès,Transfert,131900.0,Orange Money,M,61.0,Urbain,Actif
TX0003122,2022-02-04,Saint-Louis,Transfert,79500.0,Free Money,M,64.0,Urbain,Actif
TX0004156,2022-10-23,Tambacounda,Retrait,101000.0,Orange Money,,47.0,Urbain,Actif
TX0001969,2022-01-15,Thiès,Retrait,54000.0,Orange Money,F,19.0,Urbain,Actif
TX0000671,2023-05-06,Kaolack,Retrait,32400.0,Orange Money,M,47.0,Urbain,Actif
TX0004188,2023-01-15,Tambacounda,Transfert,43100.0,Wave,M,29.0,Urbain,Actif
TX0000666,2022-05-15,Tambacounda,Transfert,136400.0,Wave,M,56.0,Periurbain,Actif
TX0004428,2022-04-08,Tambacounda,Retrait,37700.0,Free Money,F,62.0,Periurbain,Actif
TX0001887,2022-05-15,Tambacounda,Paiement,307000.0,Orange Money,M,46.0,Periurbain,Actif
TX0003266,2022-09-17,Kaolack,Recharge,13000.0,Wave,M,30.0,Urbain,Actif
TX0000280,2023-05-02,Saint-Louis,Dépôt,59500.0,Orange Money,M,45.0,Periurbain,Actif
TX0001719,2022-05-11,Thiès,Transfert,19800.0,Orange Money,M,40.0,Periurbain,Actif
TX0002947,2022-10-06,Kaolack,Dépôt,53300.0,Wave,M,51.0,Rural,Actif
TX0000899,2022-02-16,Tambacounda,Dépôt,65600.0,Free Money,,61.0,Urbain,Actif
TX0004948,2023-03-17,Saint-Louis,Paiement,41700.0,Orange Money,,49.0,Urbain,Suspendu
TX0000760,2022-03-24,Dakar,Retrait,133200.0,Orange Money,F,64.0,Periurbain,Actif
TX0001906,2023-06-09,Ziguinchor,Recharge,19800.0,Orange Money,F,,Rural,Actif
TX0004042,2022-09-13,Diourbel,Dépôt,79700.0,Orange Money,F,53.0,Periurbain,Actif
TX0003823,2022-06-29,Dakar,Recharge,57700.0,Orange Money,F,22.0,Urbain,Actif
TX0004138,2022-12-30,Saint-Louis,Retrait,25900.0,Wave,M,26.0,Urbain,Actif
TX0003818,2023-03-25,Saint-Louis,Transfert,289800.0,Wizall,F,46.0,Periurbain,Actif
TX0004300,2022-02-14,Ziguinchor,Transfert,48600.0,Wizall,F,34.0,Urbain,Actif
TX0002593,2022-10-12,Dakar,Retrait,160200.0,Wave,F,21.0,Rural,Actif
TX0004164,2022-11-29,Tambacounda,Recharge,57200.0,Orange Money,F,63.0,Urbain,Inactif
TX0003031,2022-08-17,Tambacounda,Transfert,242000.0,Free Money,M,59.0,Rural,Actif
TX0003579,2022-09-27,Saint-Louis,Paiement,8900.0,Orange Money,M,27.0,Periurbain,Actif
TX0002832,2022-03-06,Diourbel,Dépôt,16100.0,Wizall,M,28.0,Periurbain,Actif
TX0003472,2022-11-30,Thiès,Dépôt,933400.0,Orange Money,M,38.0,Periurbain,Actif
TX0000137,2023-01-20,Kaolack,Transfert,41500.0,Orange Money,M,58.0,Rural,Suspendu
TX0002180,2022-06-17,Saint-Louis,Paiement,24000.0,Free Money,F,44.0,Urbain,Actif
TX0002128,2023-04-28,Tambacounda,Transfert,119600.0,Orange Money,M,31.0,Rural,Actif
TX0003177,2023-04-28,Tambacounda,Transfert,136600.0,Free Money,,37.0,Urbain,Actif
TX0004457,2022-03-18,Saint-Louis,Dépôt,57200.0,Orange Money,F,56.0,Urbain,Actif
TX0004261,2023-04-29,Ziguinchor,Retrait,22900.0,Wave,M,46.0,Rural,Actif
TX0004344,2022-11-18,Saint-Louis,Retrait,71800.0,Orange Money,M,53.0,Periurbain,Inactif
TX0001331,2023-01-29,Ziguinchor,Paiement,138500.0,Wizall,M,42.0,Urbain,Actif
TX0002017,2023-05-08,Kaolack,Retrait,704000.0,Free Money,F,63.0,Rural,Actif
TX0002482,2023-06-01,Kaolack,Transfert,30900.0,Free Money,F,48.0,Urbain,Actif
TX0001358,2022-06-01,Diourbel,Recharge,46600.0,Orange Money,F,36.0,Rural,Actif
TX0001329,2022-09-30,Tambacounda,Dépôt,1336400.0,Orange Money,M,44.0,Periurbain,Actif
TX0002150,2022-07-03,Tambacounda,Dépôt,49300.0,Wave,M,45.0,Rural,Inactif
TX0002122,2023-06-14,THIÈS,Recharge,74300.0,Wave,,19.0,Periurbain,Actif
TX0003981,2023-03-17,Ziguinchor,Dépôt,281300.0,Orange Money,F,47.0,Urbain,Actif
TX0001252,2022-03-06,Dakar,Transfert,6500.0,Wave,F,19.0,Urbain,Inactif
TX0003278,2022-07-02,Thiès,Dépôt,225900.0,Orange Money,F,18.0,Periurbain,Actif
TX0003374,2023-03-22,Thiès,Dépôt,19700.0,Orange Money,M,34.0,Urbain,Actif
TX0002814,2022-11-06,Tambacounda,Dépôt,90700.0,Wave,F,56.0,Urbain,Actif
TX0001848,2023-05-01,Saint-Louis,Dépôt,8500.0,Wizall,M,19.0,Urbain,Actif
TX0003037,2023-06-21,Ziguinchor,Dépôt,5800.0,Free Money,F,50.0,Urbain,Actif
TX0000388,2023-02-15,Tambacounda,Paiement,135600.0,Wave,M,56.0,Urbain,Actif
TX0000235,2023-01-31,Dakar,Dépôt,86500.0,Wave,F,35.0,Urbain,Actif
TX0001077,2023-01-07,Dakar,Dépôt,96500.0,Wizall,M,36.0,Urbain,Actif
TX0001984,2022-03-15,Ziguinchor,Dépôt,134200.0,Orange Money,F,19.0,Urbain,Actif
TX0004363,2022-10-14,Tambacounda,Paiement,156000.0,Wave,M,52.0,Rural,Actif
TX0003962,2022-01-16,Ziguinchor,Dépôt,227600.0,Orange Money,F,53.0,Urbain,Actif
TX0000770,2022-03-02,Saint-Louis,Recharge,97900.0,Orange Money,M,39.0,Rural,Actif
TX0002165,2023-06-20,Tambacounda,Paiement,21300.0,Orange Money,M,24.0,Periurbain,Actif
TX0000673,2022-10-14,Saint-Louis,Paiement,41300.0,Wave,M,59.0,Urbain,Actif
TX0000249,2023-04-12,Tambacounda,Dépôt,82100.0,Orange Money,F,43.0,Urbain,Actif
TX0001574,2022-04-29,Kaolack,Paiement,109700.0,Wave,F,63.0,Urbain,Actif
TX0003419,2022-01-08,Thiès,Paiement,132800.0,Wave,F,41.0,Periurbain,Suspendu
TX0002081,2022-02-05,Tambacounda,Retrait,43000.0,Wave,F,37.0,Periurbain,Inactif
TX0001823,2023-02-28,Thiès,Transfert,40800.0,Orange Money,M,24.0,Periurbain,Actif
TX0000716,2023-03-31,Kaolack,Dépôt,80400.0,Wizall,F,36.0,Rural,Suspendu
TX0004764,2022-10-22,Kaolack,Paiement,76600.0,Wave,M,23.0,Urbain,Actif
TX0002048,2022-10-25,Kaolack,Transfert,114200.0,Wave,F,64.0,Urbain,Actif
TX0004178,2022-06-28,Tambacounda,Dépôt,235200.0,Wave,,33.0,Periurbain,Actif
TX0002724,2022-08-06,Saint-Louis,Transfert,13300.0,Free Money,F,46.0,Rural,Actif
TX0004614,2022-05-16,Dakar,Paiement,39200.0,Free Money,M,26.0,Periurbain,Actif
TX0001460,2022-08-04,Dakar,Retrait,113700.0,Wave,M,51.0,Periurbain,Inactif
TX0001668,2022-03-05,Dakar,Dépôt,132100.0,Orange Money,F,41.0,Periurbain,Actif
TX0002756,2022-09-15,Dakar,Dépôt,15400.0,Wizall,F,54.0,Urbain,Inactif
TX0002000,2022-05-24,Thiès,Dépôt,60000.0,Orange Money,M,55.0,Urbain,Actif
TX0000404,2022-06-25,Diourbel,Dépôt,56600.0,Orange Money,F,59.0,Periurbain,Actif
TX0000384,2023-02-07,Ziguinchor,Transfert,29300.0,Wave,F,49.0,Periurbain,Actif
TX0004585,2023-06-13,Dakar,Dépôt,77200.0,Wave,M,,Urbain,Actif
TX0002152,2023-01-25,Saint-Louis,Retrait,65300.0,Wave,F,61.0,Rural,Actif
TX0001633,2023-03-12,Dakar,Transfert,5700.0,Wave,F,61.0,Periurbain,Actif
TX0004679,2022-12-12,Diourbel,Transfert,137500.0,Orange Money,M,22.0,Periurbain,Actif
TX0003925,2022-01-15,Tambacounda,Retrait,158300.0,Wave,F,47.0,Urbain,Actif
TX0004158,2023-06-08,Tambacounda,Retrait,3400.0,Free Money,F,58.0,Rural,Actif
TX0000223,2022-07-21,Kaolack,Dépôt,155200.0,Orange Money,M,41.0,Urbain,Actif
TX0002193,2022-11-03,Kaolack,Retrait,15100.0,Wave,F,62.0,Periurbain,Actif
TX0003136,2023-02-11,THIÈS,Paiement,117100.0,Wave,M,18.0,Rural,Actif
TX0004469,2023-04-27,Saint-Louis,Dépôt,200300.0,Free Money,M,36.0,Rural,Actif
TX0001824,2022-12-19,Kaolack,Transfert,127000.0,Orange Money,M,33.0,Urbain,Actif
TX0004694,2022-08-30,Thiès,Transfert,276400.0,Wave,F,23.0,Rural,Actif
TX0000797,2022-11-06,Thiès,Dépôt,138900.0,Orange Money,M,33.0,Periurbain,Inactif
TX0002871,2023-06-02,Saint-Louis,Dépôt,4800.0,Orange Money,F,40.0,Urbain,Inactif
TX0000009,2023-01-23,Kaolack,Recharge,22000.0,Orange Money,M,32.0,Periurbain,Actif
TX0001944,2023-03-08,Saint-Louis,Recharge,24700.0,Orange Money,F,64.0,Rural,Actif
TX0001838,2023-05-23,Tambacounda,Transfert,13600.0,Orange Money,M,,Rural,Actif
TX0000255,2022-11-01,Tambacounda,Retrait,9100.0,Orange Money,M,49.0,Periurbain,Actif
TX0004485,2023-02-11,Diourbel,Retrait,20200.0,Wave,F,55.0,Urbain,Actif
TX0004601,2023-03-05,Thiès,Recharge,59200.0,Wave,F,55.0,Periurbain,Actif
TX0001581,2022-08-02,Thiès,Recharge,28600.0,Orange Money,M,49.0,Urbain,Actif
TX0002956,2023-02-03,Kaolack,Transfert,57000.0,Wave,M,34.0,Rural,Actif
TX0000924,2022-08-21,Thiès,Recharge,75300.0,Orange Money,F,24.0,Urbain,Actif
TX0004521,2022-11-12,Ziguinchor,Paiement,15900.0,Free Money,M,61.0,Urbain,Actif
TX0002508,2023-04-09,Dakar,Transfert,43200.0,Orange Money,M,30.0,Urbain,Actif
TX0003775,2023-05-25,Thiès,Recharge,246300.0,Orange Money,M,37.0,Urbain,Actif
TX0004136,2023-02-03,Thiès,Transfert,92100.0,Wave,F,53.0,Urbain,Inactif
TX0002779,2022-04-25,Thiès,Paiement,220500.0,Wave,F,34.0,Periurbain,Actif
TX0000539,2022-03-12,Diourbel,Paiement,84400.0,Orange Money,M,36.0,Rural,Actif
TX0002745,2023-03-04,ZIGUINCHOR,Paiement,19700.0,Free Money,,54.0,Urbain,Actif
TX0004591,2022-04-24,Thiès,Dépôt,314800.0,Orange Money,M,36.0,Urbain,Actif
TX0004664,2023-03-30,Tambacounda,Transfert,10900.0,Orange Money,M,34.0,Periurbain,Actif
TX0001145,2023-04-26,Tambacounda,Retrait,109800.0,Orange Money,F,50.0,Urbain,Actif
TX0004468,2023-06-04,Kaolack,Dépôt,50200.0,Free Money,,28.0,Urbain,Actif
TX0000667,2022-03-29,Kaolack,Paiement,21900.0,Free Money,M,35.0,Urbain,Actif
TX0003019,2023-03-05,Dakar,Dépôt,79100.0,Orange Money,F,44.0,Urbain,Actif
TX0000357,2022-11-17,Dakar,Transfert,23100.0,Wizall,F,46.0,Periurbain,Actif
TX0002831,2022-12-29,Ziguinchor,Dépôt,14700.0,Free Money,M,32.0,Urbain,Actif
TX0002783,2023-03-10,Tambacounda,Paiement,251900.0,Wave,F,35.0,Periurbain,Suspendu
TX0001353,2023-02-01,Saint-Louis,Dépôt,48900.0,Wave,F,52.0,Urbain,Actif
TX0000470,2022-01-07,Saint-Louis,Retrait,16800.0,Free Money,M,23.0,Urbain,Actif
TX0002703,2022-01-10,Tambacounda,Paiement,518200.0,Wave,M,56.0,Urbain,Suspendu
TX0003330,2022-12-06,Thiès,Paiement,177400.0,Free Money,M,24.0,Periurbain,Actif
TX0003637,2022-01-22,Tambacounda,Paiement,10800.0,Orange Money,M,19.0,Urbain,Actif
TX0001396,2022-08-24,Ziguinchor,Transfert,39500.0,Orange Money,,22.0,Urbain,Actif
TX0003584,2022-08-11,Kaolack,Retrait,202600.0,Wave,M,59.0,Rural,Actif
TX0004579,2022-12-20,Tambacounda,Recharge,76300.0,Orange Money,M,20.0,Periurbain,Actif
TX0003376,2023-02-21,Dakar,Retrait,91700.0,Wave,M,38.0,Periurbain,Inactif
TX0001256,2022-04-20,Kaolack,Recharge,21700.0,Wave,F,21.0,Periurbain,Actif
TX0003512,2023-06-18,Tambacounda,Recharge,16900.0,Orange Money,F,43.0,Periurbain,Actif
TX0001250,2023-03-12,Dakar,Retrait,116700.0,Orange Money,M,33.0,Periurbain,Inactif
TX0004905,2022-03-30,Saint-Louis,Retrait,69300.0,Orange Money,F,24.0,Urbain,Actif
TX0004298,2022-08-25,Saint-Louis,Recharge,77300.0,Wave,M,28.0,Periurbain,Actif
TX0003284,2022-09-13,Diourbel,Dépôt,55900.0,Orange Money,F,50.0,Rural,Actif
TX0002933,2022-10-25,Dakar,Retrait,20400.0,Free Money,M,44.0,Rural,Actif
TX0004175,2023-06-29,Tambacounda,Paiement,89900.0,Orange Money,M,57.0,Periurbain,Actif
TX0001852,2023-04-17,Dakar,Transfert,42500.0,Free Money,M,32.0,Urbain,Actif
TX0004967,2023-01-27,Ziguinchor,Transfert,136100.0,Orange Money,M,33.0,Periurbain,Suspendu
TX0002105,2022-06-23,Saint-Louis,Paiement,376800.0,Orange Money,M,21.0,Periurbain,Actif
TX0000133,2022-07-04,Ziguinchor,Paiement,68600.0,Free Money,M,23.0,Urbain,Actif
TX0000928,2022-12-13,Tambacounda,Recharge,2000000.0,Free Money,F,25.0,Urbain,Actif
TX0000823,2022-08-06,Dakar,Transfert,80800.0,Orange Money,M,44.0,Urbain,Actif
TX0004978,2022-01-01,Dakar,Retrait,451300.0,Free Money,F,41.0,Urbain,Actif
TX0001531,2022-11-30,Tambacounda,Retrait,32900.0,Wave,M,56.0,Rural,Actif
TX0001214,2023-01-15,Kaolack,Transfert,70600.0,Wave,M,55.0,Rural,Actif
TX0000504,2023-01-10,Kaolack,Transfert,20900.0,Orange Money,F,34.0,Urbain,Actif
TX0004285,2022-11-22,Dakar,Recharge,824800.0,Orange Money,F,39.0,Periurbain,Actif
TX0001996,2023-06-08,Diourbel,Paiement,266600.0,Free Money,F,21.0,Urbain,Actif
TX0003072,2022-06-21,Saint-Louis,Transfert,41300.0,Wizall,,61.0,Urbain,Actif
TX0001958,2022-12-14,Tambacounda,Transfert,55000.0,Wizall,M,41.0,Urbain,Actif
TX0001384,2022-12-26,Ziguinchor,Dépôt,32200.0,Free Money,M,42.0,Urbain,Actif
TX0000894,2023-01-01,Saint-Louis,Transfert,34100.0,Free Money,M,57.0,Periurbain,Actif
TX0000455,2022-09-27,Dakar,Dépôt,18800.0,Wizall,F,44.0,Urbain,Suspendu
TX0004732,2023-02-01,Diourbel,Dépôt,39700.0,Orange Money,F,24.0,Urbain,Actif
TX0003709,2023-06-11,Diourbel,Paiement,37700.0,Orange Money,F,23.0,Urbain,Actif
TX0004713,2023-02-16,Saint-Louis,Dépôt,14600.0,Wave,M,35.0,Urbain,Inactif
TX0004268,2023-03-22,Dakar,Paiement,126400.0,Wizall,F,56.0,Rural,Actif
TX0003522,2022-05-27,Saint-Louis,Transfert,754300.0,Wave,M,20.0,Urbain,Actif
TX0004134,2022-11-21,Diourbel,Paiement,54200.0,Free Money,,64.0,Urbain,Actif
TX0003602,2022-04-12,Thiès,Transfert,213200.0,Free Money,M,53.0,Rural,Actif
TX0000713,2022-08-14,Thiès,Dépôt,794900.0,Free Money,M,56.0,Urbain,Actif
TX0004186,2022-03-12,Diourbel,Retrait,48100.0,Orange Money,M,52.0,Urbain,Inactif
TX0002214,2023-02-02,Kaolack,Dépôt,49500.0,Wave,M,57.0,Urbain,Actif
TX0002923,2022-04-10,Dakar,Retrait,206200.0,Free Money,F,30.0,Periurbain,Actif
TX0001810,2022-12-28,Dakar,Recharge,317800.0,Orange Money,M,18.0,Periurbain,Actif
TX0003486,2022-07-14,Diourbel,Dépôt,76300.0,Orange Money,F,41.0,Periurbain,Actif
TX0003141,2023-05-19,Dakar,Retrait,27400.0,Wave,M,61.0,Periurbain,Actif
TX0001827,2023-06-14,Dakar,Recharge,8500.0,Orange Money,M,31.0,Periurbain,Actif
TX0001155,2023-02-16,Dakar,Retrait,15600.0,Orange Money,M,61.0,Urbain,Actif
TX0001324,2023-06-18,Kaolack,Retrait,222000.0,Wave,M,36.0,Rural,Actif
TX0004312,2022-03-10,Kaolack,Dépôt,68700.0,Wizall,M,45.0,Rural,Actif
TX0000510,2022-12-02,Kaolack,Retrait,237900.0,Wave,F,30.0,Rural,Actif
TX0001680,2022-07-09,Saint-Louis,Dépôt,19400.0,Wave,M,23.0,Urbain,Actif
TX0000499,2023-06-24,Tambacounda,Dépôt,78300.0,Wave,M,22.0,Rural,Actif
TX0004629,2022-10-07,Ziguinchor,Dépôt,98100.0,Orange Money,F,44.0,Periurbain,Actif
TX0001856,2023-02-18,Diourbel,Dépôt,110400.0,Orange Money,F,35.0,Urbain,Suspendu
TX0001388,2023-06-15,Dakar,Retrait,31400.0,Orange Money,F,35.0,Rural,Inactif
TX0003719,2022-05-23,Diourbel,Dépôt,71000.0,Orange Money,F,39.0,Urbain,Actif
TX0002386,2022-07-23,Saint-Louis,Retrait,318200.0,Free Money,F,35.0,Rural,Actif
TX0003236,2022-05-01,TAMBACOUNDA,Retrait,36400.0,Wizall,F,18.0,Urbain,Inactif
TX0001540,2023-01-23,Dakar,Paiement,66100.0,Wave,F,30.0,Periurbain,Actif
TX0001217,2023-01-08,Diourbel,Transfert,15400.0,Wave,,56.0,Urbain,Actif
TX0002681,2023-04-03,Kaolack,Paiement,57100.0,Free Money,F,63.0,Urbain,Actif
TX0002993,2022-08-05,Ziguinchor,Dépôt,106600.0,Orange Money,F,31.0,Periurbain,Actif
TX0001191,2022-11-15,Diourbel,Recharge,103200.0,Orange Money,M,29.0,Periurbain,Actif
TX0001542,2022-11-07,Dakar,Retrait,3400.0,Orange Money,M,48.0,Urbain,Actif
TX0003301,2023-06-30,DAKAR,Retrait,27700.0,Wizall,F,49.0,Urbain,Actif
TX0003324,2023-03-04,Diourbel,Transfert,170900.0,Free Money,M,57.0,Rural,Actif
TX0002539,2023-02-25,Ziguinchor,Paiement,5300.0,Orange Money,F,26.0,Periurbain,Actif
TX0000953,2023-05-16,Saint-Louis,Transfert,59200.0,Wave,F,52.0,Periurbain,Actif
TX0004330,2022-06-03,Dakar,Transfert,31600.0,Wave,M,32.0,Rural,Actif
TX0000732,2022-12-30,Thiès,Dépôt,160700.0,Wizall,M,47.0,Rural,Actif
TX0001156,2022-03-28,Saint-Louis,Dépôt,23900.0,Orange Money,M,37.0,Rural,Actif
TX0003294,2023-06-14,Dakar,Recharge,44000.0,Wave,F,38.0,Urbain,Actif
TX0002982,2023-01-21,Diourbel,Retrait,5200.0,Orange Money,M,58.0,Urbain,Actif
TX0002156,2022-03-19,Diourbel,Transfert,79200.0,Free Money,M,36.0,Periurbain,Actif
TX0001062,2023-02-25,Saint-Louis,Recharge,144300.0,Orange Money,F,42.0,Rural,Actif
TX0002616,2022-07-17,Diourbel,Paiement,136300.0,Orange Money,M,50.0,Urbain,Actif
TX0001167,2022-10-05,Diourbel,Retrait,66000.0,Orange Money,M,64.0,Periurbain,Actif
TX0003222,2022-02-15,Ziguinchor,Retrait,24600.0,Orange Money,F,56.0,Periurbain,Actif
TX0003636,2023-05-19,Tambacounda,Transfert,30500.0,Orange Money,M,44.0,Urbain,Actif
TX0002938,2023-06-05,Thiès,Dépôt,74900.0,Wave,F,23.0,Rural,Actif
TX0004491,2023-01-16,ZIGUINCHOR,Dépôt,145700.0,Free Money,M,22.0,Periurbain,Actif
TX0003140,2022-07-22,Tambacounda,Transfert,23500.0,Wizall,F,28.0,Periurbain,Actif
TX0000143,2022-06-14,Tambacounda,Transfert,45700.0,Orange Money,F,30.0,Urbain,Actif
TX0003577,2022-09-25,Diourbel,Retrait,133800.0,Wizall,M,48.0,Urbain,Actif
TX0002782,2023-06-21,Kaolack,Dépôt,32900.0,Orange Money,F,26.0,Urbain,Actif
TX0000717,2023-06-12,Ziguinchor,Dépôt,22900.0,Orange Money,M,60.0,Urbain,Actif
TX0001819,2022-07-28,Thiès,Retrait,111300.0,Wave,M,29.0,Urbain,Actif
TX0002502,2022-11-10,Thiès,Paiement,153400.0,Orange Money,M,18.0,Rural,Actif
TX0004360,2022-02-02,Diourbel,Retrait,25200.0,Wizall,M,36.0,Urbain,Inactif
TX0004171,2023-06-25,Diourbel,Recharge,13100.0,Free Money,M,36.0,Urbain,Actif
TX0000395,2023-05-25,Tambacounda,Dépôt,109500.0,Free Money,M,38.0,Urbain,Actif
TX0004934,2022-09-25,Thiès,Retrait,43000.0,Orange Money,F,45.0,Periurbain,Actif
TX0004492,2022-11-07,Tambacounda,Transfert,42400.0,Orange Money,M,47.0,Periurbain,Actif
TX0001365,2022-03-13,Saint-Louis,Recharge,21500.0,Wave,M,46.0,Periurbain,Inactif
TX0004651,2023-01-28,Thiès,Dépôt,70500.0,Free Money,M,54.0,Rural,Actif
TX0000595,2022-09-17,Dakar,Transfert,41600.0,Orange Money,,64.0,Periurbain,Actif
TX0003952,2023-06-18,Diourbel,Retrait,5900.0,Wave,M,42.0,Periurbain,Actif
TX0002914,2022-05-03,Saint-Louis,Dépôt,71800.0,Free Money,M,,Rural,Actif
TX0002326,2023-03-26,Dakar,Retrait,191100.0,Wave,F,34.0,Periurbain,Actif
TX0003766,2022-11-23,Diourbel,Transfert,25000.0,Free Money,F,54.0,Periurbain,Actif
TX0003440,2022-07-07,Kaolack,Retrait,41100.0,Wave,F,28.0,Urbain,Suspendu
TX0003851,2022-03-05,Saint-Louis,Recharge,34900.0,Orange Money,M,49.0,Rural,Actif
TX0004132,2022-12-29,Ziguinchor,Dépôt,5000.0,Wave,M,27.0,Urbain,Actif
TX0004684,2023-03-01,Tambacounda,Transfert,39800.0,Orange Money,M,18.0,Rural,Actif
TX0002143,2022-06-21,Saint-Louis,Retrait,40100.0,Free Money,M,43.0,Urbain,Actif
TX0001571,2022-04-02,Diourbel,Transfert,81700.0,Free Money,F,53.0,Urbain,Suspendu
TX0004079,2022-05-04,Kaolack,Transfert,30400.0,Orange Money,M,32.0,Urbain,Actif
TX0001122,2023-04-17,Saint-Louis,Dépôt,146100.0,Wave,F,59.0,Urbain,Suspendu
TX0002786,2023-06-10,Saint-Louis,Dépôt,17100.0,Orange Money,M,59.0,Rural,Actif
TX0002967,2022-11-04,Ziguinchor,Paiement,20600.0,Free Money,M,43.0,Urbain,Actif
TX0002504,2022-04-20,Diourbel,Recharge,23900.0,Orange Money,M,37.0,Rural,Actif
TX0003465,2023-01-21,DAKAR,Dépôt,138600.0,Orange Money,F,54.0,Urbain,Actif
TX0000675,2023-06-22,Kaolack,Dépôt,2000.0,Wizall,F,46.0,Periurbain,Actif
TX0002808,2022-09-18,Dakar,Dépôt,175100.0,Wizall,M,36.0,Periurbain,Actif
TX0003348,2022-06-21,Ziguinchor,Transfert,1700.0,Free Money,F,34.0,Urbain,Actif
TX0000728,2022-04-21,Thiès,Dépôt,131000.0,Wave,M,55.0,Periurbain,Actif
TX0000412,2023-06-04,Ziguinchor,Paiement,97300.0,Orange Money,M,33.0,Urbain,Actif
TX0003146,2023-05-05,Diourbel,Transfert,63800.0,Orange Money,M,23.0,Urbain,Inactif
TX0001516,2022-12-21,Ziguinchor,Transfert,17300.0,Orange Money,M,20.0,Urbain,Inactif
TX0000825,2023-05-19,ZIGUINCHOR,Paiement,44200.0,Wave,M,22.0,Urbain,Actif
TX0003267,2022-11-03,Kaolack,Retrait,239300.0,Wave,F,47.0,Urbain,Suspendu
TX0003974,2022-05-29,Thiès,Transfert,43100.0,Orange Money,,31.0,Urbain,Suspendu
TX0000616,2022-02-03,Saint-Louis,Retrait,31400.0,Wave,M,47.0,Urbain,Actif
TX0000114,2022-12-13,Saint-Louis,Retrait,346200.0,Free Money,M,19.0,Urbain,Actif
TX0000417,2022-06-29,Saint-Louis,Paiement,135400.0,Free Money,F,48.0,Periurbain,Inactif
TX0003069,2023-01-05,Ziguinchor,Dépôt,62200.0,Free Money,M,27.0,Rural,Actif
TX0001625,2023-01-13,Ziguinchor,Transfert,137300.0,Wizall,M,58.0,Urbain,Actif
TX0000672,2022-02-13,Diourbel,Transfert,64000.0,Orange Money,F,27.0,Urbain,Actif
TX0004185,2022-12-12,Kaolack,Dépôt,19200.0,Orange Money,M,18.0,Urbain,Actif
TX0002896,2022-10-22,Diourbel,Dépôt,29900.0,Wave,F,21.0,Periurbain,Suspendu
TX0004767,2022-02-23,THIÈS,Recharge,21000.0,Orange Money,F,47.0,Urbain,Actif
TX0002082,2022-09-11,Thiès,Transfert,40900.0,Orange Money,F,26.0,Periurbain,Actif
TX0000753,2022-07-03,Kaolack,Dépôt,47200.0,Wave,M,54.0,Urbain,Actif
TX0002546,2022-02-12,Tambacounda,Transfert,97000.0,Wizall,M,48.0,Periurbain,Inactif
TX0003969,2022-08-06,Diourbel,Dépôt,117900.0,Orange Money,M,31.0,Rural,Actif
TX0003373,2022-12-29,Thiès,Transfert,379700.0,Wave,F,31.0,Urbain,Actif
TX0004107,2022-01-28,Dakar,Recharge,66200.0,Orange Money,M,22.0,Urbain,Actif
TX0002444,2022-08-29,Tambacounda,Transfert,58100.0,Free Money,F,18.0,Periurbain,Actif
TX0004380,2022-02-03,Ziguinchor,Dépôt,524000.0,Orange Money,F,42.0,Urbain,Actif
TX0001066,2022-05-11,Diourbel,Recharge,24800.0,Wizall,M,44.0,Periurbain,Inactif
TX0003913,2023-06-20,Saint-Louis,Recharge,21500.0,Orange Money,M,59.0,Rural,Actif
TX0003498,2022-04-18,Diourbel,Retrait,497800.0,Free Money,F,44.0,Urbain,Actif
TX0002738,2023-06-11,Ziguinchor,Dépôt,41000.0,Wave,M,29.0,Urbain,Actif
TX0004000,2022-11-09,Diourbel,Transfert,10600.0,Orange Money,F,53.0,Periurbain,Actif
TX0001568,2022-12-08,Dakar,Dépôt,70500.0,Free Money,F,27.0,Rural,Actif
TX0002427,2023-06-07,Thiès,Dépôt,35900.0,Wave,M,21.0,Urbain,Actif
TX0003746,2022-12-29,TAMBACOUNDA,Recharge,45200.0,Orange Money,M,52.0,Rural,Actif
TX0004844,2022-04-08,Diourbel,Transfert,127400.0,Free Money,M,33.0,Rural,Actif
TX0001687,2022-09-24,Dakar,Recharge,93000.0,Orange Money,F,43.0,Urbain,Actif
TX0000851,2023-02-15,Thiès,Dépôt,82200.0,Orange Money,F,24.0,Periurbain,Actif
TX0003546,2022-02-15,DAKAR,Dépôt,80900.0,Wave,M,55.0,Periurbain,Suspendu
TX0000895,2022-04-23,SAINT-LOUIS,Retrait,24100.0,Wave,M,42.0,Periurbain,Actif
TX0004592,2022-10-03,Kaolack,Recharge,273600.0,Free Money,F,55.0,Periurbain,Actif
TX0000335,2022-01-23,Dakar,Dépôt,18800.0,Free Money,M,42.0,Rural,Actif
TX0002839,2022-07-23,Dakar,Dépôt,60500.0,Orange Money,F,29.0,Periurbain,Actif
TX0003087,2022-01-09,Thiès,Retrait,88200.0,Wave,M,45.0,Periurbain,Actif
TX0004611,2022-02-04,Saint-Louis,Dépôt,60400.0,Free Money,M,55.0,Rural,Actif
TX0001348,2023-06-25,Kaolack,Paiement,395700.0,Orange Money,M,33.0,Urbain,Actif
TX0001015,2023-05-22,Kaolack,Paiement,213700.0,Orange Money,M,18.0,Periurbain,Actif
TX0002816,2022-09-30,Kaolack,Transfert,712900.0,Wave,M,51.0,Rural,Actif
TX0001631,2022-07-10,Tambacounda,Transfert,38200.0,Free Money,M,58.0,Urbain,Suspendu
TX0002489,2022-07-25,Kaolack,Paiement,2600.0,Orange Money,F,,Periurbain,Actif
TX0003730,2022-03-24,Thiès,Paiement,89400.0,Orange Money,F,31.0,Urbain,Actif
TX0003251,2022-03-05,ZIGUINCHOR,Transfert,196700.0,Wave,M,43.0,Urbain,Suspendu
TX0004731,2022-02-06,Diourbel,Dépôt,250800.0,Orange Money,F,44.0,Urbain,Actif
TX0002070,2023-02-18,Saint-Louis,Transfert,76100.0,Wave,M,,Rural,Actif
TX0004452,2023-04-01,Kaolack,Dépôt,21900.0,Orange Money,F,,Urbain,Actif
TX0004981,2022-05-13,Saint-Louis,Transfert,51600.0,Orange Money,M,19.0,Periurbain,Actif
TX0001635,2022-05-09,Tambacounda,Dépôt,75500.0,Orange Money,F,59.0,Urbain,Actif
TX0004646,2023-01-06,Tambacounda,Recharge,25900.0,Orange Money,M,46.0,Urbain,Actif
TX0002479,2023-03-11,Tambacounda,Transfert,22300.0,Wave,F,63.0,Rural,Inactif
TX0002265,2022-12-12,DIOURBEL,Recharge,69900.0,Wave,F,18.0,Periurbain,Actif
TX0002959,2023-03-18,Ziguinchor,Dépôt,64000.0,Wizall,F,20.0,Periurbain,Actif
TX0004829,2022-10-03,Thiès,Paiement,393300.0,Orange Money,F,48.0,Rural,Actif
TX0003059,2023-06-05,Ziguinchor,Paiement,7100.0,Orange Money,F,46.0,Periurbain,Actif
TX0002141,2022-10-23,Saint-Louis,Retrait,70300.0,Free Money,M,26.0,Urbain,Actif
TX0003118,2022-05-16,Ziguinchor,Transfert,378200.0,Orange Money,M,61.0,Periurbain,Actif
TX0004822,2022-07-26,Diourbel,Transfert,55400.0,Orange Money,F,34.0,Periurbain,Suspendu
TX0004045,2022-08-22,Dakar,Dépôt,39200.0,Free Money,M,47.0,Rural,Actif
TX0003356,2023-01-16,Kaolack,Recharge,25400.0,Wave,,19.0,Periurbain,Actif
TX0002744,2022-12-07,Ziguinchor,Paiement,32200.0,Orange Money,M,44.0,Urbain,Actif
TX0003506,2023-06-17,Dakar,Retrait,264200.0,Orange Money,M,52.0,Periurbain,Actif
TX0001679,2023-01-16,Dakar,Retrait,7100.0,Wave,,36.0,Urbain,Actif
TX0004249,2023-06-15,Saint-Louis,Transfert,36600.0,Orange Money,M,33.0,Rural,Actif
TX0003147,2022-12-31,Kaolack,Dépôt,169100.0,Orange Money,M,40.0,Periurbain,Actif
TX0002294,2022-01-04,Tambacounda,Transfert,28100.0,Free Money,F,44.0,Urbain,Actif
TX0000580,2022-09-09,Kaolack,Paiement,108600.0,Orange Money,F,37.0,Rural,Actif
TX0001470,2022-11-07,Diourbel,Dépôt,23900.0,Orange Money,M,63.0,Urbain,Actif
TX0004070,2022-06-27,Thiès,Paiement,52200.0,Orange Money,,55.0,Urbain,Actif
TX0003343,2022-03-27,Kaolack,Retrait,16900.0,Orange Money,M,31.0,Urbain,Actif
TX0004583,2023-02-23,Dakar,Retrait,16900.0,Wave,M,35.0,Urbain,Actif
TX0003672,2023-02-01,Saint-Louis,Dépôt,364400.0,Wave,F,34.0,Rural,Actif
TX0000559,2022-12-06,Ziguinchor,Recharge,11800.0,Orange Money,M,45.0,Urbain,Inactif
TX0002849,2022-07-16,Saint-Louis,Paiement,34700.0,Free Money,F,41.0,Periurbain,Actif
TX0000512,2023-05-26,Tambacounda,Recharge,274100.0,Wizall,F,28.0,Urbain,Actif
TX0004729,2022-04-02,Diourbel,Paiement,393800.0,Orange Money,F,63.0,Urbain,Actif
TX0001081,2022-02-18,Diourbel,Transfert,8800.0,Free Money,F,54.0,Rural,Actif
TX0001664,2023-06-27,Ziguinchor,Retrait,13000.0,Orange Money,F,47.0,Periurbain,Actif
TX0001012,2023-06-01,Saint-Louis,Dépôt,88600.0,Free Money,F,57.0,Urbain,Actif
TX0001931,2022-11-04,Thiès,Dépôt,20100.0,Wave,M,52.0,Periurbain,Actif
TX0001150,2023-01-23,KAOLACK,Dépôt,11300.0,Wave,M,39.0,Periurbain,Actif
TX0002838,2023-02-21,Dakar,Retrait,253300.0,Orange Money,M,32.0,Urbain,Actif
TX0000116,2023-03-16,Dakar,Transfert,189900.0,Free Money,M,39.0,Periurbain,Inactif
TX0000740,2022-09-11,Saint-Louis,Recharge,349800.0,Orange Money,M,32.0,Urbain,Actif
TX0004904,2023-05-22,Kaolack,Recharge,39600.0,Orange Money,M,38.0,Rural,Actif
TX0003675,2022-06-03,Ziguinchor,Transfert,360100.0,Orange Money,M,52.0,Rural,Actif
TX0000830,2022-05-03,Dakar,Recharge,129900.0,Orange Money,F,64.0,Urbain,Actif
TX0000119,2022-10-23,Tambacounda,Dépôt,83700.0,Orange Money,M,63.0,Urbain,Actif
TX0004877,2023-01-16,Thiès,Dépôt,82500.0,Wave,M,22.0,Rural,Actif
TX0004836,2022-07-26,Ziguinchor,Dépôt,240100.0,Wave,M,41.0,Periurbain,Actif
TX0000635,2022-09-02,Saint-Louis,Dépôt,532100.0,Wave,F,53.0,Urbain,Actif
TX0004465,2022-08-05,Thiès,Retrait,7700.0,Free Money,F,42.0,Periurbain,Inactif
TX0004364,2022-05-05,Diourbel,Paiement,10800.0,Wave,M,30.0,Urbain,Actif
TX0004142,2022-02-21,Thiès,Paiement,10400.0,Wave,M,34.0,Rural,Actif
TX0000991,2023-01-15,Tambacounda,Dépôt,230200.0,Orange Money,F,38.0,Urbain,Actif
TX0000876,2023-01-27,Tambacounda,Paiement,127200.0,Orange Money,F,52.0,Urbain,Actif
TX0000004,2022-03-27,Thiès,Retrait,114100.0,Wave,M,34.0,Urbain,Actif
TX0003051,2022-09-22,Kaolack,Dépôt,217200.0,Wave,F,46.0,Rural,Suspendu
TX0003124,2023-02-05,Ziguinchor,Dépôt,37700.0,Free Money,M,61.0,Rural,Actif
TX0002660,2022-09-16,Ziguinchor,Paiement,179000.0,Orange Money,F,61.0,Periurbain,Inactif
TX0002491,2022-04-22,Kaolack,Transfert,12000.0,Orange Money,M,64.0,Periurbain,Actif
TX0003854,2022-12-28,Tambacounda,Paiement,12000.0,Wizall,F,50.0,Periurbain,Suspendu
TX0001715,2023-06-29,Saint-Louis,Dépôt,56800.0,Free Money,M,29.0,Periurbain,Actif
TX0001148,2023-04-11,Ziguinchor,Transfert,6700.0,Wave,M,54.0,Periurbain,Actif
TX0003261,2022-10-05,Dakar,Recharge,21800.0,Orange Money,M,20.0,Periurbain,Actif
TX0000574,2023-04-17,Dakar,Recharge,36300.0,Orange Money,M,58.0,Rural,Actif
TX0003769,2022-03-05,DAKAR,Dépôt,12100.0,Orange Money,F,50.0,Periurbain,Actif
TX0003736,2022-12-29,Diourbel,Dépôt,25800.0,Free Money,,35.0,Rural,Actif
TX0004146,2022-02-26,Thiès,Retrait,101600.0,Orange Money,F,19.0,Periurbain,Actif
TX0000853,2023-05-07,Ziguinchor,Retrait,13100.0,Wave,M,19.0,Urbain,Actif
TX0001982,2022-09-08,Tambacounda,Dépôt,7300.0,Free Money,M,25.0,Urbain,Actif
TX0002774,2022-10-26,Diourbel,Paiement,210700.0,Orange Money,F,64.0,Urbain,Actif
TX0001166,2023-04-01,Kaolack,Retrait,16500.0,Wave,F,26.0,Periurbain,Actif
TX0000971,2023-05-28,Saint-Louis,Dépôt,72400.0,Free Money,M,57.0,Rural,Actif
TX0002701,2023-06-18,Kaolack,Transfert,26800.0,Orange Money,M,61.0,Urbain,Actif
TX0004495,2022-11-30,Thiès,Dépôt,75700.0,Free Money,M,34.0,Urbain,Actif
TX0003847,2022-11-04,Thiès,Retrait,231700.0,Orange Money,F,18.0,Urbain,Inactif
TX0002368,2022-07-07,Tambacounda,Retrait,47900.0,Orange Money,F,21.0,Periurbain,Actif
TX0004115,2022-07-06,Kaolack,Transfert,42400.0,Wave,M,31.0,Periurbain,Actif
TX0004131,2022-04-30,Thiès,Dépôt,23100.0,Free Money,F,41.0,Urbain,Actif
TX0002950,2023-03-29,Diourbel,Recharge,13400.0,Orange Money,M,,Urbain,Actif
TX0000524,2023-04-04,Diourbel,Dépôt,166100.0,Orange Money,M,36.0,Periurbain,Actif
TX0002455,2022-03-18,Tambacounda,Paiement,12800.0,Orange Money,M,27.0,Urbain,Inactif
TX0001841,2022-08-25,Dakar,Retrait,742600.0,Orange Money,M,19.0,Rural,Actif
TX0000537,2022-05-16,Thiès,Recharge,212100.0,Wave,F,64.0,Urbain,Actif
TX0002806,2023-02-19,Thiès,Retrait,32600.0,Wave,F,43.0,Rural,Actif
TX0004341,2022-01-27,Tambacounda,Paiement,1800.0,Wizall,F,21.0,Urbain,Actif
TX0003175,2022-04-12,Tambacounda,Transfert,38600.0,Orange Money,M,,Rural,Actif
TX0000784,2022-04-10,Dakar,Dépôt,77100.0,Wave,M,18.0,Urbain,Actif
TX0004057,2022-01-22,Diourbel,Dépôt,724600.0,Orange Money,F,20.0,Periurbain,Inactif
TX0001409,2023-04-20,Kaolack,Retrait,94000.0,Wave,M,36.0,Urbain,Actif
TX0002537,2022-03-20,Kaolack,Dépôt,85300.0,Free Money,M,41.0,Urbain,Actif
TX0000154,2023-06-24,Diourbel,Paiement,122300.0,Free Money,F,46.0,Periurbain,Actif
TX0003009,2022-01-29,Thiès,Transfert,244100.0,Orange Money,F,19.0,Urbain,Actif
TX0001686,2023-05-20,Diourbel,Retrait,22600.0,Wizall,M,30.0,Periurbain,Actif
TX0002901,2023-02-23,Tambacounda,Paiement,21600.0,Free Money,M,41.0,Rural,Actif
TX0003859,2023-04-02,Thiès,Dépôt,26500.0,Free Money,F,60.0,Periurbain,Actif
TX0004721,2022-01-30,TAMBACOUNDA,Transfert,441000.0,Wizall,M,64.0,Urbain,Actif
TX0003863,2022-05-20,Ziguinchor,Retrait,30800.0,Orange Money,F,49.0,Rural,Actif
TX0002733,2023-06-08,DAKAR,Retrait,152100.0,Orange Money,M,55.0,Urbain,Actif
TX0001895,2023-02-05,Thiès,Dépôt,338800.0,Orange Money,,23.0,Rural,Suspendu
TX0000569,2022-07-10,Tambacounda,Transfert,213100.0,Orange Money,M,36.0,Periurbain,Actif
TX0001816,2022-06-11,DIOURBEL,Retrait,32100.0,Orange Money,F,22.0,Rural,Actif
TX0002065,2023-03-07,Ziguinchor,Transfert,8900.0,Orange Money,M,41.0,Rural,Actif
TX0000127,2023-04-16,Tambacounda,Dépôt,212100.0,Wave,,58.0,Rural,Actif
TX0003394,2023-05-08,Diourbel,Dépôt,57300.0,Wave,F,23.0,Urbain,Actif
TX0003327,2022-10-11,Diourbel,Paiement,22000.0,Free Money,M,38.0,Urbain,Actif
TX0003819,2022-09-19,Tambacounda,Retrait,140900.0,Orange Money,,60.0,Urbain,Actif
TX0002975,2022-01-14,Dakar,Dépôt,1293200.0,Wave,M,38.0,Urbain,Actif
TX0000980,2022-07-02,Tambacounda,Retrait,121200.0,Wizall,M,,Periurbain,Actif
TX0002300,2023-03-16,Saint-Louis,Paiement,296300.0,Wizall,M,18.0,Periurbain,Actif
TX0000190,2022-02-20,Saint-Louis,Retrait,216300.0,Free Money,F,47.0,Periurbain,Actif
TX0001139,2022-11-21,Saint-Louis,Dépôt,70500.0,Wave,F,46.0,Periurbain,Actif
TX0000699,2022-09-21,Kaolack,Dépôt,69900.0,Free Money,M,63.0,Periurbain,Actif
TX0004878,2022-07-18,Kaolack,Transfert,94600.0,Wave,M,43.0,Urbain,Actif
TX0000606,2022-04-23,Saint-Louis,Recharge,98000.0,Wizall,M,29.0,Urbain,Actif
TX0004276,2022-08-08,Dakar,Paiement,45900.0,Orange Money,F,,Periurbain,Inactif
TX0000301,2022-10-18,Thiès,Retrait,138500.0,Wave,F,42.0,Periurbain,Actif
TX0003420,2023-02-23,DAKAR,Retrait,213500.0,Orange Money,M,22.0,Periurbain,Inactif
TX0004918,2023-02-20,Tambacounda,Dépôt,85400.0,Free Money,M,19.0,Urbain,Actif
TX0001060,2023-04-23,Diourbel,Retrait,6900.0,Free Money,,26.0,Periurbain,Actif
TX0002565,2022-06-11,Thiès,Dépôt,108000.0,Wave,F,31.0,Urbain,Suspendu
TX0001109,2022-03-26,Thiès,Retrait,91300.0,Wave,F,28.0,Urbain,Actif
TX0001069,2022-06-07,Thiès,Paiement,144400.0,Orange Money,F,50.0,Rural,Actif
TX0002524,2023-03-17,Thiès,Dépôt,21600.0,Orange Money,F,22.0,Periurbain,Actif
TX0002205,2023-05-18,Diourbel,Recharge,38300.0,Orange Money,M,30.0,Urbain,Actif
TX0001243,2023-04-08,Thiès,Retrait,5700.0,Orange Money,F,52.0,Periurbain,Actif
TX0000016,2022-06-16,Dakar,Paiement,228700.0,Wave,F,44.0,Periurbain,Actif
TX0003120,2022-05-29,Diourbel,Retrait,25500.0,Wizall,M,60.0,Urbain,Actif
TX0004642,2023-04-15,KAOLACK,Retrait,43500.0,Free Money,F,42.0,Urbain,Actif
TX0004754,2023-04-17,Kaolack,Paiement,999200.0,Free Money,M,60.0,Periurbain,Actif
TX0000815,2022-10-11,Saint-Louis,Paiement,278500.0,Wave,F,38.0,Periurbain,Actif
TX0003067,2023-06-12,Tambacounda,Retrait,338500.0,Free Money,F,24.0,Periurbain,Actif
TX0004882,2023-03-15,Saint-Louis,Dépôt,172900.0,Orange Money,M,39.0,Rural,Actif
TX0000959,2023-02-08,Dakar,Paiement,17700.0,Orange Money,F,60.0,Periurbain,Actif
TX0000225,2022-05-14,Tambacounda,Recharge,44500.0,Wave,M,49.0,Rural,Actif
TX0003354,2022-04-13,Dakar,Transfert,22300.0,Orange Money,M,62.0,Urbain,Actif
TX0002485,2023-06-21,Kaolack,Retrait,362600.0,Orange Money,M,38.0,Urbain,Actif
TX0000562,2022-03-16,Dakar,Retrait,46300.0,Orange Money,F,28.0,Rural,Actif
TX0003436,2022-05-06,Dakar,Transfert,119000.0,Orange Money,F,,Rural,Actif
TX0001693,2022-03-22,Thiès,Recharge,139900.0,Wave,M,62.0,Periurbain,Actif
TX0001045,2022-12-03,Ziguinchor,Dépôt,65100.0,Wave,M,20.0,Periurbain,Actif
TX0003446,2023-03-17,Ziguinchor,Transfert,101400.0,Wave,M,63.0,Urbain,Actif
TX0004565,2023-05-06,Tambacounda,Transfert,21900.0,Wizall,M,,Urbain,Actif
TX0000954,2022-08-18,Dakar,Recharge,7900.0,Wave,M,62.0,Urbain,Actif
TX0000843,2023-06-10,Kaolack,Transfert,41500.0,Free Money,F,55.0,Rural,Actif
TX0002735,2023-03-06,Dakar,Dépôt,20400.0,Orange Money,F,38.0,Periurbain,Suspendu
TX0003458,2023-01-17,Ziguinchor,Retrait,28100.0,Orange Money,M,26.0,Urbain,Actif
TX0004735,2022-03-07,SAINT-LOUIS,Paiement,102200.0,Free Money,M,28.0,Rural,Actif
TX0004921,2023-02-08,Dakar,Retrait,8200.0,Orange Money,F,48.0,Periurbain,Actif
TX0001218,2022-12-25,Tambacounda,Retrait,83100.0,Free Money,F,27.0,Urbain,Actif
TX0001527,2022-06-18,Dakar,Retrait,69500.0,Orange Money,M,37.0,Periurbain,Actif
TX0003987,2022-09-04,Tambacounda,Retrait,10100.0,Wizall,F,,Rural,Actif
TX0001300,2022-01-18,Diourbel,Transfert,147400.0,Orange Money,M,58.0,Urbain,Actif
TX0004990,2023-06-18,Kaolack,Dépôt,61500.0,Free Money,M,,Periurbain,Actif
TX0000160,2022-07-21,Diourbel,Retrait,302900.0,Free Money,F,26.0,Rural,Actif
TX0004067,2023-06-20,Tambacounda,Recharge,206300.0,Orange Money,M,55.0,Urbain,Actif
TX0000956,2022-10-11,Thiès,Transfert,133900.0,Wizall,M,58.0,Periurbain,Suspendu
TX0003791,2022-02-06,Thiès,Retrait,60000.0,Orange Money,M,42.0,Rural,Actif
TX0003234,2022-08-02,Diourbel,Dépôt,248800.0,Free Money,,41.0,Rural,Actif
TX0002869,2022-07-13,Ziguinchor,Dépôt,10700.0,Wizall,F,29.0,Urbain,Actif
TX0003777,2022-11-06,Diourbel,Recharge,13600.0,Orange Money,M,64.0,Urbain,Actif
TX0004433,2023-05-20,Dakar,Retrait,46800.0,Orange Money,M,34.0,Periurbain,Actif
TX0002961,2022-07-08,Thiès,Dépôt,34200.0,Orange Money,M,33.0,Urbain,Actif
TX0002200,2023-06-19,Diourbel,Recharge,58700.0,Free Money,F,39.0,Rural,Actif
TX0000098,2022-01-14,Saint-Louis,Retrait,76600.0,Wizall,M,38.0,Periurbain,Actif
TX0002557,2022-06-13,Thiès,Retrait,39000.0,Wizall,F,40.0,Urbain,Actif
TX0003183,2022-05-17,Tambacounda,Paiement,5900.0,Orange Money,M,34.0,Periurbain,Actif
TX0000253,2022-06-23,ZIGUINCHOR,Dépôt,33000.0,Free Money,M,25.0,Periurbain,Actif
TX0003923,2022-05-26,Thiès,Retrait,17700.0,Orange Money,M,25.0,Periurbain,Actif
TX0004199,2022-12-04,Tambacounda,Transfert,24800.0,Orange Money,M,46.0,Urbain,Actif
TX0001445,2022-04-07,Kaolack,Retrait,9700.0,Orange Money,F,61.0,Rural,Actif
TX0001648,2023-03-04,Diourbel,Retrait,30800.0,Orange Money,M,50.0,Urbain,Actif
TX0004682,2023-05-31,Ziguinchor,Paiement,204100.0,Wave,M,46.0,Periurbain,Actif
TX0004723,2022-08-18,TAMBACOUNDA,Transfert,168000.0,Orange Money,M,29.0,Rural,Actif
TX0003991,2022-04-26,Diourbel,Transfert,306300.0,Wizall,F,23.0,Urbain,Suspendu
TX0001696,2022-01-15,Ziguinchor,Dépôt,39800.0,Free Money,F,27.0,Urbain,Inactif
TX0003191,2023-05-15,Diourbel,Dépôt,67500.0,Orange Money,M,53.0,Periurbain,Actif
TX0004499,2022-08-18,Diourbel,Retrait,321000.0,Orange Money,M,38.0,Rural,Actif
TX0001154,2022-12-05,Diourbel,Retrait,174000.0,Orange Money,F,31.0,Periurbain,Actif
TX0002255,2022-11-09,Ziguinchor,Retrait,33800.0,Free Money,F,36.0,Periurbain,Actif
TX0001682,2022-12-17,Ziguinchor,Dépôt,469300.0,Wizall,F,31.0,Periurbain,Actif
TX0003170,2022-12-25,Tambacounda,Dépôt,289800.0,Wave,M,35.0,Urbain,Actif
TX0002056,2022-09-10,Saint-Louis,Recharge,105000.0,Wave,M,50.0,Urbain,Actif
TX0004090,2023-02-06,Diourbel,Dépôt,325700.0,Wave,M,26.0,Urbain,Actif
TX0003108,2022-11-19,Kaolack,Retrait,191300.0,Free Money,F,42.0,Periurbain,Actif
TX0004548,2023-01-01,Ziguinchor,Retrait,273800.0,Orange Money,M,56.0,Periurbain,Inactif
TX0003723,2022-04-12,THIÈS,Recharge,129300.0,Wizall,M,49.0,Periurbain,Actif
TX0002049,2022-02-14,Diourbel,Transfert,86500.0,Orange Money,M,42.0,Urbain,Actif
TX0003643,2022-09-13,KAOLACK,Dépôt,22300.0,Wave,F,49.0,Urbain,Actif
TX0004434,2022-02-09,Tambacounda,Dépôt,11600.0,Wave,M,41.0,Periurbain,Actif
TX0000623,2022-09-23,Dakar,Dépôt,30200.0,Free Money,F,38.0,Urbain,Actif
TX0000262,2022-03-18,Diourbel,Dépôt,68400.0,Orange Money,F,23.0,Urbain,Actif
TX0003369,2023-01-15,Thiès,Dépôt,24200.0,Free Money,F,29.0,Urbain,Actif
TX0004061,2022-04-26,Saint-Louis,Transfert,141200.0,Orange Money,M,37.0,Urbain,Actif
TX0001802,2022-07-13,Kaolack,Recharge,7200.0,Wave,M,38.0,Rural,Actif
TX0004736,2022-10-08,Kaolack,Dépôt,99500.0,Orange Money,F,,Urbain,Actif
TX0004184,2022-03-14,Kaolack,Recharge,171900.0,Orange Money,F,22.0,Rural,Actif
TX0002385,2022-11-15,Diourbel,Dépôt,125800.0,Orange Money,F,47.0,Urbain,Actif
TX0001959,2023-03-06,Ziguinchor,Dépôt,2900.0,Orange Money,M,27.0,Urbain,Actif
TX0002976,2023-04-04,Thiès,Dépôt,489500.0,Orange Money,M,34.0,Urbain,Actif
TX0000488,2023-06-04,Ziguinchor,Retrait,7100.0,Orange Money,F,26.0,Periurbain,Actif
TX0001843,2022-12-02,Saint-Louis,Dépôt,121700.0,Wave,,25.0,Urbain,Actif
TX0001734,2022-03-13,Tambacounda,Transfert,74300.0,Wave,M,62.0,Rural,Actif
TX0002911,2022-01-01,Saint-Louis,Transfert,7500.0,Orange Money,F,21.0,Urbain,Actif
TX0003219,2023-02-05,Dakar,Dépôt,55900.0,Orange Money,M,45.0,Urbain,Actif
TX0000146,2022-11-30,Diourbel,Dépôt,235000.0,Orange Money,F,40.0,Periurbain,Inactif
TX0001986,2023-02-03,Ziguinchor,Paiement,247000.0,Orange Money,M,34.0,Urbain,Actif
TX0001369,2022-05-10,Kaolack,Transfert,263100.0,Wave,M,21.0,Rural,Actif
TX0002811,2022-12-17,Kaolack,Transfert,92900.0,Orange Money,F,57.0,Rural,Actif
TX0000659,2022-11-09,Ziguinchor,Transfert,184400.0,Free Money,M,56.0,Urbain,Inactif
TX0001794,2022-01-23,Saint-Louis,Dépôt,120000.0,Wave,F,35.0,Periurbain,Actif
TX0002511,2023-04-29,Dakar,Dépôt,28500.0,Orange Money,F,42.0,Urbain,Actif
TX0003397,2023-04-08,Diourbel,Recharge,256000.0,Free Money,,26.0,Rural,Actif
TX0004282,2022-04-25,Dakar,Dépôt,180800.0,Orange Money,F,44.0,Rural,Actif
TX0001147,2022-12-27,Dakar,Retrait,25400.0,Wave,F,22.0,Periurbain,Actif
TX0003272,2023-01-31,Diourbel,Retrait,60900.0,Orange Money,,63.0,Urbain,Actif
TX0000608,2022-10-03,Thiès,Recharge,318600.0,Wave,F,57.0,Urbain,Actif
TX0003582,2022-07-17,Kaolack,Retrait,54800.0,Wave,M,31.0,Urbain,Actif
TX0001930,2022-11-14,Dakar,Transfert,92300.0,Wave,F,20.0,Rural,Actif
TX0000197,2023-05-06,Ziguinchor,Recharge,60200.0,Orange Money,M,27.0,Periurbain,Actif
TX0002931,2022-12-28,Kaolack,Dépôt,34700.0,Orange Money,M,,Urbain,Actif
TX0002327,2022-01-01,Saint-Louis,Retrait,108300.0,Orange Money,M,54.0,Urbain,Inactif
TX0004389,2022-01-25,Ziguinchor,Transfert,236100.0,Orange Money,M,46.0,Periurbain,Actif
TX0000766,2023-02-22,Tambacounda,Retrait,188400.0,Wave,M,37.0,Rural,Actif
TX0004496,2022-09-25,Diourbel,Paiement,58200.0,Wave,F,48.0,Urbain,Actif
TX0004218,2023-01-13,Ziguinchor,Recharge,50500.0,Wizall,F,58.0,Urbain,Actif
TX0003255,2022-03-20,Diourbel,Transfert,52800.0,Wizall,F,35.0,Rural,Actif
TX0000202,2022-03-30,Saint-Louis,Retrait,9700.0,Wave,M,61.0,Urbain,Actif
TX0003510,2022-07-03,Thiès,Retrait,16700.0,Free Money,F,50.0,Urbain,Actif
TX0001733,2022-08-22,Diourbel,Dépôt,61300.0,Free Money,F,45.0,Urbain,Actif
TX0002777,2022-04-01,Thiès,Transfert,168000.0,Orange Money,M,60.0,Periurbain,Actif
TX0001707,2022-04-29,DIOURBEL,Paiement,184700.0,Wave,F,59.0,Urbain,Actif
TX0003474,2023-04-04,Thiès,Paiement,153000.0,Wave,F,49.0,Urbain,Actif
TX0000854,2022-04-23,Dakar,Dépôt,107300.0,Orange Money,M,25.0,Urbain,Actif
TX0004737,2022-07-10,Kaolack,Retrait,8700.0,Orange Money,F,45.0,Rural,Actif
TX0004097,2022-02-14,Ziguinchor,Dépôt,895200.0,Wizall,F,51.0,Urbain,Actif
TX0002160,2022-12-23,Saint-Louis,Recharge,15400.0,Orange Money,M,29.0,Urbain,Actif
TX0000698,2022-03-26,Thiès,Retrait,159000.0,Wave,F,33.0,Urbain,Actif
TX0001764,2022-03-24,Saint-Louis,Retrait,192600.0,Orange Money,M,56.0,Periurbain,Inactif
TX0002999,2023-04-22,Kaolack,Recharge,190600.0,Orange Money,M,41.0,Rural,Inactif
TX0003696,2023-06-10,Thiès,Retrait,335300.0,Wave,M,28.0,Urbain,Suspendu
TX0001636,2022-08-07,Dakar,Retrait,11900.0,Free Money,F,52.0,Urbain,Actif
TX0003457,2023-01-13,Saint-Louis,Dépôt,308200.0,Orange Money,M,19.0,Urbain,Actif
TX0003581,2023-04-04,Thiès,Retrait,102900.0,Orange Money,M,39.0,Urbain,Suspendu
TX0001291,2022-03-14,Tambacounda,Paiement,44000.0,Wizall,F,21.0,Rural,Actif
TX0004659,2023-01-30,Tambacounda,Transfert,24000.0,Free Money,F,55.0,Rural,Actif
TX0001853,2023-04-09,Dakar,Transfert,52700.0,Orange Money,M,38.0,Rural,Actif
TX0003763,2022-06-07,Diourbel,Transfert,41800.0,Orange Money,F,34.0,Rural,Actif
TX0003304,2022-05-01,Thiès,Retrait,52000.0,Wave,M,58.0,Periurbain,Actif
TX0000477,2022-10-30,Tambacounda,Dépôt,4200.0,Free Money,F,54.0,Urbain,Actif
TX0003743,2022-01-31,Thiès,Transfert,176800.0,Orange Money,M,62.0,Rural,Actif
TX0003445,2022-12-22,Ziguinchor,Dépôt,87300.0,Orange Money,F,35.0,Urbain,Actif
TX0001998,2022-02-01,Tambacounda,Retrait,12300.0,Orange Money,M,21.0,Periurbain,Actif
TX0000663,2022-05-10,TAMBACOUNDA,Retrait,44200.0,Orange Money,,30.0,Rural,Actif
TX0004779,2022-05-08,Kaolack,Dépôt,75400.0,Wizall,M,47.0,Urbain,Actif
TX0003748,2022-08-09,Ziguinchor,Dépôt,97900.0,Orange Money,,44.0,Urbain,Actif
TX0004413,2022-12-18,Thiès,Dépôt,188500.0,Wave,F,56.0,Rural,Actif
TX0004744,2022-05-08,Diourbel,Dépôt,15600.0,Orange Money,F,55.0,Rural,Actif
TX0000709,2023-01-08,Saint-Louis,Dépôt,127000.0,Orange Money,M,57.0,Periurbain,Actif
TX0001282,2022-11-03,Tambacounda,Paiement,2000000.0,Free Money,M,24.0,Urbain,Actif
TX0002675,2022-06-07,Saint-Louis,Paiement,1023200.0,Orange Money,M,42.0,Urbain,Actif
TX0004029,2022-07-17,Kaolack,Retrait,129800.0,Orange Money,M,35.0,Periurbain,Actif
TX0001306,2023-01-26,Kaolack,Transfert,160100.0,Free Money,M,21.0,Urbain,Actif
TX0002237,2022-04-12,Thiès,Dépôt,171500.0,Orange Money,M,19.0,Urbain,Actif
TX0003302,2022-11-02,Ziguinchor,Dépôt,138500.0,Free Money,M,18.0,Urbain,Actif
TX0002038,2022-05-04,Diourbel,Retrait,18100.0,Wave,F,46.0,Periurbain,Suspendu
TX0001529,2022-10-22,Tambacounda,Dépôt,94700.0,Free Money,F,44.0,Urbain,Actif
TX0001663,2022-09-29,TAMBACOUNDA,Transfert,78000.0,Free Money,F,42.0,Rural,Actif
TX0003024,2022-01-31,KAOLACK,Dépôt,29900.0,Orange Money,,64.0,Periurbain,Actif
TX0001756,2023-06-09,Saint-Louis,Recharge,52800.0,Wave,M,,Urbain,Actif
TX0003627,2023-04-22,Saint-Louis,Transfert,29700.0,Orange Money,F,22.0,Urbain,Actif
TX0004891,2022-01-31,KAOLACK,Dépôt,185800.0,Wave,M,37.0,Urbain,Inactif
TX0002693,2022-09-11,Ziguinchor,Retrait,37300.0,Orange Money,F,45.0,Periurbain,Suspendu
TX0003060,2022-06-12,Tambacounda,Transfert,141200.0,Free Money,M,39.0,Urbain,Actif
TX0001597,2022-02-13,Tambacounda,Dépôt,187800.0,Wave,M,61.0,Rural,Actif
TX0002729,2022-09-22,Tambacounda,Transfert,26900.0,Wave,M,19.0,Rural,Inactif
TX0002625,2023-06-12,Tambacounda,Dépôt,47500.0,Wave,M,24.0,Urbain,Actif
TX0003157,2022-02-05,Kaolack,Retrait,11100.0,Orange Money,F,49.0,Rural,Actif
TX0003314,2022-04-30,Diourbel,Retrait,54200.0,Free Money,M,63.0,Urbain,Actif
TX0001722,2022-06-15,Kaolack,Transfert,33400.0,Orange Money,M,38.0,Periurbain,Actif
TX0001059,2022-12-10,Saint-Louis,Transfert,34700.0,Free Money,M,21.0,Rural,Actif
TX0004636,2022-06-29,Diourbel,Dépôt,4000.0,Orange Money,F,47.0,Urbain,Actif
TX0003242,2022-10-23,Thiès,Dépôt,63000.0,Wave,F,38.0,Urbain,Actif
TX0001678,2022-04-05,Thiès,Retrait,40800.0,Wave,F,28.0,Periurbain,Actif
TX0001757,2022-09-24,Thiès,Dépôt,124900.0,Wizall,M,,Urbain,Actif
TX0004191,2023-04-23,Tambacounda,Transfert,539900.0,Free Money,M,60.0,Urbain,Actif
TX0000563,2022-01-08,Dakar,Paiement,94400.0,Wave,M,24.0,Urbain,Actif
TX0002790,2023-01-25,Diourbel,Retrait,71500.0,Wave,M,,Urbain,Actif
TX0000863,2022-08-30,Tambacounda,Dépôt,8800.0,Free Money,M,29.0,Urbain,Actif
TX0001484,2022-06-27,Dakar,Recharge,190400.0,Orange Money,M,42.0,Urbain,Actif
TX0000206,2022-02-25,Dakar,Retrait,32300.0,Orange Money,M,38.0,Periurbain,Actif
TX0004488,2023-03-03,Kaolack,Paiement,23900.0,Free Money,M,41.0,Urbain,Actif
TX0000870,2022-07-24,Ziguinchor,Dépôt,132100.0,Orange Money,M,26.0,Urbain,Actif
TX0004493,2023-03-12,TAMBACOUNDA,Retrait,71700.0,Wave,M,,Rural,Actif
TX0000502,2022-06-19,Kaolack,Paiement,5900.0,Orange Money,F,22.0,Periurbain,Actif
TX0001028,2022-06-24,Ziguinchor,Dépôt,374900.0,Wave,F,58.0,Periurbain,Actif
TX0003840,2022-10-18,Diourbel,Retrait,68200.0,Wave,F,62.0,Rural,Actif
TX0002690,2022-10-18,Saint-Louis,Recharge,37300.0,Wizall,F,57.0,Urbain,Actif
TX0001570,2022-11-17,TAMBACOUNDA,Transfert,128700.0,Wave,F,26.0,Urbain,Suspendu
TX0002773,2022-09-09,Ziguinchor,Transfert,104100.0,Orange Money,F,28.0,Urbain,Suspendu
TX0002731,2022-09-17,Diourbel,Recharge,69500.0,Wave,M,38.0,Periurbain,Actif
TX0000804,2022-08-20,Saint-Louis,Paiement,70700.0,Wizall,,49.0,Periurbain,Actif
TX0003645,2022-03-26,Thiès,Transfert,159800.0,Orange Money,F,,Rural,Inactif
TX0002454,2022-11-14,ZIGUINCHOR,Transfert,68900.0,Wave,F,39.0,Rural,Actif
TX0004598,2022-08-10,Diourbel,Paiement,40700.0,Free Money,F,56.0,Rural,Actif
TX0003104,2022-05-22,Diourbel,Dépôt,60800.0,Orange Money,F,55.0,Periurbain,Actif
TX0004875,2022-12-18,Ziguinchor,Recharge,66000.0,Wizall,F,23.0,Urbain,Actif
TX0000200,2022-12-18,Dakar,Dépôt,94600.0,Wave,M,28.0,Periurbain,Actif
TX0003099,2022-08-26,Ziguinchor,Paiement,36400.0,Free Money,F,52.0,Urbain,Actif
TX0002278,2022-12-13,Dakar,Retrait,252500.0,Wave,F,57.0,Urbain,Actif
TX0003561,2023-03-26,Thiès,Retrait,67500.0,Orange Money,,27.0,Urbain,Actif
TX0004474,2023-01-02,Diourbel,Retrait,55400.0,Wizall,F,38.0,Rural,Actif
TX0004514,2022-10-29,Kaolack,Dépôt,200500.0,Wave,M,38.0,Rural,Inactif
TX0000391,2022-08-14,Ziguinchor,Retrait,76100.0,Wave,F,33.0,Rural,Actif
TX0001495,2023-01-01,Ziguinchor,Transfert,247900.0,Wave,M,42.0,Periurbain,Actif
TX0002695,2022-10-11,Dakar,Dépôt,12400.0,Orange Money,,31.0,Urbain,Actif
TX0002027,2023-06-21,Saint-Louis,Transfert,29400.0,Wave,M,,Urbain,Actif
TX0002568,2023-03-16,Saint-Louis,Recharge,385200.0,Orange Money,F,37.0,Periurbain,Actif
TX0000064,2022-06-03,Tambacounda,Dépôt,2300.0,Orange Money,M,43.0,Rural,Inactif
TX0003884,2023-04-30,Ziguinchor,Dépôt,55800.0,Wizall,M,59.0,Urbain,Actif
TX0002062,2023-03-18,Thiès,Dépôt,46300.0,Free Money,M,,Urbain,Actif
TX0000492,2022-06-01,Thiès,Retrait,30800.0,Free Money,M,47.0,Rural,Actif
TX0000379,2022-06-04,Saint-Louis,Recharge,52600.0,Free Money,M,56.0,Urbain,Actif
TX0004859,2023-05-01,Dakar,Retrait,15000.0,Orange Money,M,37.0,Urbain,Inactif
TX0003993,2022-01-29,DIOURBEL,Recharge,166000.0,Wave,M,57.0,Periurbain,Actif
TX0004887,2023-01-10,Kaolack,Dépôt,13400.0,Free Money,F,43.0,Urbain,Suspendu
TX0001076,2022-07-30,Kaolack,Retrait,72100.0,Orange Money,M,57.0,Periurbain,Actif
TX0000878,2022-01-15,Ziguinchor,Transfert,49500.0,Free Money,F,63.0,Periurbain,Suspendu
TX0000337,2023-01-20,Tambacounda,Retrait,92700.0,Orange Money,F,35.0,Periurbain,Actif
TX0001016,2022-04-09,Ziguinchor,Transfert,56300.0,Free Money,M,51.0,Periurbain,Actif
TX0001275,2022-02-27,Ziguinchor,Recharge,32600.0,Free Money,M,20.0,Rural,Actif
TX0003798,2022-04-05,Thiès,Dépôt,140300.0,Orange Money,F,31.0,Rural,Actif
TX0004551,2022-01-12,Saint-Louis,Transfert,30800.0,Orange Money,F,18.0,Urbain,Actif
TX0003342,2022-12-12,Dakar,Transfert,268200.0,Orange Money,M,45.0,Rural,Actif
TX0004911,2022-10-31,Kaolack,Retrait,5400.0,Wave,M,25.0,Rural,Actif
TX0000995,2022-02-20,Tambacounda,Paiement,262000.0,Wave,M,55.0,Urbain,Actif
TX0001981,2023-03-16,Saint-Louis,Transfert,66100.0,Wave,F,51.0,Periurbain,Actif
TX0004297,2022-03-24,Saint-Louis,Paiement,18800.0,Free Money,M,48.0,Rural,Actif
TX0000161,2022-12-12,Thiès,Paiement,173400.0,Orange Money,M,50.0,Urbain,Actif
TX0004798,2022-03-09,Saint-Louis,Paiement,24300.0,Wave,M,53.0,Urbain,Actif
TX0001500,2022-10-11,Diourbel,Transfert,21600.0,Orange Money,F,21.0,Urbain,Actif
TX0003843,2022-08-12,Diourbel,Retrait,64300.0,Free Money,M,32.0,Rural,Actif
TX0002613,2023-02-10,Tambacounda,Transfert,11100.0,Wizall,M,43.0,Rural,Actif
TX0003461,2022-03-27,Diourbel,Retrait,48000.0,Free Money,M,63.0,Periurbain,Actif
TX0001021,2022-06-12,Thiès,Paiement,86800.0,Orange Money,F,39.0,Urbain,Actif
TX0003073,2022-05-29,Thiès,Dépôt,97300.0,Free Money,,44.0,Periurbain,Inactif
TX0003943,2022-08-04,Thiès,Paiement,105900.0,Orange Money,F,25.0,Periurbain,Actif
TX0001585,2022-03-16,Diourbel,Retrait,60800.0,Orange Money,F,39.0,Periurbain,Actif
TX0001955,2023-05-26,Saint-Louis,Transfert,219200.0,Orange Money,F,60.0,Urbain,Suspendu
TX0003152,2023-01-21,Dakar,Paiement,134600.0,Orange Money,M,57.0,Periurbain,Actif
TX0000034,2023-06-13,Ziguinchor,Dépôt,109900.0,Wave,F,37.0,Urbain,Actif
TX0004014,2022-12-17,Kaolack,Dépôt,57000.0,Wave,F,23.0,Urbain,Inactif
TX0000775,2022-03-24,Tambacounda,Transfert,248000.0,Orange Money,M,47.0,Urbain,Inactif
TX0002556,2022-10-13,Thiès,Retrait,55300.0,Wave,M,63.0,Periurbain,Suspendu
TX0001478,2023-03-13,Thiès,Dépôt,62400.0,Wave,F,46.0,Periurbain,Actif
TX0001363,2022-12-12,Kaolack,Dépôt,219400.0,Orange Money,F,25.0,Periurbain,Actif
TX0002612,2022-05-16,Diourbel,Dépôt,42800.0,Orange Money,F,51.0,Urbain,Actif
TX0002824,2022-06-25,Saint-Louis,Recharge,776600.0,Wave,F,40.0,Periurbain,Actif
TX0002041,2022-11-03,Thiès,Dépôt,95900.0,Wizall,M,33.0,Urbain,Actif
TX0000241,2023-06-06,Ziguinchor,Retrait,29700.0,Orange Money,F,48.0,Urbain,Inactif
TX0002061,2022-10-08,Thiès,Paiement,31000.0,Free Money,F,55.0,Urbain,Actif
TX0002363,2022-09-23,Kaolack,Dépôt,193700.0,Orange Money,F,54.0,Urbain,Actif
TX0000600,2022-04-03,Saint-Louis,Retrait,6700.0,Free Money,F,32.0,Urbain,Actif
TX0002435,2022-08-02,Kaolack,Dépôt,64700.0,Orange Money,M,52.0,Urbain,Actif
TX0002888,2023-03-20,Ziguinchor,Transfert,101800.0,Wave,M,39.0,Rural,Actif
TX0000646,2022-11-21,Dakar,Dépôt,34500.0,Orange Money,,46.0,Periurbain,Actif
TX0003890,2023-02-16,Tambacounda,Dépôt,129400.0,Free Money,M,20.0,Urbain,Actif
TX0003556,2022-05-30,Ziguinchor,Dépôt,2100.0,Orange Money,M,23.0,Periurbain,Actif
TX0003202,2022-04-17,Kaolack,Transfert,86800.0,Orange Money,F,40.0,Periurbain,Actif
TX0001528,2023-03-16,Saint-Louis,Transfert,369000.0,Orange Money,F,56.0,Periurbain,Actif
TX0001267,2022-09-20,Saint-Louis,Retrait,64500.0,Wave,M,59.0,Rural,Actif
TX0001899,2023-03-05,Tambacounda,Dépôt,14200.0,Free Money,M,64.0,Urbain,Actif
TX0004658,2022-04-14,Diourbel,Retrait,37800.0,Orange Money,M,51.0,Periurbain,Actif
TX0003005,2023-04-01,Diourbel,Transfert,175900.0,Wizall,M,,Urbain,Actif
TX0002734,2023-05-31,Dakar,Paiement,62100.0,Orange Money,M,21.0,Rural,Suspendu
TX0000189,2022-05-13,Dakar,Transfert,60000.0,Wave,F,,Rural,Actif
TX0001806,2022-12-28,Ziguinchor,Transfert,58600.0,Free Money,F,38.0,Rural,Actif
TX0000975,2022-05-24,Tambacounda,Dépôt,38100.0,Orange Money,M,50.0,Urbain,Actif
TX0002747,2022-03-22,Tambacounda,Transfert,26000.0,Free Money,M,38.0,Periurbain,Actif
TX0002047,2023-01-23,Ziguinchor,Transfert,37300.0,Wave,F,,Periurbain,Actif
TX0002558,2022-02-12,DIOURBEL,Transfert,261100.0,Free Money,M,31.0,Rural,Inactif
TX0001082,2022-08-17,Kaolack,Recharge,920300.0,Wave,M,64.0,Periurbain,Actif
TX0000474,2022-10-16,Tambacounda,Retrait,82000.0,Wave,F,27.0,Rural,Actif
TX0002904,2022-10-13,Saint-Louis,Paiement,66900.0,Orange Money,M,53.0,Urbain,Actif
TX0004843,2022-01-24,Kaolack,Dépôt,78500.0,Orange Money,F,35.0,Rural,Suspendu
TX0004117,2022-08-11,Thiès,Dépôt,18200.0,Wave,F,54.0,Urbain,Suspendu
TX0003385,2023-04-26,Kaolack,Paiement,97700.0,Wave,M,55.0,Rural,Actif
TX0004555,2022-11-05,Diourbel,Paiement,255500.0,Orange Money,M,56.0,Urbain,Actif
TX0001184,2022-02-26,Thiès,Dépôt,43100.0,Orange Money,F,22.0,Rural,Actif
TX0004229,2022-04-14,Dakar,Dépôt,272800.0,Wave,M,42.0,Urbain,Actif
TX0002433,2022-06-07,Thiès,Transfert,223700.0,Wizall,F,59.0,Rural,Actif
TX0002391,2022-04-02,Saint-Louis,Retrait,42300.0,Wave,F,28.0,Periurbain,Actif
TX0000769,2023-03-26,Ziguinchor,Recharge,121900.0,Wizall,F,62.0,Urbain,Actif
TX0001685,2023-04-17,Diourbel,Recharge,187800.0,Wave,M,55.0,Periurbain,Actif
TX0000130,2022-08-17,Diourbel,Retrait,9500.0,Orange Money,M,26.0,Periurbain,Actif
TX0002919,2022-06-15,Saint-Louis,Retrait,548900.0,Orange Money,M,26.0,Rural,Suspendu
TX0003171,2022-05-23,Tambacounda,Transfert,19200.0,Orange Money,M,38.0,Periurbain,Actif
TX0003444,2023-06-21,Thiès,Dépôt,41000.0,Wave,M,26.0,Periurbain,Actif
TX0004426,2022-05-10,Tambacounda,Dépôt,421600.0,Orange Money,,18.0,Periurbain,Actif
TX0000466,2022-06-06,Thiès,Dépôt,114600.0,Free Money,M,41.0,Rural,Actif
TX0003092,2022-08-07,Thiès,Paiement,411000.0,Free Money,M,58.0,Rural,Actif
TX0003772,2022-07-08,Ziguinchor,Paiement,284600.0,Orange Money,F,47.0,Urbain,Actif
TX0000860,2023-03-01,SAINT-LOUIS,Transfert,11200.0,Wave,M,38.0,Urbain,Suspendu
